mtllib uploads-files-4239421-torus.mtl
o Torus
usemtl DefaultMaterial
v 125 0 0
v 123.9306092262268 -0.0000026581765785474617 -16.315771639347076
v 120.60990333557129 12.499997413049197 -15.878592977937615
v 125 0 0
v 120.60990333557129 12.499997413049197 -15.878592977937615
v 121.65063619613647 12.5 -0.0000020365084757445744
v 121.65063619613647 12.5 -0.0000020365084757445744
v 120.60990333557129 12.499997413049197 -15.878592977937615
v 111.53755187988281 21.650632313661458 -14.684197853736844
v 121.65063619613647 12.5 -0.0000020365084757445744
v 111.53755187988281 21.650632313661458 -14.684197853736844
v 112.5 21.650634706020355 -0.0000035273360867248077
v 112.5 21.650634706020355 -0.0000035273360867248077
v 111.53755187988281 21.650632313661458 -14.684197853736844
v 99.14448857307434 24.999997873458785 -13.052621086471389
v 112.5 21.650634706020355 -0.0000035273360867248077
v 99.14448857307434 24.999997873458785 -13.052621086471389
v 100 25 -0.000004073016951489149
v 100 25 -0.000004073016951489149
v 99.14448857307434 24.999997873458785 -13.052621086471389
v 86.75142526626587 21.650632845296823 -11.421043227844205
v 100 25 -0.000004073016951489149
v 86.75142526626587 21.650632845296823 -11.421043227844205
v 87.5 21.650634706020355 -0.0000035273360867248077
v 87.5 21.650634706020355 -0.0000035273360867248077
v 86.75142526626587 21.650632845296823 -11.421043227844205
v 77.67907381057739 12.499998333868495 -10.226644376930153
v 87.5 21.650634706020355 -0.0000035273360867248077
v 77.67907381057739 12.499998333868495 -10.226644376930153
v 78.34936380386353 12.5 -0.0000020365084757445744
v 78.34936380386353 12.5 -0.0000020365084757445744
v 77.67907381057739 12.499998333868495 -10.226644376930153
v 74.35836791992188 -0.0000015949058469585686 -9.789462387561798
v 78.34936380386353 12.5 -0.0000020365084757445744
v 74.35836791992188 -0.0000015949058469585686 -9.789462387561798
v 75 3.0616171314629196e-15 -4.988007390167222e-22
v 75 3.0616171314629196e-15 -4.988007390167222e-22
v 74.35836791992188 -0.0000015949058469585686 -9.789462387561798
v 77.67907381057739 -12.500001666131505 -10.2266403039132
v 75 3.0616171314629196e-15 -4.988007390167222e-22
v 77.67907381057739 -12.500001666131505 -10.2266403039132
v 78.34936380386353 -12.5 0.0000020365084757445744
v 78.34936380386353 -12.5 0.0000020365084757445744
v 77.67907381057739 -12.500001666131505 -10.2266403039132
v 86.75142526626587 -21.650636566743888 -11.42103617317203
v 78.34936380386353 -12.5 0.0000020365084757445744
v 86.75142526626587 -21.650636566743888 -11.42103617317203
v 87.5 -21.650634706020355 0.0000035273360867248077
v 87.5 -21.650634706020355 0.0000035273360867248077
v 86.75142526626587 -21.650636566743888 -11.42103617317203
v 99.14448857307434 -25.000002126541215 -13.052612940437486
v 87.5 -21.650634706020355 0.0000035273360867248077
v 99.14448857307434 -25.000002126541215 -13.052612940437486
v 100 -25 0.000004073016951489149
v 100 -25 0.000004073016951489149
v 99.14448857307434 -25.000002126541215 -13.052612940437486
v 111.53755187988281 -21.650637098379253 -14.68419079906467
v 100 -25 0.000004073016951489149
v 111.53755187988281 -21.650637098379253 -14.68419079906467
v 112.5 -21.650634706020355 0.0000035273360867248077
v 112.5 -21.650634706020355 0.0000035273360867248077
v 111.53755187988281 -21.650637098379253 -14.68419079906467
v 120.60990333557129 -12.500002586950803 -15.878588904920662
v 112.5 -21.650634706020355 0.0000035273360867248077
v 120.60990333557129 -12.500002586950803 -15.878588904920662
v 121.65063619613647 -12.5 0.0000020365084757445744
v 121.65063619613647 -12.5 0.0000020365084757445744
v 120.60990333557129 -12.500002586950803 -15.878588904920662
v 123.9306092262268 -0.0000026581765785474617 -16.315771639347076
v 121.65063619613647 -12.5 0.0000020365084757445744
v 123.9306092262268 -0.0000026581765785474617 -16.315771639347076
v 125 0 0
v 123.9306092262268 -0.0000026581765785474617 -16.315771639347076
v 120.74072360992432 -0.0000052708705466411035 -32.352373003959656
v 117.50549077987671 12.49999487036181 -31.485497007783806
v 123.9306092262268 -0.0000026581765785474617 -16.315771639347076
v 117.50549077987671 12.49999487036181 -31.485497007783806
v 120.60990333557129 12.499997413049197 -15.878592977937615
v 120.60990333557129 12.499997413049197 -15.878592977937615
v 117.50549077987671 12.49999487036181 -31.485497007783806
v 108.66665840148926 21.65062996223662 -29.117140721015897
v 120.60990333557129 12.499997413049197 -15.878592977937615
v 108.66665840148926 21.65062996223662 -29.117140721015897
v 111.53755187988281 21.650632313661458 -14.684197853736844
v 111.53755187988281 21.650632313661458 -14.684197853736844
v 108.66665840148926 21.65062996223662 -29.117140721015897
v 96.59258127212524 24.999995783303564 -25.881902476184678
v 111.53755187988281 21.650632313661458 -14.684197853736844
v 96.59258127212524 24.999995783303564 -25.881902476184678
v 99.14448857307434 24.999997873458785 -13.052621086471389
v 99.14448857307434 24.999997873458785 -13.052621086471389
v 96.59258127212524 24.999995783303564 -25.881902476184678
v 84.51851010322571 21.650631016410973 -22.646664630107846
v 99.14448857307434 24.999997873458785 -13.052621086471389
v 84.51851010322571 21.650631016410973 -22.646664630107846
v 86.75142526626587 21.650632845296823 -11.421043227844205
v 86.75142526626587 21.650632845296823 -11.421043227844205
v 84.51851010322571 21.650631016410973 -22.646664630107846
v 75.67967176437378 12.499996696245072 -20.278305361684716
v 86.75142526626587 21.650632845296823 -11.421043227844205
v 75.67967176437378 12.499996696245072 -20.278305361684716
v 77.67907381057739 12.499998333868495 -10.226644376930153
v 77.67907381057739 12.499998333868495 -10.226644376930153
v 75.67967176437378 12.499996696245072 -20.278305361684716
v 72.44443893432617 -0.000003162522324923045 -19.411423802375793
v 77.67907381057739 12.499998333868495 -10.226644376930153
v 72.44443893432617 -0.000003162522324923045 -19.411423802375793
v 74.35836791992188 -0.0000015949058469585686 -9.789462387561798
v 74.35836791992188 -0.0000015949058469585686 -9.789462387561798
v 72.44443893432617 -0.000003162522324923045 -19.411423802375793
v 75.67967176437378 -12.500003303754928 -20.278301288667762
v 74.35836791992188 -0.0000015949058469585686 -9.789462387561798
v 75.67967176437378 -12.500003303754928 -20.278301288667762
v 77.67907381057739 -12.500001666131505 -10.2266403039132
v 77.67907381057739 -12.500001666131505 -10.2266403039132
v 75.67967176437378 -12.500003303754928 -20.278301288667762
v 84.51851010322571 -21.650638395629738 -22.646657575435672
v 77.67907381057739 -12.500001666131505 -10.2266403039132
v 84.51851010322571 -21.650638395629738 -22.646657575435672
v 86.75142526626587 -21.650636566743888 -11.42103617317203
v 86.75142526626587 -21.650636566743888 -11.42103617317203
v 84.51851010322571 -21.650638395629738 -22.646657575435672
v 96.59258127212524 -25.000004216696436 -25.88189433015077
v 86.75142526626587 -21.650636566743888 -11.42103617317203
v 96.59258127212524 -25.000004216696436 -25.88189433015077
v 99.14448857307434 -25.000002126541215 -13.052612940437486
v 99.14448857307434 -25.000002126541215 -13.052612940437486
v 96.59258127212524 -25.000004216696436 -25.88189433015077
v 108.66665840148926 -21.65063944980409 -29.117133666343722
v 99.14448857307434 -25.000002126541215 -13.052612940437486
v 108.66665840148926 -21.65063944980409 -29.117133666343722
v 111.53755187988281 -21.650637098379253 -14.68419079906467
v 111.53755187988281 -21.650637098379253 -14.68419079906467
v 108.66665840148926 -21.65063944980409 -29.117133666343722
v 117.50549077987671 -12.50000512963819 -31.485492934766853
v 111.53755187988281 -21.650637098379253 -14.68419079906467
v 117.50549077987671 -12.50000512963819 -31.485492934766853
v 120.60990333557129 -12.500002586950803 -15.878588904920662
v 120.60990333557129 -12.500002586950803 -15.878588904920662
v 117.50549077987671 -12.50000512963819 -31.485492934766853
v 120.74072360992432 -0.0000052708705466411035 -32.352373003959656
v 120.60990333557129 -12.500002586950803 -15.878588904920662
v 120.74072360992432 -0.0000052708705466411035 -32.352373003959656
v 123.9306092262268 -0.0000026581765785474617 -16.315771639347076
v 120.74072360992432 -0.0000052708705466411035 -32.352373003959656
v 115.48494100570679 -0.000007793379316177963 -47.835421562194824
v 112.39054203033447 12.49999241544381 -46.553676376756584
v 120.74072360992432 -0.0000052708705466411035 -32.352373003959656
v 112.39054203033447 12.49999241544381 -46.553676376756584
v 117.50549077987671 12.49999487036181 -31.485497007783806
v 117.50549077987671 12.49999487036181 -31.485497007783806
v 112.39054203033447 12.49999241544381 -46.553676376756584
v 103.93644571304321 21.650627691979263 -43.05188114517208
v 117.50549077987671 12.49999487036181 -31.485497007783806
v 103.93644571304321 21.650627691979263 -43.05188114517208
v 108.66665840148926 21.65062996223662 -29.117140721015897
v 108.66665840148926 21.65062996223662 -29.117140721015897
v 103.93644571304321 21.650627691979263 -43.05188114517208
v 92.38795638084412 24.999993765296644 -38.268340726726365
v 108.66665840148926 21.65062996223662 -29.117140721015897
v 92.38795638084412 24.999993765296644 -38.268340726726365
v 96.59258127212524 24.999995783303564 -25.881902476184678
v 96.59258127212524 24.999995783303564 -25.881902476184678
v 92.38795638084412 24.999993765296644 -38.268340726726365
v 80.83946108818054 21.650629250654738 -33.48479921691891
v 96.59258127212524 24.999995783303564 -25.881902476184678
v 80.83946108818054 21.650629250654738 -33.48479921691891
v 84.51851010322571 21.650631016410973 -22.646664630107846
v 84.51851010322571 21.650631016410973 -22.646664630107846
v 80.83946108818054 21.650629250654738 -33.48479921691891
v 72.38537669181824 12.499995115149478 -29.983001003679192
v 84.51851010322571 21.650631016410973 -22.646664630107846
v 72.38537669181824 12.499995115149478 -29.983001003679192
v 75.67967176437378 12.499996696245072 -20.278305361684716
v 75.67967176437378 12.499996696245072 -20.278305361684716
v 72.38537669181824 12.499995115149478 -29.983001003679192
v 69.29096579551697 -0.000004676027392428577 -28.701251745224
v 75.67967176437378 12.499996696245072 -20.278305361684716
v 69.29096579551697 -0.000004676027392428577 -28.701251745224
v 72.44443893432617 -0.000003162522324923045 -19.411423802375793
v 72.44443893432617 -0.000003162522324923045 -19.411423802375793
v 69.29096579551697 -0.000004676027392428577 -28.701251745224
v 72.38537669181824 -12.500004884850522 -29.98299693066224
v 72.44443893432617 -0.000003162522324923045 -19.411423802375793
v 72.38537669181824 -12.500004884850522 -29.98299693066224
v 75.67967176437378 -12.500003303754928 -20.278301288667762
v 75.67967176437378 -12.500003303754928 -20.278301288667762
v 72.38537669181824 -12.500004884850522 -29.98299693066224
v 80.83946108818054 -21.650640161385972 -33.48479216224674
v 75.67967176437378 -12.500003303754928 -20.278301288667762
v 80.83946108818054 -21.650640161385972 -33.48479216224674
v 84.51851010322571 -21.650638395629738 -22.646657575435672
v 84.51851010322571 -21.650638395629738 -22.646657575435672
v 80.83946108818054 -21.650640161385972 -33.48479216224674
v 92.38795638084412 -25.000006234703356 -38.26833258069246
v 84.51851010322571 -21.650638395629738 -22.646657575435672
v 92.38795638084412 -25.000006234703356 -38.26833258069246
v 96.59258127212524 -25.000004216696436 -25.88189433015077
v 96.59258127212524 -25.000004216696436 -25.88189433015077
v 92.38795638084412 -25.000006234703356 -38.26833258069246
v 103.93644571304321 -21.650641720061447 -43.051874090499915
v 96.59258127212524 -25.000004216696436 -25.88189433015077
v 103.93644571304321 -21.650641720061447 -43.051874090499915
v 108.66665840148926 -21.65063944980409 -29.117133666343722
v 108.66665840148926 -21.65063944980409 -29.117133666343722
v 103.93644571304321 -21.650641720061447 -43.051874090499915
v 112.39054203033447 -12.50000758455619 -46.55367230373963
v 108.66665840148926 -21.65063944980409 -29.117133666343722
v 112.39054203033447 -12.50000758455619 -46.55367230373963
v 117.50549077987671 -12.50000512963819 -31.485492934766853
v 117.50549077987671 -12.50000512963819 -31.485492934766853
v 112.39054203033447 -12.50000758455619 -46.55367230373963
v 115.48494100570679 -0.000007793379316177963 -47.835421562194824
v 117.50549077987671 -12.50000512963819 -31.485492934766853
v 115.48494100570679 -0.000007793379316177963 -47.835421562194824
v 120.74072360992432 -0.0000052708705466411035 -32.352373003959656
v 115.48494100570679 -0.000007793379316177963 -47.835421562194824
v 108.25316905975342 -0.000010182544320888701 -62.500011920928955
v 105.35253286361694 12.49999009029599 -60.82533205550567
v 115.48494100570679 -0.000007793379316177963 -47.835421562194824
v 105.35253286361694 12.49999009029599 -60.82533205550567
v 112.39054203033447 12.49999241544381 -46.553676376756584
v 112.39054203033447 12.49999241544381 -46.553676376756584
v 105.35253286361694 12.49999009029599 -60.82533205550567
v 97.42785096168518 21.65062554173027 -56.25001544826504
v 112.39054203033447 12.49999241544381 -46.553676376756584
v 97.42785096168518 21.65062554173027 -56.25001544826504
v 103.93644571304321 21.650627691979263 -43.05188114517208
v 103.93644571304321 21.650627691979263 -43.05188114517208
v 97.42785096168518 21.65062554173027 -56.25001544826504
v 86.60253286361694 24.999991853964154 -50.00001599394591
v 103.93644571304321 21.650627691979263 -43.05188114517208
v 86.60253286361694 24.999991853964154 -50.00001599394591
v 92.38795638084412 24.999993765296644 -38.268340726726365
v 92.38795638084412 24.999993765296644 -38.268340726726365
v 86.60253286361694 24.999991853964154 -50.00001599394591
v 75.7772147655487 21.650627578238748 -43.75001544826504
v 92.38795638084412 24.999993765296644 -38.268340726726365
v 75.7772147655487 21.650627578238748 -43.75001544826504
v 80.83946108818054 21.650629250654738 -33.48479921691891
v 80.83946108818054 21.650629250654738 -33.48479921691891
v 75.7772147655487 21.650627578238748 -43.75001544826504
v 67.85253286361694 12.499993617632805 -39.174692879136956
v 80.83946108818054 21.650629250654738 -33.48479921691891
v 67.85253286361694 12.499993617632805 -39.174692879136956
v 72.38537669181824 12.499995115149478 -29.983001003679192
v 72.38537669181824 12.499995115149478 -29.983001003679192
v 67.85253286361694 12.499993617632805 -39.174692879136956
v 64.95189666748047 -0.000006109526880796477 -37.500008940696716
v 72.38537669181824 12.499995115149478 -29.983001003679192
v 64.95189666748047 -0.000006109526880796477 -37.500008940696716
v 69.29096579551697 -0.000004676027392428577 -28.701251745224
v 69.29096579551697 -0.000004676027392428577 -28.701251745224
v 64.95189666748047 -0.000006109526880796477 -37.500008940696716
v 67.85253286361694 -12.500006382367195 -39.17468880612
v 69.29096579551697 -0.000004676027392428577 -28.701251745224
v 67.85253286361694 -12.500006382367195 -39.17468880612
v 72.38537669181824 -12.500004884850522 -29.98299693066224
v 72.38537669181824 -12.500004884850522 -29.98299693066224
v 67.85253286361694 -12.500006382367195 -39.17468880612
v 75.7772147655487 -21.650641833801963 -43.75000839359287
v 72.38537669181824 -12.500004884850522 -29.98299693066224
v 75.7772147655487 -21.650641833801963 -43.75000839359287
v 80.83946108818054 -21.650640161385972 -33.48479216224674
v 80.83946108818054 -21.650640161385972 -33.48479216224674
v 75.7772147655487 -21.650641833801963 -43.75000839359287
v 86.60253286361694 -25.000008146035846 -50.000007847912
v 80.83946108818054 -21.650640161385972 -33.48479216224674
v 86.60253286361694 -25.000008146035846 -50.000007847912
v 92.38795638084412 -25.000006234703356 -38.26833258069246
v 92.38795638084412 -25.000006234703356 -38.26833258069246
v 86.60253286361694 -25.000008146035846 -50.000007847912
v 97.42785096168518 -21.65064387031044 -56.25000839359287
v 92.38795638084412 -25.000006234703356 -38.26833258069246
v 97.42785096168518 -21.65064387031044 -56.25000839359287
v 103.93644571304321 -21.650641720061447 -43.051874090499915
v 103.93644571304321 -21.650641720061447 -43.051874090499915
v 97.42785096168518 -21.65064387031044 -56.25000839359287
v 105.35253286361694 -12.50000990970401 -60.825327982488716
v 103.93644571304321 -21.650641720061447 -43.051874090499915
v 105.35253286361694 -12.50000990970401 -60.825327982488716
v 112.39054203033447 -12.50000758455619 -46.55367230373963
v 112.39054203033447 -12.50000758455619 -46.55367230373963
v 105.35253286361694 -12.50000990970401 -60.825327982488716
v 108.25316905975342 -0.000010182544320888701 -62.500011920928955
v 112.39054203033447 -12.50000758455619 -46.55367230373963
v 108.25316905975342 -0.000010182544320888701 -62.500011920928955
v 115.48494100570679 -0.000007793379316177963 -47.835421562194824
v 108.25316905975342 -0.000010182544320888701 -62.500011920928955
v 99.16918277740479 -0.000012397475686962353 -76.09516382217407
v 96.5119481086731 12.499987934713328 -74.05620420974151
v 108.25316905975342 -0.000010182544320888701 -62.500011920928955
v 96.5119481086731 12.499987934713328 -74.05620420974151
v 105.35253286361694 12.49999009029599 -60.82533205550567
v 105.35253286361694 12.49999009029599 -60.82533205550567
v 96.5119481086731 12.499987934713328 -74.05620420974151
v 89.25226330757141 21.650623548292238 -68.48565096729276
v 105.35253286361694 12.49999009029599 -60.82533205550567
v 89.25226330757141 21.650623548292238 -68.48565096729276
v 97.42785096168518 21.65062554173027 -56.25001544826504
v 97.42785096168518 21.65062554173027 -56.25001544826504
v 89.25226330757141 21.650623548292238 -68.48565096729276
v 79.33534383773804 24.99999008201945 -60.87613513075621
v 97.42785096168518 21.65062554173027 -56.25001544826504
v 79.33534383773804 24.99999008201945 -60.87613513075621
v 86.60253286361694 24.999991853964154 -50.00001599394591
v 86.60253286361694 24.999991853964154 -50.00001599394591
v 79.33534383773804 24.99999008201945 -60.87613513075621
v 69.41842436790466 21.650626027787375 -53.266618202857934
v 86.60253286361694 24.999991853964154 -50.00001599394591
v 69.41842436790466 21.650626027787375 -53.266618202857934
v 75.7772147655487 21.650627578238748 -43.75001544826504
v 75.7772147655487 21.650627578238748 -43.75001544826504
v 69.41842436790466 21.650626027787375 -53.266618202857934
v 62.15873956680298 12.499992229325574 -47.69606197875396
v 75.7772147655487 21.650627578238748 -43.75001544826504
v 62.15873956680298 12.499992229325574 -47.69606197875396
v 67.85253286361694 12.499993617632805 -39.174692879136956
v 67.85253286361694 12.499993617632805 -39.174692879136956
v 62.15873956680298 12.499992229325574 -47.69606197875396
v 59.50150489807129 -0.0000074384854091157936 -45.65709829330444
v 67.85253286361694 12.499993617632805 -39.174692879136956
v 59.50150489807129 -0.0000074384854091157936 -45.65709829330444
v 64.95189666748047 -0.000006109526880796477 -37.500008940696716
v 64.95189666748047 -0.000006109526880796477 -37.500008940696716
v 59.50150489807129 -0.0000074384854091157936 -45.65709829330444
v 62.15873956680298 -12.500007770674426 -47.69605790573701
v 64.95189666748047 -0.000006109526880796477 -37.500008940696716
v 62.15873956680298 -12.500007770674426 -47.69605790573701
v 67.85253286361694 -12.500006382367195 -39.17468880612
v 67.85253286361694 -12.500006382367195 -39.17468880612
v 62.15873956680298 -12.500007770674426 -47.69605790573701
v 69.41842436790466 -21.650643384253335 -53.26661114818577
v 67.85253286361694 -12.500006382367195 -39.17468880612
v 69.41842436790466 -21.650643384253335 -53.26661114818577
v 75.7772147655487 -21.650641833801963 -43.75000839359287
v 75.7772147655487 -21.650641833801963 -43.75000839359287
v 69.41842436790466 -21.650643384253335 -53.26661114818577
v 79.33534383773804 -25.00000991798055 -60.876126984722305
v 75.7772147655487 -21.650641833801963 -43.75000839359287
v 79.33534383773804 -25.00000991798055 -60.876126984722305
v 86.60253286361694 -25.000008146035846 -50.000007847912
v 86.60253286361694 -25.000008146035846 -50.000007847912
v 79.33534383773804 -25.00000991798055 -60.876126984722305
v 89.25226330757141 -21.650645863748473 -68.48564391262057
v 86.60253286361694 -25.000008146035846 -50.000007847912
v 89.25226330757141 -21.650645863748473 -68.48564391262057
v 97.42785096168518 -21.65064387031044 -56.25000839359287
v 97.42785096168518 -21.65064387031044 -56.25000839359287
v 89.25226330757141 -21.650645863748473 -68.48564391262057
v 96.5119481086731 -12.500012065286672 -74.05620013672456
v 97.42785096168518 -21.65064387031044 -56.25000839359287
v 96.5119481086731 -12.500012065286672 -74.05620013672456
v 105.35253286361694 -12.50000990970401 -60.825327982488716
v 105.35253286361694 -12.50000990970401 -60.825327982488716
v 96.5119481086731 -12.500012065286672 -74.05620013672456
v 99.16918277740479 -0.000012397475686962353 -76.09516382217407
v 105.35253286361694 -12.50000990970401 -60.825327982488716
v 99.16918277740479 -0.000012397475686962353 -76.09516382217407
v 108.25316905975342 -0.000010182544320888701 -62.500011920928955
v 99.16918277740479 -0.000012397475686962353 -76.09516382217407
v 88.38833570480347 -0.000014400290498831866 -88.3883535861969
v 86.01998090744019 12.499985985564441 -86.01999486487762
v 99.16918277740479 -0.000012397475686962353 -76.09516382217407
v 86.01998090744019 12.499985985564441 -86.01999486487762
v 96.5119481086731 12.499987934713328 -74.05620420974151
v 96.5119481086731 12.499987934713328 -74.05620420974151
v 86.01998090744019 12.499985985564441 -86.01999486487762
v 79.54950332641602 21.65062174575939 -79.54951877468106
v 96.5119481086731 12.499987934713328 -74.05620420974151
v 79.54950332641602 21.65062174575939 -79.54951877468106
v 89.25226330757141 21.650623548292238 -68.48565096729276
v 89.25226330757141 21.650623548292238 -68.48565096729276
v 79.54950332641602 21.65062174575939 -79.54951877468106
v 70.71067094802856 24.9999884797676 -70.71068694197447
v 89.25226330757141 21.650623548292238 -68.48565096729276
v 70.71067094802856 24.9999884797676 -70.71068694197447
v 79.33534383773804 24.99999008201945 -60.87613513075621
v 79.33534383773804 24.99999008201945 -60.87613513075621
v 70.71067094802856 24.9999884797676 -70.71068694197447
v 61.87183856964111 21.65062462581652 -61.87185401790615
v 79.33534383773804 24.99999008201945 -60.87613513075621
v 61.87183856964111 21.65062462581652 -61.87185401790615
v 69.41842436790466 21.650626027787375 -53.266618202857934
v 69.41842436790466 21.650626027787375 -53.266618202857934
v 61.87183856964111 21.65062462581652 -61.87185401790615
v 55.40136098861694 12.49999097397076 -55.401374946054375
v 69.41842436790466 21.650626027787375 -53.266618202857934
v 55.40136098861694 12.49999097397076 -55.401374946054375
v 62.15873956680298 12.499992229325574 -47.69606197875396
v 62.15873956680298 12.499992229325574 -47.69606197875396
v 55.40136098861694 12.49999097397076 -55.401374946054375
v 53.03300619125366 -0.000008640174296237503 -53.03301215171814
v 62.15873956680298 12.499992229325574 -47.69606197875396
v 53.03300619125366 -0.000008640174296237503 -53.03301215171814
v 59.50150489807129 -0.0000074384854091157936 -45.65709829330444
v 59.50150489807129 -0.0000074384854091157936 -45.65709829330444
v 53.03300619125366 -0.000008640174296237503 -53.03301215171814
v 55.40136098861694 -12.50000902602924 -55.40137087303742
v 59.50150489807129 -0.0000074384854091157936 -45.65709829330444
v 55.40136098861694 -12.50000902602924 -55.40137087303742
v 62.15873956680298 -12.500007770674426 -47.69605790573701
v 62.15873956680298 -12.500007770674426 -47.69605790573701
v 55.40136098861694 -12.50000902602924 -55.40137087303742
v 61.87183856964111 -21.65064478622419 -61.871846963233985
v 62.15873956680298 -12.500007770674426 -47.69605790573701
v 61.87183856964111 -21.65064478622419 -61.871846963233985
v 69.41842436790466 -21.650643384253335 -53.26661114818577
v 69.41842436790466 -21.650643384253335 -53.26661114818577
v 61.87183856964111 -21.65064478622419 -61.871846963233985
v 70.71067094802856 -25.0000115202324 -70.71067879594057
v 69.41842436790466 -21.650643384253335 -53.26661114818577
v 70.71067094802856 -25.0000115202324 -70.71067879594057
v 79.33534383773804 -25.00000991798055 -60.876126984722305
v 79.33534383773804 -25.00000991798055 -60.876126984722305
v 70.71067094802856 -25.0000115202324 -70.71067879594057
v 79.54950332641602 -21.65064766628132 -79.54951172000888
v 79.33534383773804 -25.00000991798055 -60.876126984722305
v 79.54950332641602 -21.65064766628132 -79.54951172000888
v 89.25226330757141 -21.650645863748473 -68.48564391262057
v 89.25226330757141 -21.650645863748473 -68.48564391262057
v 79.54950332641602 -21.65064766628132 -79.54951172000888
v 86.01998090744019 -12.500014014435559 -86.01999079186066
v 89.25226330757141 -21.650645863748473 -68.48564391262057
v 86.01998090744019 -12.500014014435559 -86.01999079186066
v 96.5119481086731 -12.500012065286672 -74.05620013672456
v 96.5119481086731 -12.500012065286672 -74.05620013672456
v 86.01998090744019 -12.500014014435559 -86.01999079186066
v 88.38833570480347 -0.000014400290498831866 -88.3883535861969
v 96.5119481086731 -12.500012065286672 -74.05620013672456
v 88.38833570480347 -0.000014400290498831866 -88.3883535861969
v 99.16918277740479 -0.000012397475686962353 -76.09516382217407
v 88.38833570480347 -0.000014400290498831866 -88.3883535861969
v 76.09519362449646 -0.000016156704674210333 -99.16914701461792
v 74.05623197555542 12.499984276211858 -96.51192630332366
v 88.38833570480347 -0.000014400290498831866 -88.3883535861969
v 74.05623197555542 12.499984276211858 -96.51192630332366
v 86.01998090744019 12.499985985564441 -86.01999486487762
v 86.01998090744019 12.499985985564441 -86.01999486487762
v 74.05623197555542 12.499984276211858 -96.51192630332366
v 68.48567724227905 21.650620164985956 -89.25223703258511
v 86.01998090744019 12.499985985564441 -86.01999486487762
v 68.48567724227905 21.650620164985956 -89.25223703258511
v 79.54950332641602 21.65062174575939 -79.54951877468106
v 79.54950332641602 21.65062174575939 -79.54951877468106
v 68.48567724227905 21.650620164985956 -89.25223703258511
v 60.87615489959717 24.99998707463587 -79.33532406889708
v 79.54950332641602 21.65062174575939 -79.54951877468106
v 60.87615489959717 24.99998707463587 -79.33532406889708
v 70.71067094802856 24.9999884797676 -70.71068694197447
v 70.71067094802856 24.9999884797676 -70.71068694197447
v 60.87615489959717 24.99998707463587 -79.33532406889708
v 53.26663255691528 21.650623396326502 -69.41841001384732
v 70.71067094802856 24.9999884797676 -70.71068694197447
v 53.26663255691528 21.650623396326502 -69.41841001384732
v 61.87183856964111 21.65062462581652 -61.87185401790615
v 61.87183856964111 21.65062462581652 -61.87185401790615
v 53.26663255691528 21.650623396326502 -69.41841001384732
v 47.696080803871155 12.499989873059887 -62.158717761453545
v 61.87183856964111 21.65062462581652 -61.87185401790615
v 47.696080803871155 12.499989873059887 -62.158717761453545
v 55.40136098861694 12.49999097397076 -55.401374946054375
v 55.40136098861694 12.49999097397076 -55.401374946054375
v 47.696080803871155 12.499989873059887 -62.158717761453545
v 45.657116174697876 -0.000009694023578330913 -59.501492977142334
v 55.40136098861694 12.49999097397076 -55.401374946054375
v 45.657116174697876 -0.000009694023578330913 -59.501492977142334
v 53.03300619125366 -0.000008640174296237503 -53.03301215171814
v 53.03300619125366 -0.000008640174296237503 -53.03301215171814
v 45.657116174697876 -0.000009694023578330913 -59.501492977142334
v 47.696080803871155 -12.500010126940113 -62.15871368843659
v 53.03300619125366 -0.000008640174296237503 -53.03301215171814
v 47.696080803871155 -12.500010126940113 -62.15871368843659
v 55.40136098861694 -12.50000902602924 -55.40137087303742
v 55.40136098861694 -12.50000902602924 -55.40137087303742
v 47.696080803871155 -12.500010126940113 -62.15871368843659
v 53.26663255691528 -21.65064601571421 -69.41840295917514
v 55.40136098861694 -12.50000902602924 -55.40137087303742
v 53.26663255691528 -21.65064601571421 -69.41840295917514
v 61.87183856964111 -21.65064478622419 -61.871846963233985
v 61.87183856964111 -21.65064478622419 -61.871846963233985
v 53.26663255691528 -21.65064601571421 -69.41840295917514
v 60.87615489959717 -25.00001292536413 -79.33531592286317
v 61.87183856964111 -21.65064478622419 -61.871846963233985
v 60.87615489959717 -25.00001292536413 -79.33531592286317
v 70.71067094802856 -25.0000115202324 -70.71067879594057
v 70.71067094802856 -25.0000115202324 -70.71067879594057
v 60.87615489959717 -25.00001292536413 -79.33531592286317
v 68.48567724227905 -21.650649247054755 -89.25222997791293
v 70.71067094802856 -25.0000115202324 -70.71067879594057
v 68.48567724227905 -21.650649247054755 -89.25222997791293
v 79.54950332641602 -21.65064766628132 -79.54951172000888
v 79.54950332641602 -21.65064766628132 -79.54951172000888
v 68.48567724227905 -21.650649247054755 -89.25222997791293
v 74.05623197555542 -12.500015723788142 -96.51192223030671
v 79.54950332641602 -21.65064766628132 -79.54951172000888
v 74.05623197555542 -12.500015723788142 -96.51192223030671
v 86.01998090744019 -12.500014014435559 -86.01999079186066
v 86.01998090744019 -12.500014014435559 -86.01999079186066
v 74.05623197555542 -12.500015723788142 -96.51192223030671
v 76.09519362449646 -0.000016156704674210333 -99.16914701461792
v 86.01998090744019 -12.500014014435559 -86.01999079186066
v 76.09519362449646 -0.000016156704674210333 -99.16914701461792
v 88.38833570480347 -0.000014400290498831866 -88.3883535861969
v 76.09519362449646 -0.000016156704674210333 -99.16914701461792
v 62.49999403953552 -0.000017636681647477682 -108.25318098068237
v 60.82531213760376 12.499982835891968 -105.35254682105437
v 76.09519362449646 -0.000016156704674210333 -99.16914701461792
v 60.82531213760376 12.499982835891968 -105.35254682105437
v 74.05623197555542 12.499984276211858 -96.51192630332366
v 74.05623197555542 12.499984276211858 -96.51192630332366
v 60.82531213760376 12.499982835891968 -105.35254682105437
v 56.24999403953552 21.650618833006874 -97.42786640995023
v 74.05623197555542 12.499984276211858 -96.51192630332366
v 56.24999403953552 21.650618833006874 -97.42786640995023
v 68.48567724227905 21.650620164985956 -89.25223703258511
v 68.48567724227905 21.650620164985956 -89.25223703258511
v 56.24999403953552 21.650618833006874 -97.42786640995023
v 49.99999701976776 24.99998589065468 -86.60254885756285
v 68.48567724227905 21.650620164985956 -89.25223703258511
v 49.99999701976776 24.99998589065468 -86.60254885756285
v 60.87615489959717 24.99998707463587 -79.33532406889708
v 60.87615489959717 24.99998707463587 -79.33532406889708
v 49.99999701976776 24.99998589065468 -86.60254885756285
v 43.74999701976776 21.650622360343203 -75.77723021381375
v 60.87615489959717 24.99998707463587 -79.33532406889708
v 43.74999701976776 21.650622360343203 -75.77723021381375
v 53.26663255691528 21.650623396326502 -69.41841001384732
v 53.26663255691528 21.650623396326502 -69.41841001384732
v 43.74999701976776 21.650622360343203 -75.77723021381375
v 39.174678921699524 12.499988945417396 -67.85254682105437
v 53.26663255691528 21.650623396326502 -69.41841001384732
v 39.174678921699524 12.499988945417396 -67.85254682105437
v 47.696080803871155 12.499989873059887 -62.158717761453545
v 47.696080803871155 12.499989873059887 -62.158717761453545
v 39.174678921699524 12.499988945417396 -67.85254682105437
v 37.49999701976776 -0.000010582008985424992 -64.95190858840942
v 47.696080803871155 12.499989873059887 -62.158717761453545
v 37.49999701976776 -0.000010582008985424992 -64.95190858840942
v 45.657116174697876 -0.000009694023578330913 -59.501492977142334
v 45.657116174697876 -0.000009694023578330913 -59.501492977142334
v 37.49999701976776 -0.000010582008985424992 -64.95190858840942
v 39.174678921699524 -12.500011054582604 -67.85254274803742
v 45.657116174697876 -0.000009694023578330913 -59.501492977142334
v 39.174678921699524 -12.500011054582604 -67.85254274803742
v 47.696080803871155 -12.500010126940113 -62.15871368843659
v 47.696080803871155 -12.500010126940113 -62.15871368843659
v 39.174678921699524 -12.500011054582604 -67.85254274803742
v 43.74999701976776 -21.650647051697508 -75.77722315914157
v 47.696080803871155 -12.500010126940113 -62.15871368843659
v 43.74999701976776 -21.650647051697508 -75.77722315914157
v 53.26663255691528 -21.65064601571421 -69.41840295917514
v 53.26663255691528 -21.65064601571421 -69.41840295917514
v 43.74999701976776 -21.650647051697508 -75.77722315914157
v 49.99999701976776 -25.00001410934532 -86.60254071152895
v 53.26663255691528 -21.65064601571421 -69.41840295917514
v 49.99999701976776 -25.00001410934532 -86.60254071152895
v 60.87615489959717 -25.00001292536413 -79.33531592286317
v 60.87615489959717 -25.00001292536413 -79.33531592286317
v 49.99999701976776 -25.00001410934532 -86.60254071152895
v 56.24999403953552 -21.650650579033837 -97.42785935527804
v 60.87615489959717 -25.00001292536413 -79.33531592286317
v 56.24999403953552 -21.650650579033837 -97.42785935527804
v 68.48567724227905 -21.650649247054755 -89.25222997791293
v 68.48567724227905 -21.650649247054755 -89.25222997791293
v 56.24999403953552 -21.650650579033837 -97.42785935527804
v 60.82531213760376 -12.500017164108032 -105.35254274803742
v 68.48567724227905 -21.650649247054755 -89.25222997791293
v 60.82531213760376 -12.500017164108032 -105.35254274803742
v 74.05623197555542 -12.500015723788142 -96.51192223030671
v 74.05623197555542 -12.500015723788142 -96.51192223030671
v 60.82531213760376 -12.500017164108032 -105.35254274803742
v 62.49999403953552 -0.000017636681647477682 -108.25318098068237
v 74.05623197555542 -12.500015723788142 -96.51192223030671
v 62.49999403953552 -0.000017636681647477682 -108.25318098068237
v 76.09519362449646 -0.000016156704674210333 -99.16914701461792
v 62.49999403953552 -0.000017636681647477682 -108.25318098068237
v 47.83545732498169 -0.000018814882952152893 -115.48492908477783
v 46.55371010303497 12.499981689260569 -112.39052022498504
v 62.49999403953552 -0.000017636681647477682 -108.25318098068237
v 46.55371010303497 12.499981689260569 -112.39052022498504
v 60.82531213760376 12.499982835891968 -105.35254682105437
v 60.82531213760376 12.499982835891968 -105.35254682105437
v 46.55371010303497 12.499981689260569 -112.39052022498504
v 43.051913380622864 21.650617772626088 -103.93643731945035
v 60.82531213760376 12.499982835891968 -105.35254682105437
v 43.051913380622864 21.650617772626088 -103.93643731945035
v 56.24999403953552 21.650618833006874 -97.42786640995023
v 56.24999403953552 21.650618833006874 -97.42786640995023
v 43.051913380622864 21.650617772626088 -103.93643731945035
v 38.2683664560318 24.999984948093445 -92.38794853293211
v 56.24999403953552 21.650618833006874 -97.42786640995023
v 38.2683664560318 24.999984948093445 -92.38794853293211
v 49.99999701976776 24.99998589065468 -86.60254885756285
v 49.99999701976776 24.99998589065468 -86.60254885756285
v 38.2683664560318 24.999984948093445 -92.38794853293211
v 33.484819531440735 21.650621535602482 -80.83945269458768
v 49.99999701976776 24.99998589065468 -86.60254885756285
v 33.484819531440735 21.650621535602482 -80.83945269458768
v 43.74999701976776 21.650622360343203 -75.77723021381375
v 43.74999701976776 21.650622360343203 -75.77723021381375
v 33.484819531440735 21.650621535602482 -80.83945269458768
v 29.983022809028625 12.49998820692729 -72.38536680739776
v 43.74999701976776 21.650622360343203 -75.77723021381375
v 29.983022809028625 12.49998820692729 -72.38536680739776
v 39.174678921699524 12.499988945417396 -67.85254682105437
v 39.174678921699524 12.499988945417396 -67.85254682105437
v 29.983022809028625 12.49998820692729 -72.38536680739776
v 28.70127558708191 -0.000011288930156663284 -69.29095983505249
v 39.174678921699524 12.499988945417396 -67.85254682105437
v 28.70127558708191 -0.000011288930156663284 -69.29095983505249
v 37.49999701976776 -0.000010582008985424992 -64.95190858840942
v 37.49999701976776 -0.000010582008985424992 -64.95190858840942
v 28.70127558708191 -0.000011288930156663284 -69.29095983505249
v 29.983022809028625 -12.50001179307271 -72.3853627343808
v 37.49999701976776 -0.000010582008985424992 -64.95190858840942
v 29.983022809028625 -12.50001179307271 -72.3853627343808
v 39.174678921699524 -12.500011054582604 -67.85254274803742
v 39.174678921699524 -12.500011054582604 -67.85254274803742
v 29.983022809028625 -12.50001179307271 -72.3853627343808
v 33.484819531440735 -21.650647876438228 -80.8394456399155
v 39.174678921699524 -12.500011054582604 -67.85254274803742
v 33.484819531440735 -21.650647876438228 -80.8394456399155
v 43.74999701976776 -21.650647051697508 -75.77722315914157
v 43.74999701976776 -21.650647051697508 -75.77722315914157
v 33.484819531440735 -21.650647876438228 -80.8394456399155
v 38.2683664560318 -25.000015051906555 -92.38794038689821
v 43.74999701976776 -21.650647051697508 -75.77722315914157
v 38.2683664560318 -25.000015051906555 -92.38794038689821
v 49.99999701976776 -25.00001410934532 -86.60254071152895
v 49.99999701976776 -25.00001410934532 -86.60254071152895
v 38.2683664560318 -25.000015051906555 -92.38794038689821
v 43.051913380622864 -21.650651639414622 -103.93643026477817
v 49.99999701976776 -25.00001410934532 -86.60254071152895
v 43.051913380622864 -21.650651639414622 -103.93643026477817
v 56.24999403953552 -21.650650579033837 -97.42785935527804
v 56.24999403953552 -21.650650579033837 -97.42785935527804
v 43.051913380622864 -21.650651639414622 -103.93643026477817
v 46.55371010303497 -12.500018310739431 -112.39051615196809
v 56.24999403953552 -21.650650579033837 -97.42785935527804
v 46.55371010303497 -12.500018310739431 -112.39051615196809
v 60.82531213760376 -12.500017164108032 -105.35254274803742
v 60.82531213760376 -12.500017164108032 -105.35254274803742
v 46.55371010303497 -12.500018310739431 -112.39051615196809
v 47.83545732498169 -0.000018814882952152893 -115.48492908477783
v 60.82531213760376 -12.500017164108032 -105.35254274803742
v 47.83545732498169 -0.000018814882952152893 -115.48492908477783
v 62.49999403953552 -0.000017636681647477682 -108.25318098068237
v 47.83545732498169 -0.000018814882952152893 -115.48492908477783
v 32.35238492488861 -0.000019671160559931512 -120.74072360992432
v 31.485503911972046 12.499980855925767 -117.50549281638519
v 47.83545732498169 -0.000018814882952152893 -115.48492908477783
v 31.485503911972046 12.499980855925767 -117.50549281638519
v 46.55371010303497 12.499981689260569 -112.39052022498504
v 46.55371010303497 12.499981689260569 -112.39052022498504
v 31.485503911972046 12.499980855925767 -117.50549281638519
v 29.117146134376526 21.650617001974688 -108.66666192882535
v 46.55371010303497 12.499981689260569 -112.39052022498504
v 29.117146134376526 21.650617001974688 -108.66666192882535
v 43.051913380622864 21.650617772626088 -103.93643731945035
v 43.051913380622864 21.650617772626088 -103.93643731945035
v 29.117146134376526 21.650617001974688 -108.66666192882535
v 25.88190734386444 24.999984263071163 -96.5925853451422
v 43.051913380622864 21.650617772626088 -103.93643731945035
v 25.88190734386444 24.999984263071163 -96.5925853451422
v 38.2683664560318 24.999984948093445 -92.38794853293211
v 38.2683664560318 24.999984948093445 -92.38794853293211
v 25.88190734386444 24.999984263071163 -96.5925853451422
v 22.646668553352356 21.650620936207382 -84.5185136305618
v 38.2683664560318 24.999984948093445 -92.38794853293211
v 22.646668553352356 21.650620936207382 -84.5185136305618
v 33.484819531440735 21.650621535602482 -80.83945269458768
v 33.484819531440735 21.650621535602482 -80.83945269458768
v 22.646668553352356 21.650620936207382 -84.5185136305618
v 20.278309285640717 12.49998767021656 -75.67967380088226
v 33.484819531440735 21.650621535602482 -80.83945269458768
v 20.278309285640717 12.49998767021656 -75.67967380088226
v 29.983022809028625 12.49998820692729 -72.38536680739776
v 29.983022809028625 12.49998820692729 -72.38536680739776
v 20.278309285640717 12.49998767021656 -75.67967380088226
v 19.41142976284027 -0.000011802697109763621 -72.44443893432617
v 29.983022809028625 12.49998820692729 -72.38536680739776
v 19.41142976284027 -0.000011802697109763621 -72.44443893432617
v 28.70127558708191 -0.000011288930156663284 -69.29095983505249
v 28.70127558708191 -0.000011288930156663284 -69.29095983505249
v 19.41142976284027 -0.000011802697109763621 -72.44443893432617
v 20.278309285640717 -12.50001232978344 -75.6796697278653
v 28.70127558708191 -0.000011288930156663284 -69.29095983505249
v 20.278309285640717 -12.50001232978344 -75.6796697278653
v 29.983022809028625 -12.50001179307271 -72.3853627343808
v 29.983022809028625 -12.50001179307271 -72.3853627343808
v 20.278309285640717 -12.50001232978344 -75.6796697278653
v 22.646668553352356 -21.65064847583333 -84.51850657588962
v 29.983022809028625 -12.50001179307271 -72.3853627343808
v 22.646668553352356 -21.65064847583333 -84.51850657588962
v 33.484819531440735 -21.650647876438228 -80.8394456399155
v 33.484819531440735 -21.650647876438228 -80.8394456399155
v 22.646668553352356 -21.65064847583333 -84.51850657588962
v 25.88190734386444 -25.000015736928837 -96.59257719910829
v 33.484819531440735 -21.650647876438228 -80.8394456399155
v 25.88190734386444 -25.000015736928837 -96.59257719910829
v 38.2683664560318 -25.000015051906555 -92.38794038689821
v 38.2683664560318 -25.000015051906555 -92.38794038689821
v 25.88190734386444 -25.000015736928837 -96.59257719910829
v 29.117146134376526 -21.650652410066023 -108.66665487415317
v 38.2683664560318 -25.000015051906555 -92.38794038689821
v 29.117146134376526 -21.650652410066023 -108.66665487415317
v 43.051913380622864 -21.650651639414622 -103.93643026477817
v 43.051913380622864 -21.650651639414622 -103.93643026477817
v 29.117146134376526 -21.650652410066023 -108.66665487415317
v 31.485503911972046 -12.500019144074233 -117.50548874336823
v 43.051913380622864 -21.650651639414622 -103.93643026477817
v 31.485503911972046 -12.500019144074233 -117.50548874336823
v 46.55371010303497 -12.500018310739431 -112.39051615196809
v 46.55371010303497 -12.500018310739431 -112.39051615196809
v 31.485503911972046 -12.500019144074233 -117.50548874336823
v 32.35238492488861 -0.000019671160559931512 -120.74072360992432
v 46.55371010303497 -12.500018310739431 -112.39051615196809
v 32.35238492488861 -0.000019671160559931512 -120.74072360992432
v 47.83545732498169 -0.000018814882952152893 -115.48492908477783
v 32.35238492488861 -0.000019671160559931512 -120.74072360992432
v 16.315750777721405 -0.000020190858887471972 -123.9306092262268
v 15.878571569919586 12.499980350152768 -120.60990537207977
v 32.35238492488861 -0.000019671160559931512 -120.74072360992432
v 15.878571569919586 12.499980350152768 -120.60990537207977
v 31.485503911972046 12.499980855925767 -117.50549281638519
v 31.485503911972046 12.499980855925767 -117.50549281638519
v 15.878571569919586 12.499980350152768 -120.60990537207977
v 14.684176445007324 21.650616534246772 -111.5375554072189
v 31.485503911972046 12.499980855925767 -117.50549281638519
v 14.684176445007324 21.650616534246772 -111.5375554072189
v 29.117146134376526 21.650617001974688 -108.66666192882535
v 29.117146134376526 21.650617001974688 -108.66666192882535
v 14.684176445007324 21.650616534246772 -111.5375554072189
v 13.052600622177124 24.999983847312695 -99.1444926460913
v 29.117146134376526 21.650617001974688 -108.66666192882535
v 13.052600622177124 24.999983847312695 -99.1444926460913
v 25.88190734386444 24.999984263071163 -96.5925853451422
v 25.88190734386444 24.999984263071163 -96.5925853451422
v 13.052600622177124 24.999983847312695 -99.1444926460913
v 11.421025544404984 21.650620572419328 -86.75142879360196
v 25.88190734386444 24.999984263071163 -96.5925853451422
v 11.421025544404984 21.650620572419328 -86.75142879360196
v 22.646668553352356 21.650620936207382 -84.5185136305618
v 22.646668553352356 21.650620936207382 -84.5185136305618
v 11.421025544404984 21.650620572419328 -86.75142879360196
v 10.226629674434662 12.499987344472624 -77.67907584708587
v 22.646668553352356 21.650620936207382 -84.5185136305618
v 10.226629674434662 12.499987344472624 -77.67907584708587
v 20.278309285640717 12.49998767021656 -75.67967380088226
v 20.278309285640717 12.49998767021656 -75.67967380088226
v 10.226629674434662 12.499987344472624 -77.67907584708587
v 9.789450466632843 -0.00001211451571785473 -74.35836791992188
v 20.278309285640717 12.49998767021656 -75.67967380088226
v 9.789450466632843 -0.00001211451571785473 -74.35836791992188
v 19.41142976284027 -0.000011802697109763621 -72.44443893432617
v 19.41142976284027 -0.000011802697109763621 -72.44443893432617
v 9.789450466632843 -0.00001211451571785473 -74.35836791992188
v 10.226629674434662 -12.500012655527376 -77.67907177406892
v 19.41142976284027 -0.000011802697109763621 -72.44443893432617
v 10.226629674434662 -12.500012655527376 -77.67907177406892
v 20.278309285640717 -12.50001232978344 -75.6796697278653
v 20.278309285640717 -12.50001232978344 -75.6796697278653
v 10.226629674434662 -12.500012655527376 -77.67907177406892
v 11.421025544404984 -21.650648839621383 -86.75142173892978
v 20.278309285640717 -12.50001232978344 -75.6796697278653
v 11.421025544404984 -21.650648839621383 -86.75142173892978
v 22.646668553352356 -21.65064847583333 -84.51850657588962
v 22.646668553352356 -21.65064847583333 -84.51850657588962
v 11.421025544404984 -21.650648839621383 -86.75142173892978
v 13.052600622177124 -25.000016152687305 -99.14448450005739
v 22.646668553352356 -21.65064847583333 -84.51850657588962
v 13.052600622177124 -25.000016152687305 -99.14448450005739
v 25.88190734386444 -25.000015736928837 -96.59257719910829
v 25.88190734386444 -25.000015736928837 -96.59257719910829
v 13.052600622177124 -25.000016152687305 -99.14448450005739
v 14.684176445007324 -21.650652877793938 -111.53754835254672
v 25.88190734386444 -25.000015736928837 -96.59257719910829
v 14.684176445007324 -21.650652877793938 -111.53754835254672
v 29.117146134376526 -21.650652410066023 -108.66665487415317
v 29.117146134376526 -21.650652410066023 -108.66665487415317
v 14.684176445007324 -21.650652877793938 -111.53754835254672
v 15.878571569919586 -12.500019649847232 -120.60990129906281
v 29.117146134376526 -21.650652410066023 -108.66665487415317
v 15.878571569919586 -12.500019649847232 -120.60990129906281
v 31.485503911972046 -12.500019144074233 -117.50548874336823
v 31.485503911972046 -12.500019144074233 -117.50548874336823
v 15.878571569919586 -12.500019649847232 -120.60990129906281
v 16.315750777721405 -0.000020190858887471972 -123.9306092262268
v 31.485503911972046 -12.500019144074233 -117.50548874336823
v 16.315750777721405 -0.000020190858887471972 -123.9306092262268
v 32.35238492488861 -0.000019671160559931512 -120.74072360992432
v 16.315750777721405 -0.000020190858887471972 -123.9306092262268
v 0.000009437237480369731 -0.000020365084757445744 -125
v 0.00000918436739993922 12.499980180595864 -121.65063823264495
v 16.315750777721405 -0.000020190858887471972 -123.9306092262268
v 0.00000918436739993922 12.499980180595864 -121.65063823264495
v 15.878571569919586 12.499980350152768 -120.60990537207977
v 15.878571569919586 12.499980350152768 -120.60990537207977
v 0.00000918436739993922 12.499980180595864 -121.65063823264495
v 0.000008493513803387032 21.650616377444074 -112.50000352733609
v 15.878571569919586 12.499980350152768 -120.60990537207977
v 0.000008493513803387032 21.650616377444074 -112.50000352733609
v 14.684176445007324 21.650616534246772 -111.5375554072189
v 14.684176445007324 21.650616534246772 -111.5375554072189
v 0.000008493513803387032 21.650616377444074 -112.50000352733609
v 0.000007549790126404332 24.999983707932195 -100.00000407301695
v 14.684176445007324 21.650616534246772 -111.5375554072189
v 0.000007549790126404332 24.999983707932195 -100.00000407301695
v 13.052600622177124 24.999983847312695 -99.1444926460913
v 13.052600622177124 24.999983847312695 -99.1444926460913
v 0.000007549790126404332 24.999983707932195 -100.00000407301695
v 0.0000066060664494216326 21.650620450461027 -87.50000352733609
v 13.052600622177124 24.999983847312695 -99.1444926460913
v 0.0000066060664494216326 21.650620450461027 -87.50000352733609
v 11.421025544404984 21.650620572419328 -86.75142879360196
v 11.421025544404984 21.650620572419328 -86.75142879360196
v 0.0000066060664494216326 21.650620450461027 -87.50000352733609
v 0.000005915212497598077 12.499987235268524 -78.349365840372
v 11.421025544404984 21.650620572419328 -86.75142879360196
v 0.000005915212497598077 12.499987235268524 -78.349365840372
v 10.226629674434662 12.499987344472624 -77.67907584708587
v 10.226629674434662 12.499987344472624 -77.67907584708587
v 0.000005915212497598077 12.499987235268524 -78.349365840372
v 0.000005662342772438933 -0.000012219050851405829 -75
v 10.226629674434662 12.499987344472624 -77.67907584708587
v 0.000005662342772438933 -0.000012219050851405829 -75
v 9.789450466632843 -0.00001211451571785473 -74.35836791992188
v 9.789450466632843 -0.00001211451571785473 -74.35836791992188
v 0.000005662342772438933 -0.000012219050851405829 -75
v 0.000005915212497598077 -12.500012764731476 -78.34936176735505
v 9.789450466632843 -0.00001211451571785473 -74.35836791992188
v 0.000005915212497598077 -12.500012764731476 -78.34936176735505
v 10.226629674434662 -12.500012655527376 -77.67907177406892
v 10.226629674434662 -12.500012655527376 -77.67907177406892
v 0.000005915212497598077 -12.500012764731476 -78.34936176735505
v 0.0000066060664494216326 -21.650648961579684 -87.49999647266391
v 10.226629674434662 -12.500012655527376 -77.67907177406892
v 0.0000066060664494216326 -21.650648961579684 -87.49999647266391
v 11.421025544404984 -21.650648839621383 -86.75142173892978
v 11.421025544404984 -21.650648839621383 -86.75142173892978
v 0.0000066060664494216326 -21.650648961579684 -87.49999647266391
v 0.000007549790126404332 -25.000016292067805 -99.99999592698305
v 11.421025544404984 -21.650648839621383 -86.75142173892978
v 0.000007549790126404332 -25.000016292067805 -99.99999592698305
v 13.052600622177124 -25.000016152687305 -99.14448450005739
v 13.052600622177124 -25.000016152687305 -99.14448450005739
v 0.000007549790126404332 -25.000016292067805 -99.99999592698305
v 0.000008493513803387032 -21.650653034596637 -112.49999647266391
v 13.052600622177124 -25.000016152687305 -99.14448450005739
v 0.000008493513803387032 -21.650653034596637 -112.49999647266391
v 14.684176445007324 -21.650652877793938 -111.53754835254672
v 14.684176445007324 -21.650652877793938 -111.53754835254672
v 0.000008493513803387032 -21.650653034596637 -112.49999647266391
v 0.00000918436739993922 -12.500019819404136 -121.650634159628
v 14.684176445007324 -21.650652877793938 -111.53754835254672
v 0.00000918436739993922 -12.500019819404136 -121.650634159628
v 15.878571569919586 -12.500019649847232 -120.60990129906281
v 15.878571569919586 -12.500019649847232 -120.60990129906281
v 0.00000918436739993922 -12.500019819404136 -121.650634159628
v 0.000009437237480369731 -0.000020365084757445744 -125
v 15.878571569919586 -12.500019649847232 -120.60990129906281
v 0.000009437237480369731 -0.000020365084757445744 -125
v 16.315750777721405 -0.000020190858887471972 -123.9306092262268
v 0.000009437237480369731 -0.000020365084757445744 -125
v -16.31579101085663 -0.000020190856945306143 -123.93059730529785
v -15.87861180305481 12.49998035015471 -120.60989345115081
v 0.000009437237480369731 -0.000020365084757445744 -125
v -15.87861180305481 12.49998035015471 -120.60989345115081
v 0.00000918436739993922 12.499980180595864 -121.65063823264495
v 0.00000918436739993922 12.499980180595864 -121.65063823264495
v -15.87861180305481 12.49998035015471 -120.60989345115081
v -14.68421220779419 21.650616534248716 -111.53754348628995
v 0.00000918436739993922 12.499980180595864 -121.65063823264495
v -14.68421220779419 21.650616534248716 -111.53754348628995
v 0.000008493513803387032 21.650616377444074 -112.50000352733609
v 0.000008493513803387032 21.650616377444074 -112.50000352733609
v -14.68421220779419 21.650616534248716 -111.53754348628995
v -13.05263340473175 24.99998384731367 -99.14448668562682
v 0.000008493513803387032 21.650616377444074 -112.50000352733609
v -13.05263340473175 24.99998384731367 -99.14448668562682
v 0.000007549790126404332 24.999983707932195 -100.00000407301695
v 0.000007549790126404332 24.999983707932195 -100.00000407301695
v -13.05263340473175 24.99998384731367 -99.14448668562682
v -11.421054601669312 21.650620572419328 -86.75142879360196
v 0.000007549790126404332 24.999983707932195 -100.00000407301695
v -11.421054601669312 21.650620572419328 -86.75142879360196
v 0.0000066060664494216326 21.650620450461027 -87.50000352733609
v 0.0000066060664494216326 21.650620450461027 -87.50000352733609
v -11.421054601669312 21.650620572419328 -86.75142879360196
v -10.226655006408691 12.499987344472624 -77.67907584708587
v 0.0000066060664494216326 21.650620450461027 -87.50000352733609
v -10.226655006408691 12.499987344472624 -77.67907584708587
v 0.000005915212497598077 12.499987235268524 -78.349365840372
v 0.000005915212497598077 12.499987235268524 -78.349365840372
v -10.226655006408691 12.499987344472624 -77.67907584708587
v -9.789475053548813 -0.000012114514746771816 -74.3583619594574
v 0.000005915212497598077 12.499987235268524 -78.349365840372
v -9.789475053548813 -0.000012114514746771816 -74.3583619594574
v 0.000005662342772438933 -0.000012219050851405829 -75
v 0.000005662342772438933 -0.000012219050851405829 -75
v -9.789475053548813 -0.000012114514746771816 -74.3583619594574
v -10.226655006408691 -12.500012655527376 -77.67907177406892
v 0.000005662342772438933 -0.000012219050851405829 -75
v -10.226655006408691 -12.500012655527376 -77.67907177406892
v 0.000005915212497598077 -12.500012764731476 -78.34936176735505
v 0.000005915212497598077 -12.500012764731476 -78.34936176735505
v -10.226655006408691 -12.500012655527376 -77.67907177406892
v -11.421054601669312 -21.650648839621383 -86.75142173892978
v 0.000005915212497598077 -12.500012764731476 -78.34936176735505
v -11.421054601669312 -21.650648839621383 -86.75142173892978
v 0.0000066060664494216326 -21.650648961579684 -87.49999647266391
v 0.0000066060664494216326 -21.650648961579684 -87.49999647266391
v -11.421054601669312 -21.650648839621383 -86.75142173892978
v -13.05263340473175 -25.00001615268633 -99.14447853959291
v 0.0000066060664494216326 -21.650648961579684 -87.49999647266391
v -13.05263340473175 -25.00001615268633 -99.14447853959291
v 0.000007549790126404332 -25.000016292067805 -99.99999592698305
v 0.000007549790126404332 -25.000016292067805 -99.99999592698305
v -13.05263340473175 -25.00001615268633 -99.14447853959291
v -14.68421220779419 -21.650652877791995 -111.53753643161777
v 0.000007549790126404332 -25.000016292067805 -99.99999592698305
v -14.68421220779419 -21.650652877791995 -111.53753643161777
v 0.000008493513803387032 -21.650653034596637 -112.49999647266391
v 0.000008493513803387032 -21.650653034596637 -112.49999647266391
v -14.68421220779419 -21.650652877791995 -111.53753643161777
v -15.87861180305481 -12.50001964984529 -120.60988937813386
v 0.000008493513803387032 -21.650653034596637 -112.49999647266391
v -15.87861180305481 -12.50001964984529 -120.60988937813386
v 0.00000918436739993922 -12.500019819404136 -121.650634159628
v 0.00000918436739993922 -12.500019819404136 -121.650634159628
v -15.87861180305481 -12.50001964984529 -120.60988937813386
v -16.31579101085663 -0.000020190856945306143 -123.93059730529785
v 0.00000918436739993922 -12.500019819404136 -121.650634159628
v -16.31579101085663 -0.000020190856945306143 -123.93059730529785
v 0.000009437237480369731 -0.000020365084757445744 -125
v -16.31579101085663 -0.000020190856945306143 -123.93059730529785
v -32.35236406326294 -0.00001967116250209734 -120.74073553085327
v -31.485486030578613 12.499980855923825 -117.50550473731414
v -16.31579101085663 -0.000020190856945306143 -123.93059730529785
v -31.485486030578613 12.499980855923825 -117.50550473731414
v -15.87861180305481 12.49998035015471 -120.60989345115081
v -15.87861180305481 12.49998035015471 -120.60989345115081
v -31.485486030578613 12.499980855923825 -117.50550473731414
v -29.117128252983093 21.650617001974688 -108.66666192882535
v -15.87861180305481 12.49998035015471 -120.60989345115081
v -29.117128252983093 21.650617001974688 -108.66666192882535
v -14.68421220779419 21.650616534248716 -111.53754348628995
v -14.68421220779419 21.650616534248716 -111.53754348628995
v -29.117128252983093 21.650617001974688 -108.66666192882535
v -25.881892442703247 24.999984263070193 -96.59259130560667
v -14.68421220779419 21.650616534248716 -111.53754348628995
v -25.881892442703247 24.999984263070193 -96.59259130560667
v -13.05263340473175 24.99998384731367 -99.14448668562682
v -13.05263340473175 24.99998384731367 -99.14448668562682
v -25.881892442703247 24.999984263070193 -96.59259130560667
v -22.6466566324234 21.65062093620641 -84.51851959102628
v -13.05263340473175 24.99998384731367 -99.14448668562682
v -22.6466566324234 21.65062093620641 -84.51851959102628
v -11.421054601669312 21.650620572419328 -86.75142879360196
v -11.421054601669312 21.650620572419328 -86.75142879360196
v -22.6466566324234 21.65062093620641 -84.51851959102628
v -20.27829736471176 12.49998767021559 -75.67967976134673
v -11.421054601669312 21.650620572419328 -86.75142879360196
v -20.27829736471176 12.49998767021559 -75.67967976134673
v -10.226655006408691 12.499987344472624 -77.67907584708587
v -10.226655006408691 12.499987344472624 -77.67907584708587
v -20.27829736471176 12.49998767021559 -75.67967976134673
v -19.411419332027435 -0.000011802697109763621 -72.44443893432617
v -10.226655006408691 12.499987344472624 -77.67907584708587
v -19.411419332027435 -0.000011802697109763621 -72.44443893432617
v -9.789475053548813 -0.000012114514746771816 -74.3583619594574
v -9.789475053548813 -0.000012114514746771816 -74.3583619594574
v -19.411419332027435 -0.000011802697109763621 -72.44443893432617
v -20.27829736471176 -12.50001232978441 -75.67967568832978
v -9.789475053548813 -0.000012114514746771816 -74.3583619594574
v -20.27829736471176 -12.50001232978441 -75.67967568832978
v -10.226655006408691 -12.500012655527376 -77.67907177406892
v -10.226655006408691 -12.500012655527376 -77.67907177406892
v -20.27829736471176 -12.50001232978441 -75.67967568832978
v -22.6466566324234 -21.650648475834302 -84.5185125363541
v -10.226655006408691 -12.500012655527376 -77.67907177406892
v -22.6466566324234 -21.650648475834302 -84.5185125363541
v -11.421054601669312 -21.650648839621383 -86.75142173892978
v -11.421054601669312 -21.650648839621383 -86.75142173892978
v -22.6466566324234 -21.650648475834302 -84.5185125363541
v -25.881892442703247 -25.000015736929807 -96.59258315957277
v -11.421054601669312 -21.650648839621383 -86.75142173892978
v -25.881892442703247 -25.000015736929807 -96.59258315957277
v -13.05263340473175 -25.00001615268633 -99.14447853959291
v -13.05263340473175 -25.00001615268633 -99.14447853959291
v -25.881892442703247 -25.000015736929807 -96.59258315957277
v -29.117128252983093 -21.650652410066023 -108.66665487415317
v -13.05263340473175 -25.00001615268633 -99.14447853959291
v -29.117128252983093 -21.650652410066023 -108.66665487415317
v -14.68421220779419 -21.650652877791995 -111.53753643161777
v -14.68421220779419 -21.650652877791995 -111.53753643161777
v -29.117128252983093 -21.650652410066023 -108.66665487415317
v -31.485486030578613 -12.500019144076175 -117.50550066429719
v -14.68421220779419 -21.650652877791995 -111.53753643161777
v -31.485486030578613 -12.500019144076175 -117.50550066429719
v -15.87861180305481 -12.50001964984529 -120.60988937813386
v -15.87861180305481 -12.50001964984529 -120.60988937813386
v -31.485486030578613 -12.500019144076175 -117.50550066429719
v -32.35236406326294 -0.00001967116250209734 -120.74073553085327
v -15.87861180305481 -12.50001964984529 -120.60988937813386
v -32.35236406326294 -0.00001967116250209734 -120.74073553085327
v -16.31579101085663 -0.000020190856945306143 -123.93059730529785
v -32.35236406326294 -0.00001967116250209734 -120.74073553085327
v -47.83543944358826 -0.000018814884894318722 -115.48494100570679
v -46.55369222164154 12.499981689258627 -112.390532145914
v -32.35236406326294 -0.00001967116250209734 -120.74073553085327
v -46.55369222164154 12.499981689258627 -112.390532145914
v -31.485486030578613 12.499980855923825 -117.50550473731414
v -31.485486030578613 12.499980855923825 -117.50550473731414
v -46.55369222164154 12.499981689258627 -112.390532145914
v -43.05189549922943 21.650617772624145 -103.9364492403793
v -31.485486030578613 12.499980855923825 -117.50550473731414
v -43.05189549922943 21.650617772624145 -103.9364492403793
v -29.117128252983093 21.650617001974688 -108.66666192882535
v -29.117128252983093 21.650617001974688 -108.66666192882535
v -43.05189549922943 21.650617772624145 -103.9364492403793
v -38.268351554870605 24.99998494809247 -92.38795449339659
v -29.117128252983093 21.650617001974688 -108.66666192882535
v -38.268351554870605 24.99998494809247 -92.38795449339659
v -25.881892442703247 24.999984263070193 -96.59259130560667
v -25.881892442703247 24.999984263070193 -96.59259130560667
v -38.268351554870605 24.99998494809247 -92.38795449339659
v -33.48480761051178 21.650621535601513 -80.83945865505216
v -25.881892442703247 24.999984263070193 -96.59259130560667
v -33.48480761051178 21.650621535601513 -80.83945865505216
v -22.6466566324234 21.65062093620641 -84.51851959102628
v -22.6466566324234 21.65062093620641 -84.51851959102628
v -33.48480761051178 21.650621535601513 -80.83945865505216
v -29.98301088809967 12.49998820692632 -72.38537276786224
v -22.6466566324234 21.65062093620641 -84.51851959102628
v -29.98301088809967 12.49998820692632 -72.38537276786224
v -20.27829736471176 12.49998767021559 -75.67967976134673
v -20.27829736471176 12.49998767021559 -75.67967976134673
v -29.98301088809967 12.49998820692632 -72.38537276786224
v -28.701263666152954 -0.000011288930156663284 -69.29095983505249
v -20.27829736471176 12.49998767021559 -75.67967976134673
v -28.701263666152954 -0.000011288930156663284 -69.29095983505249
v -19.411419332027435 -0.000011802697109763621 -72.44443893432617
v -19.411419332027435 -0.000011802697109763621 -72.44443893432617
v -28.701263666152954 -0.000011288930156663284 -69.29095983505249
v -29.98301088809967 -12.50001179307368 -72.38536869484528
v -19.411419332027435 -0.000011802697109763621 -72.44443893432617
v -29.98301088809967 -12.50001179307368 -72.38536869484528
v -20.27829736471176 -12.50001232978441 -75.67967568832978
v -20.27829736471176 -12.50001232978441 -75.67967568832978
v -29.98301088809967 -12.50001179307368 -72.38536869484528
v -33.48480761051178 -21.650647876439198 -80.83945160037997
v -20.27829736471176 -12.50001232978441 -75.67967568832978
v -33.48480761051178 -21.650647876439198 -80.83945160037997
v -22.6466566324234 -21.650648475834302 -84.5185125363541
v -22.6466566324234 -21.650648475834302 -84.5185125363541
v -33.48480761051178 -21.650647876439198 -80.83945160037997
v -38.268351554870605 -25.00001505190753 -92.38794634736269
v -22.6466566324234 -21.650648475834302 -84.5185125363541
v -38.268351554870605 -25.00001505190753 -92.38794634736269
v -25.881892442703247 -25.000015736929807 -96.59258315957277
v -25.881892442703247 -25.000015736929807 -96.59258315957277
v -38.268351554870605 -25.00001505190753 -92.38794634736269
v -43.05189549922943 -21.650651639416566 -103.93644218570712
v -25.881892442703247 -25.000015736929807 -96.59258315957277
v -43.05189549922943 -21.650651639416566 -103.93644218570712
v -29.117128252983093 -21.650652410066023 -108.66665487415317
v -29.117128252983093 -21.650652410066023 -108.66665487415317
v -43.05189549922943 -21.650651639416566 -103.93644218570712
v -46.55369222164154 -12.500018310741373 -112.39052807289704
v -29.117128252983093 -21.650652410066023 -108.66665487415317
v -46.55369222164154 -12.500018310741373 -112.39052807289704
v -31.485486030578613 -12.500019144076175 -117.50550066429719
v -31.485486030578613 -12.500019144076175 -117.50550066429719
v -46.55369222164154 -12.500018310741373 -112.39052807289704
v -47.83543944358826 -0.000018814884894318722 -115.48494100570679
v -31.485486030578613 -12.500019144076175 -117.50550066429719
v -47.83543944358826 -0.000018814884894318722 -115.48494100570679
v -32.35236406326294 -0.00001967116250209734 -120.74073553085327
v -47.83543944358826 -0.000018814884894318722 -115.48494100570679
v -62.49998211860657 -0.00001763668358964351 -108.25319290161133
v -60.825300216674805 12.499982835890027 -105.35255874198333
v -47.83543944358826 -0.000018814884894318722 -115.48494100570679
v -60.825300216674805 12.499982835890027 -105.35255874198333
v -46.55369222164154 12.499981689258627 -112.390532145914
v -46.55369222164154 12.499981689258627 -112.390532145914
v -60.825300216674805 12.499982835890027 -105.35255874198333
v -56.24998211860657 21.6506188330059 -97.4278723704147
v -46.55369222164154 12.499981689258627 -112.390532145914
v -56.24998211860657 21.6506188330059 -97.4278723704147
v -43.05189549922943 21.650617772624145 -103.9364492403793
v -43.05189549922943 21.650617772624145 -103.9364492403793
v -56.24998211860657 21.6506188330059 -97.4278723704147
v -49.999985098838806 24.99998589065371 -86.60255481802733
v -43.05189549922943 21.650617772624145 -103.9364492403793
v -49.999985098838806 24.99998589065371 -86.60255481802733
v -38.268351554870605 24.99998494809247 -92.38795449339659
v -38.268351554870605 24.99998494809247 -92.38795449339659
v -49.999985098838806 24.99998589065371 -86.60255481802733
v -43.749988079071045 21.65062236034223 -75.77723617427823
v -38.268351554870605 24.99998494809247 -92.38795449339659
v -43.749988079071045 21.65062236034223 -75.77723617427823
v -33.48480761051178 21.650621535601513 -80.83945865505216
v -33.48480761051178 21.650621535601513 -80.83945865505216
v -43.749988079071045 21.65062236034223 -75.77723617427823
v -39.17466998100281 12.499988945417396 -67.85254682105437
v -33.48480761051178 21.650621535601513 -80.83945865505216
v -39.17466998100281 12.499988945417396 -67.85254682105437
v -29.98301088809967 12.49998820692632 -72.38537276786224
v -29.98301088809967 12.49998820692632 -72.38537276786224
v -39.17466998100281 12.499988945417396 -67.85254682105437
v -37.499988079071045 -0.000010582009956507904 -64.9519145488739
v -29.98301088809967 12.49998820692632 -72.38537276786224
v -37.499988079071045 -0.000010582009956507904 -64.9519145488739
v -28.701263666152954 -0.000011288930156663284 -69.29095983505249
v -28.701263666152954 -0.000011288930156663284 -69.29095983505249
v -37.499988079071045 -0.000010582009956507904 -64.9519145488739
v -39.17466998100281 -12.500011054582604 -67.85254274803742
v -28.701263666152954 -0.000011288930156663284 -69.29095983505249
v -39.17466998100281 -12.500011054582604 -67.85254274803742
v -29.98301088809967 -12.50001179307368 -72.38536869484528
v -29.98301088809967 -12.50001179307368 -72.38536869484528
v -39.17466998100281 -12.500011054582604 -67.85254274803742
v -43.749988079071045 -21.65064705169848 -75.77722911960605
v -29.98301088809967 -12.50001179307368 -72.38536869484528
v -43.749988079071045 -21.65064705169848 -75.77722911960605
v -33.48480761051178 -21.650647876439198 -80.83945160037997
v -33.48480761051178 -21.650647876439198 -80.83945160037997
v -43.749988079071045 -21.65064705169848 -75.77722911960605
v -49.999985098838806 -25.00001410934629 -86.60254667199342
v -33.48480761051178 -21.650647876439198 -80.83945160037997
v -49.999985098838806 -25.00001410934629 -86.60254667199342
v -38.268351554870605 -25.00001505190753 -92.38794634736269
v -38.268351554870605 -25.00001505190753 -92.38794634736269
v -49.999985098838806 -25.00001410934629 -86.60254667199342
v -56.24998211860657 -21.65065057903481 -97.42786531574252
v -38.268351554870605 -25.00001505190753 -92.38794634736269
v -56.24998211860657 -21.65065057903481 -97.42786531574252
v -43.05189549922943 -21.650651639416566 -103.93644218570712
v -43.05189549922943 -21.650651639416566 -103.93644218570712
v -56.24998211860657 -21.65065057903481 -97.42786531574252
v -60.825300216674805 -12.500017164109973 -105.35255466896638
v -43.05189549922943 -21.650651639416566 -103.93644218570712
v -60.825300216674805 -12.500017164109973 -105.35255466896638
v -46.55369222164154 -12.500018310741373 -112.39052807289704
v -46.55369222164154 -12.500018310741373 -112.39052807289704
v -60.825300216674805 -12.500017164109973 -105.35255466896638
v -62.49998211860657 -0.00001763668358964351 -108.25319290161133
v -46.55369222164154 -12.500018310741373 -112.39052807289704
v -62.49998211860657 -0.00001763668358964351 -108.25319290161133
v -47.83543944358826 -0.000018814884894318722 -115.48494100570679
v -62.49998211860657 -0.00001763668358964351 -108.25319290161133
v -76.09517574310303 -0.000016156707587459074 -99.16916489601135
v -74.05621409416199 12.499984276209915 -96.51193822425262
v -62.49998211860657 -0.00001763668358964351 -108.25319290161133
v -74.05621409416199 12.499984276209915 -96.51193822425262
v -60.825300216674805 12.499982835890027 -105.35255874198333
v -60.825300216674805 12.499982835890027 -105.35255874198333
v -74.05621409416199 12.499984276209915 -96.51193822425262
v -68.48565936088562 21.650620164984012 -89.25224895351407
v -60.825300216674805 12.499982835890027 -105.35255874198333
v -68.48565936088562 21.650620164984012 -89.25224895351407
v -56.24998211860657 21.6506188330059 -97.4278723704147
v -56.24998211860657 21.6506188330059 -97.4278723704147
v -68.48565936088562 21.650620164984012 -89.25224895351407
v -60.87614297866821 24.99998707463393 -79.33533598982604
v -56.24998211860657 21.6506188330059 -97.4278723704147
v -60.87614297866821 24.99998707463393 -79.33533598982604
v -49.999985098838806 24.99998589065371 -86.60255481802733
v -49.999985098838806 24.99998589065371 -86.60255481802733
v -60.87614297866821 24.99998707463393 -79.33533598982604
v -53.266626596450806 21.65062339632456 -69.41842193477628
v -49.999985098838806 24.99998589065371 -86.60255481802733
v -53.266626596450806 21.65062339632456 -69.41842193477628
v -43.749988079071045 21.65062236034223 -75.77723617427823
v -43.749988079071045 21.65062236034223 -75.77723617427823
v -53.266626596450806 21.65062339632456 -69.41842193477628
v -47.69607186317444 12.499989873057945 -62.1587296823825
v -43.749988079071045 21.65062236034223 -75.77723617427823
v -47.69607186317444 12.499989873057945 -62.1587296823825
v -39.17466998100281 12.499988945417396 -67.85254682105437
v -39.17466998100281 12.499988945417396 -67.85254682105437
v -47.69607186317444 12.499989873057945 -62.1587296823825
v -45.65710723400116 -0.000009694024549413828 -59.50149893760681
v -39.17466998100281 12.499988945417396 -67.85254682105437
v -45.65710723400116 -0.000009694024549413828 -59.50149893760681
v -37.499988079071045 -0.000010582009956507904 -64.9519145488739
v -37.499988079071045 -0.000010582009956507904 -64.9519145488739
v -45.65710723400116 -0.000009694024549413828 -59.50149893760681
v -47.69607186317444 -12.500010126942055 -62.15872560936555
v -37.499988079071045 -0.000010582009956507904 -64.9519145488739
v -47.69607186317444 -12.500010126942055 -62.15872560936555
v -39.17466998100281 -12.500011054582604 -67.85254274803742
v -39.17466998100281 -12.500011054582604 -67.85254274803742
v -47.69607186317444 -12.500010126942055 -62.15872560936555
v -53.266626596450806 -21.650646015716152 -69.4184148801041
v -39.17466998100281 -12.500011054582604 -67.85254274803742
v -53.266626596450806 -21.650646015716152 -69.4184148801041
v -43.749988079071045 -21.65064705169848 -75.77722911960605
v -43.749988079071045 -21.65064705169848 -75.77722911960605
v -53.266626596450806 -21.650646015716152 -69.4184148801041
v -60.87614297866821 -25.00001292536607 -79.33532784379213
v -43.749988079071045 -21.65064705169848 -75.77722911960605
v -60.87614297866821 -25.00001292536607 -79.33532784379213
v -49.999985098838806 -25.00001410934629 -86.60254667199342
v -49.999985098838806 -25.00001410934629 -86.60254667199342
v -60.87614297866821 -25.00001292536607 -79.33532784379213
v -68.48565936088562 -21.6506492470567 -89.25224189884189
v -49.999985098838806 -25.00001410934629 -86.60254667199342
v -68.48565936088562 -21.6506492470567 -89.25224189884189
v -56.24998211860657 -21.65065057903481 -97.42786531574252
v -56.24998211860657 -21.65065057903481 -97.42786531574252
v -68.48565936088562 -21.6506492470567 -89.25224189884189
v -74.05621409416199 -12.500015723790085 -96.51193415123566
v -56.24998211860657 -21.65065057903481 -97.42786531574252
v -74.05621409416199 -12.500015723790085 -96.51193415123566
v -60.825300216674805 -12.500017164109973 -105.35255466896638
v -60.825300216674805 -12.500017164109973 -105.35255466896638
v -74.05621409416199 -12.500015723790085 -96.51193415123566
v -76.09517574310303 -0.000016156707587459074 -99.16916489601135
v -60.825300216674805 -12.500017164109973 -105.35255466896638
v -76.09517574310303 -0.000016156707587459074 -99.16916489601135
v -62.49998211860657 -0.00001763668358964351 -108.25319290161133
v -76.09517574310303 -0.000016156707587459074 -99.16916489601135
v -88.38837146759033 -0.000014400285643417296 -88.38832378387451
v -86.02001070976257 12.499985985568326 -86.0199710230197
v -76.09517574310303 -0.000016156707587459074 -99.16916489601135
v -86.02001070976257 12.499985985568326 -86.0199710230197
v -74.05621409416199 12.499984276209915 -96.51193822425262
v -74.05621409416199 12.499984276209915 -96.51193822425262
v -86.02001070976257 12.499985985568326 -86.0199710230197
v -79.5495331287384 21.650621745763278 -79.54949493282315
v -74.05621409416199 12.499984276209915 -96.51193822425262
v -79.5495331287384 21.650621745763278 -79.54949493282315
v -68.48565936088562 21.650620164984012 -89.25224895351407
v -68.48565936088562 21.650620164984012 -89.25224895351407
v -79.5495331287384 21.650621745763278 -79.54949493282315
v -70.71069478988647 24.999988479771485 -70.71066310011656
v -68.48565936088562 21.650620164984012 -89.25224895351407
v -70.71069478988647 24.999988479771485 -70.71066310011656
v -60.87614297866821 24.99998707463393 -79.33533598982604
v -60.87614297866821 24.99998707463393 -79.33533598982604
v -70.71069478988647 24.999988479771485 -70.71066310011656
v -61.871856451034546 21.650624625820406 -61.87183017604824
v -60.87614297866821 24.99998707463393 -79.33533598982604
v -61.871856451034546 21.650624625820406 -61.87183017604824
v -53.266626596450806 21.65062339632456 -69.41842193477628
v -53.266626596450806 21.65062339632456 -69.41842193477628
v -61.871856451034546 21.650624625820406 -61.87183017604824
v -55.401378870010376 12.499990973974645 -55.401351104196465
v -53.266626596450806 21.65062339632456 -69.41842193477628
v -55.401378870010376 12.499990973974645 -55.401351104196465
v -47.69607186317444 12.499989873057945 -62.1587296823825
v -47.69607186317444 12.499989873057945 -62.1587296823825
v -55.401378870010376 12.499990973974645 -55.401351104196465
v -53.03301811218262 -0.00000864017138298876 -53.03299427032471
v -47.69607186317444 12.499989873057945 -62.1587296823825
v -53.03301811218262 -0.00000864017138298876 -53.03299427032471
v -45.65710723400116 -0.000009694024549413828 -59.50149893760681
v -45.65710723400116 -0.000009694024549413828 -59.50149893760681
v -53.03301811218262 -0.00000864017138298876 -53.03299427032471
v -55.401378870010376 -12.500009026025355 -55.40134703117951
v -45.65710723400116 -0.000009694024549413828 -59.50149893760681
v -55.401378870010376 -12.500009026025355 -55.40134703117951
v -47.69607186317444 -12.500010126942055 -62.15872560936555
v -47.69607186317444 -12.500010126942055 -62.15872560936555
v -55.401378870010376 -12.500009026025355 -55.40134703117951
v -61.871856451034546 -21.650644786220305 -61.871823121376075
v -47.69607186317444 -12.500010126942055 -62.15872560936555
v -61.871856451034546 -21.650644786220305 -61.871823121376075
v -53.266626596450806 -21.650646015716152 -69.4184148801041
v -53.266626596450806 -21.650646015716152 -69.4184148801041
v -61.871856451034546 -21.650644786220305 -61.871823121376075
v -70.71069478988647 -25.000011520228515 -70.71065495408266
v -53.266626596450806 -21.650646015716152 -69.4184148801041
v -70.71069478988647 -25.000011520228515 -70.71065495408266
v -60.87614297866821 -25.00001292536607 -79.33532784379213
v -60.87614297866821 -25.00001292536607 -79.33532784379213
v -70.71069478988647 -25.000011520228515 -70.71065495408266
v -79.5495331287384 -21.650647666277433 -79.54948787815097
v -60.87614297866821 -25.00001292536607 -79.33532784379213
v -79.5495331287384 -21.650647666277433 -79.54948787815097
v -68.48565936088562 -21.6506492470567 -89.25224189884189
v -68.48565936088562 -21.6506492470567 -89.25224189884189
v -79.5495331287384 -21.650647666277433 -79.54948787815097
v -86.02001070976257 -12.500014014431674 -86.01996695000275
v -68.48565936088562 -21.6506492470567 -89.25224189884189
v -86.02001070976257 -12.500014014431674 -86.01996695000275
v -74.05621409416199 -12.500015723790085 -96.51193415123566
v -74.05621409416199 -12.500015723790085 -96.51193415123566
v -86.02001070976257 -12.500014014431674 -86.01996695000275
v -88.38837146759033 -0.000014400285643417296 -88.38832378387451
v -74.05621409416199 -12.500015723790085 -96.51193415123566
v -88.38837146759033 -0.000014400285643417296 -88.38832378387451
v -76.09517574310303 -0.000016156707587459074 -99.16916489601135
v -88.38837146759033 -0.000014400285643417296 -88.38832378387451
v -99.16916489601135 -0.00001239747762912818 -76.09517574310303
v -96.51193618774414 12.499987934711385 -74.05621613067046
v -88.38837146759033 -0.000014400285643417296 -88.38832378387451
v -96.51193618774414 12.499987934711385 -74.05621613067046
v -86.02001070976257 12.499985985568326 -86.0199710230197
v -86.02001070976257 12.499985985568326 -86.0199710230197
v -96.51193618774414 12.499987934711385 -74.05621613067046
v -89.25224542617798 21.650623548290294 -68.48566288822171
v -86.02001070976257 12.499985985568326 -86.0199710230197
v -89.25224542617798 21.650623548290294 -68.48566288822171
v -79.5495331287384 21.650621745763278 -79.54949493282315
v -79.5495331287384 21.650621745763278 -79.54949493282315
v -89.25224542617798 21.650623548290294 -68.48566288822171
v -79.33533191680908 24.999990082017508 -60.876147051685166
v -79.5495331287384 21.650621745763278 -79.54949493282315
v -79.33533191680908 24.999990082017508 -60.876147051685166
v -70.71069478988647 24.999988479771485 -70.71066310011656
v -70.71069478988647 24.999988479771485 -70.71066310011656
v -79.33533191680908 24.999990082017508 -60.876147051685166
v -69.41841840744019 21.65062602778543 -53.26663012378689
v -70.71069478988647 24.999988479771485 -70.71066310011656
v -69.41841840744019 21.65062602778543 -53.26663012378689
v -61.871856451034546 21.650624625820406 -61.87183017604824
v -61.871856451034546 21.650624625820406 -61.87183017604824
v -69.41841840744019 21.65062602778543 -53.26663012378689
v -62.15872764587402 12.499992229323631 -47.696073899682915
v -61.871856451034546 21.650624625820406 -61.87183017604824
v -62.15872764587402 12.499992229323631 -47.696073899682915
v -55.401378870010376 12.499990973974645 -55.401351104196465
v -55.401378870010376 12.499990973974645 -55.401351104196465
v -62.15872764587402 12.499992229323631 -47.696073899682915
v -59.50149893760681 -0.0000074384868657401655 -45.65710723400116
v -55.401378870010376 12.499990973974645 -55.401351104196465
v -59.50149893760681 -0.0000074384868657401655 -45.65710723400116
v -53.03301811218262 -0.00000864017138298876 -53.03299427032471
v -53.03301811218262 -0.00000864017138298876 -53.03299427032471
v -59.50149893760681 -0.0000074384868657401655 -45.65710723400116
v -62.15872764587402 -12.500007770676369 -47.69606982666596
v -53.03301811218262 -0.00000864017138298876 -53.03299427032471
v -62.15872764587402 -12.500007770676369 -47.69606982666596
v -55.401378870010376 -12.500009026025355 -55.40134703117951
v -55.401378870010376 -12.500009026025355 -55.40134703117951
v -62.15872764587402 -12.500007770676369 -47.69606982666596
v -69.41841840744019 -21.65064338425528 -53.26662306911472
v -55.401378870010376 -12.500009026025355 -55.40134703117951
v -69.41841840744019 -21.65064338425528 -53.26662306911472
v -61.871856451034546 -21.650644786220305 -61.871823121376075
v -61.871856451034546 -21.650644786220305 -61.871823121376075
v -69.41841840744019 -21.65064338425528 -53.26662306911472
v -79.33533191680908 -25.000009917982492 -60.87613890565126
v -61.871856451034546 -21.650644786220305 -61.871823121376075
v -79.33533191680908 -25.000009917982492 -60.87613890565126
v -70.71069478988647 -25.000011520228515 -70.71065495408266
v -70.71069478988647 -25.000011520228515 -70.71065495408266
v -79.33533191680908 -25.000009917982492 -60.87613890565126
v -89.25224542617798 -21.650645863750416 -68.48565583354953
v -70.71069478988647 -25.000011520228515 -70.71065495408266
v -89.25224542617798 -21.650645863750416 -68.48565583354953
v -79.5495331287384 -21.650647666277433 -79.54948787815097
v -79.5495331287384 -21.650647666277433 -79.54948787815097
v -89.25224542617798 -21.650645863750416 -68.48565583354953
v -96.51193618774414 -12.500012065288615 -74.05621205765351
v -79.5495331287384 -21.650647666277433 -79.54948787815097
v -96.51193618774414 -12.500012065288615 -74.05621205765351
v -86.02001070976257 -12.500014014431674 -86.01996695000275
v -86.02001070976257 -12.500014014431674 -86.01996695000275
v -96.51193618774414 -12.500012065288615 -74.05621205765351
v -99.16916489601135 -0.00001239747762912818 -76.09517574310303
v -86.02001070976257 -12.500014014431674 -86.01996695000275
v -99.16916489601135 -0.00001239747762912818 -76.09517574310303
v -88.38837146759033 -0.000014400285643417296 -88.38832378387451
v -99.16916489601135 -0.00001239747762912818 -76.09517574310303
v -108.25315713882446 -0.000010182547234137443 -62.50002980232239
v -105.35252094268799 12.499990090293077 -60.8253499368991
v -99.16916489601135 -0.00001239747762912818 -76.09517574310303
v -105.35252094268799 12.499990090293077 -60.8253499368991
v -96.51193618774414 12.499987934711385 -74.05621613067046
v -96.51193618774414 12.499987934711385 -74.05621613067046
v -105.35252094268799 12.499990090293077 -60.8253499368991
v -97.4278450012207 21.65062554172833 -56.250027369193994
v -96.51193618774414 12.499987934711385 -74.05621613067046
v -97.4278450012207 21.65062554172833 -56.250027369193994
v -89.25224542617798 21.650623548290294 -68.48566288822171
v -89.25224542617798 21.650623548290294 -68.48566288822171
v -97.4278450012207 21.65062554172833 -56.250027369193994
v -86.60252690315247 24.999991853962214 -50.00002791487486
v -89.25224542617798 21.650623548290294 -68.48566288822171
v -86.60252690315247 24.999991853962214 -50.00002791487486
v -79.33533191680908 24.999990082017508 -60.876147051685166
v -79.33533191680908 24.999990082017508 -60.876147051685166
v -86.60252690315247 24.999991853962214 -50.00002791487486
v -75.77720880508423 21.65062757823729 -43.750024388961755
v -79.33533191680908 24.999990082017508 -60.876147051685166
v -75.77720880508423 21.65062757823729 -43.750024388961755
v -69.41841840744019 21.65062602778543 -53.26663012378689
v -69.41841840744019 21.65062602778543 -53.26663012378689
v -75.77720880508423 21.65062757823729 -43.750024388961755
v -67.85252690315247 12.499993617631349 -39.17470181983367
v -69.41841840744019 21.65062602778543 -53.26663012378689
v -67.85252690315247 12.499993617631349 -39.17470181983367
v -62.15872764587402 12.499992229323631 -47.696073899682915
v -62.15872764587402 12.499992229323631 -47.696073899682915
v -67.85252690315247 12.499993617631349 -39.17470181983367
v -64.95189666748047 -0.000006109528337420849 -37.50001788139343
v -62.15872764587402 12.499992229323631 -47.696073899682915
v -64.95189666748047 -0.000006109528337420849 -37.50001788139343
v -59.50149893760681 -0.0000074384868657401655 -45.65710723400116
v -59.50149893760681 -0.0000074384868657401655 -45.65710723400116
v -64.95189666748047 -0.000006109528337420849 -37.50001788139343
v -67.85252690315247 -12.500006382368651 -39.17469774681672
v -59.50149893760681 -0.0000074384868657401655 -45.65710723400116
v -67.85252690315247 -12.500006382368651 -39.17469774681672
v -62.15872764587402 -12.500007770676369 -47.69606982666596
v -62.15872764587402 -12.500007770676369 -47.69606982666596
v -67.85252690315247 -12.500006382368651 -39.17469774681672
v -75.77720880508423 -21.65064183380342 -43.75001733428959
v -62.15872764587402 -12.500007770676369 -47.69606982666596
v -75.77720880508423 -21.65064183380342 -43.75001733428959
v -69.41841840744019 -21.65064338425528 -53.26662306911472
v -69.41841840744019 -21.65064338425528 -53.26662306911472
v -75.77720880508423 -21.65064183380342 -43.75001733428959
v -86.60252690315247 -25.000008146037786 -50.00001976884096
v -69.41841840744019 -21.65064338425528 -53.26662306911472
v -86.60252690315247 -25.000008146037786 -50.00001976884096
v -79.33533191680908 -25.000009917982492 -60.87613890565126
v -79.33533191680908 -25.000009917982492 -60.87613890565126
v -86.60252690315247 -25.000008146037786 -50.00001976884096
v -97.4278450012207 -21.65064387031238 -56.25002031452183
v -79.33533191680908 -25.000009917982492 -60.87613890565126
v -97.4278450012207 -21.65064387031238 -56.25002031452183
v -89.25224542617798 -21.650645863750416 -68.48565583354953
v -89.25224542617798 -21.650645863750416 -68.48565583354953
v -97.4278450012207 -21.65064387031238 -56.25002031452183
v -105.35252094268799 -12.500009909706923 -60.82534586388215
v -89.25224542617798 -21.650645863750416 -68.48565583354953
v -105.35252094268799 -12.500009909706923 -60.82534586388215
v -96.51193618774414 -12.500012065288615 -74.05621205765351
v -96.51193618774414 -12.500012065288615 -74.05621205765351
v -105.35252094268799 -12.500009909706923 -60.82534586388215
v -108.25315713882446 -0.000010182547234137443 -62.50002980232239
v -96.51193618774414 -12.500012065288615 -74.05621205765351
v -108.25315713882446 -0.000010182547234137443 -62.50002980232239
v -99.16916489601135 -0.00001239747762912818 -76.09517574310303
v -108.25315713882446 -0.000010182547234137443 -62.50002980232239
v -115.48494100570679 -0.000007793381743885248 -47.83543646335602
v -112.39053010940552 12.499992415441383 -46.55369127791778
v -108.25315713882446 -0.000010182547234137443 -62.50002980232239
v -112.39053010940552 12.499992415441383 -46.55369127791778
v -105.35252094268799 12.499990090293077 -60.8253499368991
v -105.35252094268799 12.499990090293077 -60.8253499368991
v -112.39053010940552 12.499992415441383 -46.55369127791778
v -103.93644571304321 21.650627691976833 -43.051896046333276
v -105.35252094268799 12.499990090293077 -60.8253499368991
v -103.93644571304321 21.650627691976833 -43.051896046333276
v -97.4278450012207 21.65062554172833 -56.250027369193994
v -97.4278450012207 21.65062554172833 -56.250027369193994
v -103.93644571304321 21.650627691976833 -43.051896046333276
v -92.38795042037964 24.9999937652947 -38.26835264765532
v -97.4278450012207 21.65062554172833 -56.250027369193994
v -92.38795042037964 24.9999937652947 -38.26835264765532
v -86.60252690315247 24.999991853962214 -50.00002791487486
v -86.60252690315247 24.999991853962214 -50.00002791487486
v -92.38795042037964 24.9999937652947 -38.26835264765532
v -80.83945512771606 21.65062925065328 -33.484808157615625
v -86.60252690315247 24.999991853962214 -50.00002791487486
v -80.83945512771606 21.65062925065328 -33.484808157615625
v -75.77720880508423 21.65062757823729 -43.750024388961755
v -75.77720880508423 21.65062757823729 -43.750024388961755
v -80.83945512771606 21.65062925065328 -33.484808157615625
v -72.38537073135376 12.499995115148021 -29.983009944375908
v -75.77720880508423 21.65062757823729 -43.750024388961755
v -72.38537073135376 12.499995115148021 -29.983009944375908
v -67.85252690315247 12.499993617631349 -39.17470181983367
v -67.85252690315247 12.499993617631349 -39.17470181983367
v -72.38537073135376 12.499995115148021 -29.983009944375908
v -69.29095983505249 -0.000004676028849052949 -28.701260685920715
v -67.85252690315247 12.499993617631349 -39.17470181983367
v -69.29095983505249 -0.000004676028849052949 -28.701260685920715
v -64.95189666748047 -0.000006109528337420849 -37.50001788139343
v -64.95189666748047 -0.000006109528337420849 -37.50001788139343
v -69.29095983505249 -0.000004676028849052949 -28.701260685920715
v -72.38537073135376 -12.500004884851979 -29.983005871358955
v -64.95189666748047 -0.000006109528337420849 -37.50001788139343
v -72.38537073135376 -12.500004884851979 -29.983005871358955
v -67.85252690315247 -12.500006382368651 -39.17469774681672
v -67.85252690315247 -12.500006382368651 -39.17469774681672
v -72.38537073135376 -12.500004884851979 -29.983005871358955
v -80.83945512771606 -21.65064016138743 -33.48480110294346
v -67.85252690315247 -12.500006382368651 -39.17469774681672
v -80.83945512771606 -21.65064016138743 -33.48480110294346
v -75.77720880508423 -21.65064183380342 -43.75001733428959
v -75.77720880508423 -21.65064183380342 -43.75001733428959
v -80.83945512771606 -21.65064016138743 -33.48480110294346
v -92.38795042037964 -25.0000062347053 -38.268344501621414
v -75.77720880508423 -21.65064183380342 -43.75001733428959
v -92.38795042037964 -25.0000062347053 -38.268344501621414
v -86.60252690315247 -25.000008146037786 -50.00001976884096
v -86.60252690315247 -25.000008146037786 -50.00001976884096
v -92.38795042037964 -25.0000062347053 -38.268344501621414
v -103.93644571304321 -21.650641720063877 -43.05188899166111
v -86.60252690315247 -25.000008146037786 -50.00001976884096
v -103.93644571304321 -21.650641720063877 -43.05188899166111
v -97.4278450012207 -21.65064387031238 -56.25002031452183
v -97.4278450012207 -21.65064387031238 -56.25002031452183
v -103.93644571304321 -21.650641720063877 -43.05188899166111
v -112.39053010940552 -12.500007584558617 -46.553687204900825
v -97.4278450012207 -21.65064387031238 -56.25002031452183
v -112.39053010940552 -12.500007584558617 -46.553687204900825
v -105.35252094268799 -12.500009909706923 -60.82534586388215
v -105.35252094268799 -12.500009909706923 -60.82534586388215
v -112.39053010940552 -12.500007584558617 -46.553687204900825
v -115.48494100570679 -0.000007793381743885248 -47.83543646335602
v -105.35252094268799 -12.500009909706923 -60.82534586388215
v -115.48494100570679 -0.000007793381743885248 -47.83543646335602
v -108.25315713882446 -0.000010182547234137443 -62.50002980232239
v -115.48494100570679 -0.000007793381743885248 -47.83543646335602
v -120.74073553085327 -0.000005270869090016732 -32.35236406326294
v -117.50550270080566 12.499994870363267 -31.48548806708709
v -115.48494100570679 -0.000007793381743885248 -47.83543646335602
v -117.50550270080566 12.499994870363267 -31.48548806708709
v -112.39053010940552 12.499992415441383 -46.55369127791778
v -112.39053010940552 12.499992415441383 -46.55369127791778
v -117.50550270080566 12.499994870363267 -31.48548806708709
v -108.66665840148926 21.650629962238078 -29.11713178031918
v -112.39053010940552 12.499992415441383 -46.55369127791778
v -108.66665840148926 21.650629962238078 -29.11713178031918
v -103.93644571304321 21.650627691976833 -43.051896046333276
v -103.93644571304321 21.650627691976833 -43.051896046333276
v -108.66665840148926 21.650629962238078 -29.11713178031918
v -96.59258723258972 24.999995783304534 -25.8818965157202
v -103.93644571304321 21.650627691976833 -43.051896046333276
v -96.59258723258972 24.999995783304534 -25.8818965157202
v -92.38795042037964 24.9999937652947 -38.26835264765532
v -92.38795042037964 24.9999937652947 -38.26835264765532
v -96.59258723258972 24.999995783304534 -25.8818965157202
v -84.51851606369019 21.6506310164117 -22.646660159759488
v -92.38795042037964 24.9999937652947 -38.26835264765532
v -84.51851606369019 21.6506310164117 -22.646660159759488
v -80.83945512771606 21.65062925065328 -33.484808157615625
v -80.83945512771606 21.65062925065328 -33.484808157615625
v -84.51851606369019 21.6506310164117 -22.646660159759488
v -75.67967772483826 12.499996696246043 -20.278299401220238
v -80.83945512771606 21.65062925065328 -33.484808157615625
v -75.67967772483826 12.499996696246043 -20.278299401220238
v -72.38537073135376 12.499995115148021 -29.983009944375908
v -72.38537073135376 12.499995115148021 -29.983009944375908
v -75.67967772483826 12.499996696246043 -20.278299401220238
v -72.44443893432617 -0.0000031625215966108596 -19.411419332027435
v -72.38537073135376 12.499995115148021 -29.983009944375908
v -72.44443893432617 -0.0000031625215966108596 -19.411419332027435
v -69.29095983505249 -0.000004676028849052949 -28.701260685920715
v -69.29095983505249 -0.000004676028849052949 -28.701260685920715
v -72.44443893432617 -0.0000031625215966108596 -19.411419332027435
v -75.67967772483826 -12.500003303753957 -20.278295328203285
v -69.29095983505249 -0.000004676028849052949 -28.701260685920715
v -75.67967772483826 -12.500003303753957 -20.278295328203285
v -72.38537073135376 -12.500004884851979 -29.983005871358955
v -72.38537073135376 -12.500004884851979 -29.983005871358955
v -75.67967772483826 -12.500003303753957 -20.278295328203285
v -84.51851606369019 -21.65063839562901 -22.646653105087314
v -72.38537073135376 -12.500004884851979 -29.983005871358955
v -84.51851606369019 -21.65063839562901 -22.646653105087314
v -80.83945512771606 -21.65064016138743 -33.48480110294346
v -80.83945512771606 -21.65064016138743 -33.48480110294346
v -84.51851606369019 -21.65063839562901 -22.646653105087314
v -96.59258723258972 -25.000004216695466 -25.881888369686294
v -80.83945512771606 -21.65064016138743 -33.48480110294346
v -96.59258723258972 -25.000004216695466 -25.881888369686294
v -92.38795042037964 -25.0000062347053 -38.268344501621414
v -92.38795042037964 -25.0000062347053 -38.268344501621414
v -96.59258723258972 -25.000004216695466 -25.881888369686294
v -108.66665840148926 -21.650639449802632 -29.117124725647006
v -92.38795042037964 -25.0000062347053 -38.268344501621414
v -108.66665840148926 -21.650639449802632 -29.117124725647006
v -103.93644571304321 -21.650641720063877 -43.05188899166111
v -103.93644571304321 -21.650641720063877 -43.05188899166111
v -108.66665840148926 -21.650639449802632 -29.117124725647006
v -117.50550270080566 -12.500005129636733 -31.485483994070137
v -103.93644571304321 -21.650641720063877 -43.05188899166111
v -117.50550270080566 -12.500005129636733 -31.485483994070137
v -112.39053010940552 -12.500007584558617 -46.553687204900825
v -112.39053010940552 -12.500007584558617 -46.553687204900825
v -117.50550270080566 -12.500005129636733 -31.485483994070137
v -120.74073553085327 -0.000005270869090016732 -32.35236406326294
v -112.39053010940552 -12.500007584558617 -46.553687204900825
v -120.74073553085327 -0.000005270869090016732 -32.35236406326294
v -115.48494100570679 -0.000007793381743885248 -47.83543646335602
v -120.74073553085327 -0.000005270869090016732 -32.35236406326294
v -123.93059730529785 -0.0000026581794917962043 -16.31578952074051
v -120.60989141464233 12.49999741304604 -15.878612349447167
v -120.74073553085327 -0.000005270869090016732 -32.35236406326294
v -120.60989141464233 12.49999741304604 -15.878612349447167
v -117.50550270080566 12.499994870363267 -31.48548806708709
v -117.50550270080566 12.499994870363267 -31.48548806708709
v -120.60989141464233 12.49999741304604 -15.878612349447167
v -111.53753995895386 21.65063231365879 -14.684214245014157
v -117.50550270080566 12.499994870363267 -31.48548806708709
v -111.53753995895386 21.65063231365879 -14.684214245014157
v -108.66665840148926 21.650629962238078 -29.11713178031918
v -108.66665840148926 21.650629962238078 -29.11713178031918
v -111.53753995895386 21.65063231365879 -14.684214245014157
v -99.14448261260986 24.99999787345636 -13.052635987632582
v -108.66665840148926 21.650629962238078 -29.11713178031918
v -99.14448261260986 24.99999787345636 -13.052635987632582
v -96.59258723258972 24.999995783304534 -25.8818965157202
v -96.59258723258972 24.999995783304534 -25.8818965157202
v -99.14448261260986 24.99999787345636 -13.052635987632582
v -86.75142526626587 21.650632845294638 -11.42105663888928
v -96.59258723258972 24.999995783304534 -25.8818965157202
v -86.75142526626587 21.650632845294638 -11.42105663888928
v -84.51851606369019 21.6506310164117 -22.646660159759488
v -84.51851606369019 21.6506310164117 -22.646660159759488
v -86.75142526626587 21.650632845294638 -11.42105663888928
v -77.67907381057739 12.499998333866554 -10.226656297859108
v -84.51851606369019 21.6506310164117 -22.646660159759488
v -77.67907381057739 12.499998333866554 -10.226656297859108
v -75.67967772483826 12.499996696246043 -20.278299401220238
v -75.67967772483826 12.499996696246043 -20.278299401220238
v -77.67907381057739 12.499998333866554 -10.226656297859108
v -74.3583619594574 -0.000001594907789124397 -9.789474308490753
v -75.67967772483826 12.499996696246043 -20.278299401220238
v -74.3583619594574 -0.000001594907789124397 -9.789474308490753
v -72.44443893432617 -0.0000031625215966108596 -19.411419332027435
v -72.44443893432617 -0.0000031625215966108596 -19.411419332027435
v -74.3583619594574 -0.000001594907789124397 -9.789474308490753
v -77.67907381057739 -12.500001666133446 -10.226652224842155
v -72.44443893432617 -0.0000031625215966108596 -19.411419332027435
v -77.67907381057739 -12.500001666133446 -10.226652224842155
v -75.67967772483826 -12.500003303753957 -20.278295328203285
v -75.67967772483826 -12.500003303753957 -20.278295328203285
v -77.67907381057739 -12.500001666133446 -10.226652224842155
v -86.75142526626587 -21.650636566746073 -11.421049584217105
v -75.67967772483826 -12.500003303753957 -20.278295328203285
v -86.75142526626587 -21.650636566746073 -11.421049584217105
v -84.51851606369019 -21.65063839562901 -22.646653105087314
v -84.51851606369019 -21.65063839562901 -22.646653105087314
v -86.75142526626587 -21.650636566746073 -11.421049584217105
v -99.14448261260986 -25.00000212654364 -13.05262784159868
v -84.51851606369019 -21.65063839562901 -22.646653105087314
v -99.14448261260986 -25.00000212654364 -13.05262784159868
v -96.59258723258972 -25.000004216695466 -25.881888369686294
v -96.59258723258972 -25.000004216695466 -25.881888369686294
v -99.14448261260986 -25.00000212654364 -13.05262784159868
v -111.53753995895386 -21.65063709838192 -14.684207190341983
v -96.59258723258972 -25.000004216695466 -25.881888369686294
v -111.53753995895386 -21.65063709838192 -14.684207190341983
v -108.66665840148926 -21.650639449802632 -29.117124725647006
v -108.66665840148926 -21.650639449802632 -29.117124725647006
v -111.53753995895386 -21.65063709838192 -14.684207190341983
v -120.60989141464233 -12.50000258695396 -15.878608276430214
v -108.66665840148926 -21.650639449802632 -29.117124725647006
v -120.60989141464233 -12.50000258695396 -15.878608276430214
v -117.50550270080566 -12.500005129636733 -31.485483994070137
v -117.50550270080566 -12.500005129636733 -31.485483994070137
v -120.60989141464233 -12.50000258695396 -15.878608276430214
v -123.93059730529785 -0.0000026581794917962043 -16.31578952074051
v -117.50550270080566 -12.500005129636733 -31.485483994070137
v -123.93059730529785 -0.0000026581794917962043 -16.31578952074051
v -120.74073553085327 -0.000005270869090016732 -32.35236406326294
v -123.93059730529785 -0.0000026581794917962043 -16.31578952074051
v -125 -1.7803723125311303e-12 -0.00001092784742695585
v -121.65063619613647 12.499999999998268 -0.000012671544794007366
v -123.93059730529785 -0.0000026581794917962043 -16.31578952074051
v -121.65063619613647 12.499999999998268 -0.000012671544794007366
v -120.60989141464233 12.49999741304604 -15.878612349447167
v -120.60989141464233 12.49999741304604 -15.878612349447167
v -121.65063619613647 12.499999999998268 -0.000012671544794007366
v -112.5 21.650634706018753 -0.000013362398628876526
v -120.60989141464233 12.49999741304604 -15.878612349447167
v -112.5 21.650634706018753 -0.000013362398628876526
v -111.53753995895386 21.65063231365879 -14.684214245014157
v -111.53753995895386 21.65063231365879 -14.684214245014157
v -112.5 21.650634706018753 -0.000013362398628876526
v -100 24.999999999998575 -0.000012815294608836735
v -111.53753995895386 21.65063231365879 -14.684214245014157
v -100 24.999999999998575 -0.000012815294608836735
v -99.14448261260986 24.99999787345636 -13.052635987632582
v -99.14448261260986 24.99999787345636 -13.052635987632582
v -100 24.999999999998575 -0.000012815294608836735
v -87.5 21.650634706019108 -0.000011176828859268261
v -99.14448261260986 24.99999787345636 -13.052635987632582
v -87.5 21.650634706019108 -0.000011176828859268261
v -86.75142526626587 21.650632845294638 -11.42105663888928
v -86.75142526626587 21.650632845294638 -11.42105663888928
v -87.5 21.650634706019108 -0.000011176828859268261
v -78.34936380386353 12.499999999998884 -0.000008886027472176954
v -86.75142526626587 21.650632845294638 -11.42105663888928
v -78.34936380386353 12.499999999998884 -0.000008886027472176954
v -77.67907381057739 12.499998333866554 -10.226656297859108
v -77.67907381057739 12.499998333866554 -10.226656297859108
v -78.34936380386353 12.499999999998884 -0.000008886027472176954
v -75 -1.0651616777775318e-12 -0.000006556707887739322
v -77.67907381057739 12.499998333866554 -10.226656297859108
v -75 -1.0651616777775318e-12 -0.000006556707887739322
v -74.3583619594574 -0.000001594907789124397 -9.789474308490753
v -74.3583619594574 -0.000001594907789124397 -9.789474308490753
v -75 -1.0651616777775318e-12 -0.000006556707887739322
v -78.34936380386353 -12.500000000001116 -0.0000048130105206878055
v -74.3583619594574 -0.000001594907789124397 -9.789474308490753
v -78.34936380386353 -12.500000000001116 -0.0000048130105206878055
v -77.67907381057739 -12.500001666133446 -10.226652224842155
v -77.67907381057739 -12.500001666133446 -10.226652224842155
v -78.34936380386353 -12.500000000001116 -0.0000048130105206878055
v -87.5 -21.650634706021602 -0.000004122156685818646
v -77.67907381057739 -12.500001666133446 -10.226652224842155
v -87.5 -21.650634706021602 -0.000004122156685818646
v -86.75142526626587 -21.650636566746073 -11.421049584217105
v -86.75142526626587 -21.650636566746073 -11.421049584217105
v -87.5 -21.650634706021602 -0.000004122156685818646
v -100 -25.000000000001425 -0.000004669260705858437
v -86.75142526626587 -21.650636566746073 -11.421049584217105
v -100 -25.000000000001425 -0.000004669260705858437
v -99.14448261260986 -25.00000212654364 -13.05262784159868
v -99.14448261260986 -25.00000212654364 -13.05262784159868
v -100 -25.000000000001425 -0.000004669260705858437
v -112.5 -21.650634706021957 -0.00000630772645542691
v -99.14448261260986 -25.00000212654364 -13.05262784159868
v -112.5 -21.650634706021957 -0.00000630772645542691
v -111.53753995895386 -21.65063709838192 -14.684207190341983
v -111.53753995895386 -21.65063709838192 -14.684207190341983
v -112.5 -21.650634706021957 -0.00000630772645542691
v -121.65063619613647 -12.500000000001732 -0.000008598527842518217
v -111.53753995895386 -21.65063709838192 -14.684207190341983
v -121.65063619613647 -12.500000000001732 -0.000008598527842518217
v -120.60989141464233 -12.50000258695396 -15.878608276430214
v -120.60989141464233 -12.50000258695396 -15.878608276430214
v -121.65063619613647 -12.500000000001732 -0.000008598527842518217
v -125 -1.7803723125311303e-12 -0.00001092784742695585
v -120.60989141464233 -12.50000258695396 -15.878608276430214
v -125 -1.7803723125311303e-12 -0.00001092784742695585
v -123.93059730529785 -0.0000026581794917962043 -16.31578952074051
v -125 -1.7803723125311303e-12 -0.00001092784742695585
v -123.93059730529785 0.0000026581794917962043 16.31578952074051
v -120.60989141464233 12.50000258695396 15.878608276430214
v -125 -1.7803723125311303e-12 -0.00001092784742695585
v -120.60989141464233 12.50000258695396 15.878608276430214
v -121.65063619613647 12.499999999998268 -0.000012671544794007366
v -121.65063619613647 12.499999999998268 -0.000012671544794007366
v -120.60989141464233 12.50000258695396 15.878608276430214
v -111.53753995895386 21.65063709838192 14.684207190341983
v -121.65063619613647 12.499999999998268 -0.000012671544794007366
v -111.53753995895386 21.65063709838192 14.684207190341983
v -112.5 21.650634706018753 -0.000013362398628876526
v -112.5 21.650634706018753 -0.000013362398628876526
v -111.53753995895386 21.65063709838192 14.684207190341983
v -99.14448261260986 25.00000212654364 13.05262784159868
v -112.5 21.650634706018753 -0.000013362398628876526
v -99.14448261260986 25.00000212654364 13.05262784159868
v -100 24.999999999998575 -0.000012815294608836735
v -100 24.999999999998575 -0.000012815294608836735
v -99.14448261260986 25.00000212654364 13.05262784159868
v -86.75142526626587 21.650636566746073 11.421049584217105
v -100 24.999999999998575 -0.000012815294608836735
v -86.75142526626587 21.650636566746073 11.421049584217105
v -87.5 21.650634706019108 -0.000011176828859268261
v -87.5 21.650634706019108 -0.000011176828859268261
v -86.75142526626587 21.650636566746073 11.421049584217105
v -77.67907381057739 12.500001666133446 10.226652224842155
v -87.5 21.650634706019108 -0.000011176828859268261
v -77.67907381057739 12.500001666133446 10.226652224842155
v -78.34936380386353 12.499999999998884 -0.000008886027472176954
v -78.34936380386353 12.499999999998884 -0.000008886027472176954
v -77.67907381057739 12.500001666133446 10.226652224842155
v -74.3583619594574 0.0000015949077952476311 9.789474308490753
v -78.34936380386353 12.499999999998884 -0.000008886027472176954
v -74.3583619594574 0.0000015949077952476311 9.789474308490753
v -75 -1.0651616777775318e-12 -0.000006556707887739322
v -75 -1.0651616777775318e-12 -0.000006556707887739322
v -74.3583619594574 0.0000015949077952476311 9.789474308490753
v -77.67907381057739 -12.499998333866554 10.226656297859108
v -75 -1.0651616777775318e-12 -0.000006556707887739322
v -77.67907381057739 -12.499998333866554 10.226656297859108
v -78.34936380386353 -12.500000000001116 -0.0000048130105206878055
v -78.34936380386353 -12.500000000001116 -0.0000048130105206878055
v -77.67907381057739 -12.499998333866554 10.226656297859108
v -86.75142526626587 -21.650632845294638 11.42105663888928
v -78.34936380386353 -12.500000000001116 -0.0000048130105206878055
v -86.75142526626587 -21.650632845294638 11.42105663888928
v -87.5 -21.650634706021602 -0.000004122156685818646
v -87.5 -21.650634706021602 -0.000004122156685818646
v -86.75142526626587 -21.650632845294638 11.42105663888928
v -99.14448261260986 -24.99999787345636 13.052635987632582
v -87.5 -21.650634706021602 -0.000004122156685818646
v -99.14448261260986 -24.99999787345636 13.052635987632582
v -100 -25.000000000001425 -0.000004669260705858437
v -100 -25.000000000001425 -0.000004669260705858437
v -99.14448261260986 -24.99999787345636 13.052635987632582
v -111.53753995895386 -21.65063231365879 14.684214245014157
v -100 -25.000000000001425 -0.000004669260705858437
v -111.53753995895386 -21.65063231365879 14.684214245014157
v -112.5 -21.650634706021957 -0.00000630772645542691
v -112.5 -21.650634706021957 -0.00000630772645542691
v -111.53753995895386 -21.65063231365879 14.684214245014157
v -120.60989141464233 -12.49999741304604 15.878612349447167
v -112.5 -21.650634706021957 -0.00000630772645542691
v -120.60989141464233 -12.49999741304604 15.878612349447167
v -121.65063619613647 -12.500000000001732 -0.000008598527842518217
v -121.65063619613647 -12.500000000001732 -0.000008598527842518217
v -120.60989141464233 -12.49999741304604 15.878612349447167
v -123.93059730529785 0.0000026581794917962043 16.31578952074051
v -121.65063619613647 -12.500000000001732 -0.000008598527842518217
v -123.93059730529785 0.0000026581794917962043 16.31578952074051
v -125 -1.7803723125311303e-12 -0.00001092784742695585
v -123.93059730529785 0.0000026581794917962043 16.31578952074051
v -120.74073553085327 0.000005270869090016732 32.35236406326294
v -117.50550270080566 12.500005129636733 31.485483994070137
v -123.93059730529785 0.0000026581794917962043 16.31578952074051
v -117.50550270080566 12.500005129636733 31.485483994070137
v -120.60989141464233 12.50000258695396 15.878608276430214
v -120.60989141464233 12.50000258695396 15.878608276430214
v -117.50550270080566 12.500005129636733 31.485483994070137
v -108.66665840148926 21.650639449802632 29.117124725647006
v -120.60989141464233 12.50000258695396 15.878608276430214
v -108.66665840148926 21.650639449802632 29.117124725647006
v -111.53753995895386 21.65063709838192 14.684207190341983
v -111.53753995895386 21.65063709838192 14.684207190341983
v -108.66665840148926 21.650639449802632 29.117124725647006
v -96.59258723258972 25.000004216695466 25.881888369686294
v -111.53753995895386 21.65063709838192 14.684207190341983
v -96.59258723258972 25.000004216695466 25.881888369686294
v -99.14448261260986 25.00000212654364 13.05262784159868
v -99.14448261260986 25.00000212654364 13.05262784159868
v -96.59258723258972 25.000004216695466 25.881888369686294
v -84.51851606369019 21.65063839562901 22.646653105087314
v -99.14448261260986 25.00000212654364 13.05262784159868
v -84.51851606369019 21.65063839562901 22.646653105087314
v -86.75142526626587 21.650636566746073 11.421049584217105
v -86.75142526626587 21.650636566746073 11.421049584217105
v -84.51851606369019 21.65063839562901 22.646653105087314
v -75.67967772483826 12.500003303753957 20.278295328203285
v -86.75142526626587 21.650636566746073 11.421049584217105
v -75.67967772483826 12.500003303753957 20.278295328203285
v -77.67907381057739 12.500001666133446 10.226652224842155
v -77.67907381057739 12.500001666133446 10.226652224842155
v -75.67967772483826 12.500003303753957 20.278295328203285
v -72.44443893432617 0.000003162521602734094 19.411419332027435
v -77.67907381057739 12.500001666133446 10.226652224842155
v -72.44443893432617 0.000003162521602734094 19.411419332027435
v -74.3583619594574 0.0000015949077952476311 9.789474308490753
v -74.3583619594574 0.0000015949077952476311 9.789474308490753
v -72.44443893432617 0.000003162521602734094 19.411419332027435
v -75.67967772483826 -12.499996696246043 20.278299401220238
v -74.3583619594574 0.0000015949077952476311 9.789474308490753
v -75.67967772483826 -12.499996696246043 20.278299401220238
v -77.67907381057739 -12.499998333866554 10.226656297859108
v -77.67907381057739 -12.499998333866554 10.226656297859108
v -75.67967772483826 -12.499996696246043 20.278299401220238
v -84.51851606369019 -21.6506310164117 22.646660159759488
v -77.67907381057739 -12.499998333866554 10.226656297859108
v -84.51851606369019 -21.6506310164117 22.646660159759488
v -86.75142526626587 -21.650632845294638 11.42105663888928
v -86.75142526626587 -21.650632845294638 11.42105663888928
v -84.51851606369019 -21.6506310164117 22.646660159759488
v -96.59258723258972 -24.999995783304534 25.8818965157202
v -86.75142526626587 -21.650632845294638 11.42105663888928
v -96.59258723258972 -24.999995783304534 25.8818965157202
v -99.14448261260986 -24.99999787345636 13.052635987632582
v -99.14448261260986 -24.99999787345636 13.052635987632582
v -96.59258723258972 -24.999995783304534 25.8818965157202
v -108.66665840148926 -21.650629962238078 29.11713178031918
v -99.14448261260986 -24.99999787345636 13.052635987632582
v -108.66665840148926 -21.650629962238078 29.11713178031918
v -111.53753995895386 -21.65063231365879 14.684214245014157
v -111.53753995895386 -21.65063231365879 14.684214245014157
v -108.66665840148926 -21.650629962238078 29.11713178031918
v -117.50550270080566 -12.499994870363267 31.48548806708709
v -111.53753995895386 -21.65063231365879 14.684214245014157
v -117.50550270080566 -12.499994870363267 31.48548806708709
v -120.60989141464233 -12.49999741304604 15.878612349447167
v -120.60989141464233 -12.49999741304604 15.878612349447167
v -117.50550270080566 -12.499994870363267 31.48548806708709
v -120.74073553085327 0.000005270869090016732 32.35236406326294
v -120.60989141464233 -12.49999741304604 15.878612349447167
v -120.74073553085327 0.000005270869090016732 32.35236406326294
v -123.93059730529785 0.0000026581794917962043 16.31578952074051
v -120.74073553085327 0.000005270869090016732 32.35236406326294
v -115.4849648475647 0.00000779337300413902 47.83538281917572
v -112.39055395126343 12.500007584550364 46.553636540952766
v -120.74073553085327 0.000005270869090016732 32.35236406326294
v -112.39055395126343 12.500007584550364 46.553636540952766
v -117.50550270080566 12.500005129636733 31.485483994070137
v -117.50550270080566 12.500005129636733 31.485483994070137
v -112.39055395126343 12.500007584550364 46.553636540952766
v -103.93646955490112 21.650641720056107 43.05184130794529
v -117.50550270080566 12.500005129636733 31.485483994070137
v -103.93646955490112 21.650641720056107 43.05184130794529
v -108.66665840148926 21.650639449802632 29.117124725647006
v -108.66665840148926 21.650639449802632 29.117124725647006
v -103.93646955490112 21.650641720056107 43.05184130794529
v -92.38796830177307 25.0000062346985 38.26830277837007
v -108.66665840148926 21.650639449802632 29.117124725647006
v -92.38796830177307 25.0000062346985 38.26830277837007
v -96.59258723258972 25.000004216695466 25.881888369686294
v -96.59258723258972 25.000004216695466 25.881888369686294
v -92.38796830177307 25.0000062346985 38.26830277837007
v -80.8394730091095 21.650640161381602 33.48476534015659
v -96.59258723258972 25.000004216695466 25.881888369686294
v -80.8394730091095 21.650640161381602 33.48476534015659
v -84.51851606369019 21.65063839562901 22.646653105087314
v -84.51851606369019 21.65063839562901 22.646653105087314
v -80.8394730091095 21.650640161381602 33.48476534015659
v -72.38538265228271 12.500004884846637 29.98297308880433
v -84.51851606369019 21.65063839562901 22.646653105087314
v -72.38538265228271 12.500004884846637 29.98297308880433
v -75.67967772483826 12.500003303753957 20.278295328203285
v -75.67967772483826 12.500003303753957 20.278295328203285
v -72.38538265228271 12.500004884846637 29.98297308880433
v -69.29097771644592 0.000004676023999761612 28.701230883598328
v -75.67967772483826 12.500003303753957 20.278295328203285
v -69.29097771644592 0.000004676023999761612 28.701230883598328
v -72.44443893432617 0.000003162521602734094 19.411419332027435
v -72.44443893432617 0.000003162521602734094 19.411419332027435
v -69.29097771644592 0.000004676023999761612 28.701230883598328
v -72.38538265228271 -12.499995115153363 29.98297716182128
v -72.44443893432617 0.000003162521602734094 19.411419332027435
v -72.38538265228271 -12.499995115153363 29.98297716182128
v -75.67967772483826 -12.499996696246043 20.278299401220238
v -75.67967772483826 -12.499996696246043 20.278299401220238
v -72.38538265228271 -12.499995115153363 29.98297716182128
v -80.8394730091095 -21.650629250659108 33.48477239482876
v -75.67967772483826 -12.499996696246043 20.278299401220238
v -80.8394730091095 -21.650629250659108 33.48477239482876
v -84.51851606369019 -21.6506310164117 22.646660159759488
v -84.51851606369019 -21.6506310164117 22.646660159759488
v -80.8394730091095 -21.650629250659108 33.48477239482876
v -92.38796830177307 -24.9999937653015 38.26831092440398
v -84.51851606369019 -21.6506310164117 22.646660159759488
v -92.38796830177307 -24.9999937653015 38.26831092440398
v -96.59258723258972 -24.999995783304534 25.8818965157202
v -96.59258723258972 -24.999995783304534 25.8818965157202
v -92.38796830177307 -24.9999937653015 38.26831092440398
v -103.93646955490112 -21.650627691984603 43.051848362617456
v -96.59258723258972 -24.999995783304534 25.8818965157202
v -103.93646955490112 -21.650627691984603 43.051848362617456
v -108.66665840148926 -21.650629962238078 29.11713178031918
v -108.66665840148926 -21.650629962238078 29.11713178031918
v -103.93646955490112 -21.650627691984603 43.051848362617456
v -112.39055395126343 -12.499992415449636 46.55364061396972
v -108.66665840148926 -21.650629962238078 29.11713178031918
v -112.39055395126343 -12.499992415449636 46.55364061396972
v -117.50550270080566 -12.499994870363267 31.48548806708709
v -117.50550270080566 -12.499994870363267 31.48548806708709
v -112.39055395126343 -12.499992415449636 46.55364061396972
v -115.4849648475647 0.00000779337300413902 47.83538281917572
v -117.50550270080566 -12.499994870363267 31.48548806708709
v -115.4849648475647 0.00000779337300413902 47.83538281917572
v -120.74073553085327 0.000005270869090016732 32.35236406326294
v -115.4849648475647 0.00000779337300413902 47.83538281917572
v -108.25319290161133 0.000010182538494391215 62.49997615814209
v -105.35255670547485 12.500009909698184 60.82529221970185
v -115.4849648475647 0.00000779337300413902 47.83538281917572
v -105.35255670547485 12.500009909698184 60.82529221970185
v -112.39055395126343 12.500007584550364 46.553636540952766
v -112.39055395126343 12.500007584550364 46.553636540952766
v -105.35255670547485 12.500009909698184 60.82529221970185
v -97.42786884307861 21.650643870305583 56.249978591270484
v -112.39055395126343 12.500007584550364 46.553636540952766
v -97.42786884307861 21.650643870305583 56.249978591270484
v -103.93646955490112 21.650641720056107 43.05184130794529
v -103.93646955490112 21.650641720056107 43.05184130794529
v -97.42786884307861 21.650643870305583 56.249978591270484
v -86.60255074501038 25.00000814603099 49.999978045589614
v -103.93646955490112 21.650641720056107 43.05184130794529
v -86.60255074501038 25.00000814603099 49.999978045589614
v -92.38796830177307 25.0000062346985 38.26830277837007
v -92.38796830177307 25.0000062346985 38.26830277837007
v -86.60255074501038 25.00000814603099 49.999978045589614
v -75.77723264694214 21.650641833797593 43.74998157150272
v -92.38796830177307 25.0000062346985 38.26830277837007
v -75.77723264694214 21.650641833797593 43.74998157150272
v -80.8394730091095 21.650640161381602 33.48476534015659
v -80.8394730091095 21.650640161381602 33.48476534015659
v -75.77723264694214 21.650641833797593 43.74998157150272
v -67.8525447845459 12.50000638236331 39.17466496426209
v -80.8394730091095 21.650640161381602 33.48476534015659
v -67.8525447845459 12.50000638236331 39.17466496426209
v -72.38538265228271 12.500004884846637 29.98297308880433
v -72.38538265228271 12.500004884846637 29.98297308880433
v -67.8525447845459 12.50000638236331 39.17466496426209
v -64.9519145488739 0.000006109523488129512 37.499988079071045
v -72.38538265228271 12.500004884846637 29.98297308880433
v -64.9519145488739 0.000006109523488129512 37.499988079071045
v -69.29097771644592 0.000004676023999761612 28.701230883598328
v -69.29097771644592 0.000004676023999761612 28.701230883598328
v -64.9519145488739 0.000006109523488129512 37.499988079071045
v -67.8525447845459 -12.49999361763669 39.174669037279045
v -69.29097771644592 0.000004676023999761612 28.701230883598328
v -67.8525447845459 -12.49999361763669 39.174669037279045
v -72.38538265228271 -12.499995115153363 29.98297716182128
v -72.38538265228271 -12.499995115153363 29.98297716182128
v -67.8525447845459 -12.49999361763669 39.174669037279045
v -75.77723264694214 -21.650627578243117 43.74998862617489
v -72.38538265228271 -12.499995115153363 29.98297716182128
v -75.77723264694214 -21.650627578243117 43.74998862617489
v -80.8394730091095 -21.650629250659108 33.48477239482876
v -80.8394730091095 -21.650629250659108 33.48477239482876
v -75.77723264694214 -21.650627578243117 43.74998862617489
v -86.60255074501038 -24.99999185396901 49.99998619162352
v -80.8394730091095 -21.650629250659108 33.48477239482876
v -86.60255074501038 -24.99999185396901 49.99998619162352
v -92.38796830177307 -24.9999937653015 38.26831092440398
v -92.38796830177307 -24.9999937653015 38.26831092440398
v -86.60255074501038 -24.99999185396901 49.99998619162352
v -97.42786884307861 -21.650625541735128 56.24998564594265
v -92.38796830177307 -24.9999937653015 38.26831092440398
v -97.42786884307861 -21.650625541735128 56.24998564594265
v -103.93646955490112 -21.650627691984603 43.051848362617456
v -103.93646955490112 -21.650627691984603 43.051848362617456
v -97.42786884307861 -21.650625541735128 56.24998564594265
v -105.35255670547485 -12.499990090301816 60.825296292718804
v -103.93646955490112 -21.650627691984603 43.051848362617456
v -105.35255670547485 -12.499990090301816 60.825296292718804
v -112.39055395126343 -12.499992415449636 46.55364061396972
v -112.39055395126343 -12.499992415449636 46.55364061396972
v -105.35255670547485 -12.499990090301816 60.825296292718804
v -108.25319290161133 0.000010182538494391215 62.49997615814209
v -112.39055395126343 -12.499992415449636 46.55364061396972
v -108.25319290161133 0.000010182538494391215 62.49997615814209
v -115.4849648475647 0.00000779337300413902 47.83538281917572
v -108.25319290161133 0.000010182538494391215 62.49997615814209
v -99.16916489601135 0.00001239747762912818 76.09517574310303
v -96.51193618774414 12.500012065288615 74.05621205765351
v -108.25319290161133 0.000010182538494391215 62.49997615814209
v -96.51193618774414 12.500012065288615 74.05621205765351
v -105.35255670547485 12.500009909698184 60.82529221970185
v -105.35255670547485 12.500009909698184 60.82529221970185
v -96.51193618774414 12.500012065288615 74.05621205765351
v -89.25224542617798 21.650645863750416 68.48565583354953
v -105.35255670547485 12.500009909698184 60.82529221970185
v -89.25224542617798 21.650645863750416 68.48565583354953
v -97.42786884307861 21.650643870305583 56.249978591270484
v -97.42786884307861 21.650643870305583 56.249978591270484
v -89.25224542617798 21.650645863750416 68.48565583354953
v -79.33533191680908 25.000009917982492 60.87613890565126
v -97.42786884307861 21.650643870305583 56.249978591270484
v -79.33533191680908 25.000009917982492 60.87613890565126
v -86.60255074501038 25.00000814603099 49.999978045589614
v -86.60255074501038 25.00000814603099 49.999978045589614
v -79.33533191680908 25.000009917982492 60.87613890565126
v -69.41841840744019 21.65064338425528 53.26662306911472
v -86.60255074501038 25.00000814603099 49.999978045589614
v -69.41841840744019 21.65064338425528 53.26662306911472
v -75.77723264694214 21.650641833797593 43.74998157150272
v -75.77723264694214 21.650641833797593 43.74998157150272
v -69.41841840744019 21.65064338425528 53.26662306911472
v -62.15872764587402 12.500007770676369 47.69606982666596
v -75.77723264694214 21.650641833797593 43.74998157150272
v -62.15872764587402 12.500007770676369 47.69606982666596
v -67.8525447845459 12.50000638236331 39.17466496426209
v -67.8525447845459 12.50000638236331 39.17466496426209
v -62.15872764587402 12.500007770676369 47.69606982666596
v -59.50149893760681 0.0000074384868718634005 45.65710723400116
v -67.8525447845459 12.50000638236331 39.17466496426209
v -59.50149893760681 0.0000074384868718634005 45.65710723400116
v -64.9519145488739 0.000006109523488129512 37.499988079071045
v -64.9519145488739 0.000006109523488129512 37.499988079071045
v -59.50149893760681 0.0000074384868718634005 45.65710723400116
v -62.15872764587402 -12.499992229323631 47.696073899682915
v -64.9519145488739 0.000006109523488129512 37.499988079071045
v -62.15872764587402 -12.499992229323631 47.696073899682915
v -67.8525447845459 -12.49999361763669 39.174669037279045
v -67.8525447845459 -12.49999361763669 39.174669037279045
v -62.15872764587402 -12.499992229323631 47.696073899682915
v -69.41841840744019 -21.65062602778543 53.26663012378689
v -67.8525447845459 -12.49999361763669 39.174669037279045
v -69.41841840744019 -21.65062602778543 53.26663012378689
v -75.77723264694214 -21.650627578243117 43.74998862617489
v -75.77723264694214 -21.650627578243117 43.74998862617489
v -69.41841840744019 -21.65062602778543 53.26663012378689
v -79.33533191680908 -24.999990082017508 60.876147051685166
v -75.77723264694214 -21.650627578243117 43.74998862617489
v -79.33533191680908 -24.999990082017508 60.876147051685166
v -86.60255074501038 -24.99999185396901 49.99998619162352
v -86.60255074501038 -24.99999185396901 49.99998619162352
v -79.33533191680908 -24.999990082017508 60.876147051685166
v -89.25224542617798 -21.650623548290294 68.48566288822171
v -86.60255074501038 -24.99999185396901 49.99998619162352
v -89.25224542617798 -21.650623548290294 68.48566288822171
v -97.42786884307861 -21.650625541735128 56.24998564594265
v -97.42786884307861 -21.650625541735128 56.24998564594265
v -89.25224542617798 -21.650623548290294 68.48566288822171
v -96.51193618774414 -12.499987934711385 74.05621613067046
v -97.42786884307861 -21.650625541735128 56.24998564594265
v -96.51193618774414 -12.499987934711385 74.05621613067046
v -105.35255670547485 -12.499990090301816 60.825296292718804
v -105.35255670547485 -12.499990090301816 60.825296292718804
v -96.51193618774414 -12.499987934711385 74.05621613067046
v -99.16916489601135 0.00001239747762912818 76.09517574310303
v -105.35255670547485 -12.499990090301816 60.825296292718804
v -99.16916489601135 0.00001239747762912818 76.09517574310303
v -108.25319290161133 0.000010182538494391215 62.49997615814209
v -99.16916489601135 0.00001239747762912818 76.09517574310303
v -88.38837146759033 0.000014400285643417296 88.38832378387451
v -86.02001070976257 12.500014014431674 86.01996695000275
v -99.16916489601135 0.00001239747762912818 76.09517574310303
v -86.02001070976257 12.500014014431674 86.01996695000275
v -96.51193618774414 12.500012065288615 74.05621205765351
v -96.51193618774414 12.500012065288615 74.05621205765351
v -86.02001070976257 12.500014014431674 86.01996695000275
v -79.5495331287384 21.650647666277433 79.54948787815097
v -96.51193618774414 12.500012065288615 74.05621205765351
v -79.5495331287384 21.650647666277433 79.54948787815097
v -89.25224542617798 21.650645863750416 68.48565583354953
v -89.25224542617798 21.650645863750416 68.48565583354953
v -79.5495331287384 21.650647666277433 79.54948787815097
v -70.71069478988647 25.000011520228515 70.71065495408266
v -89.25224542617798 21.650645863750416 68.48565583354953
v -70.71069478988647 25.000011520228515 70.71065495408266
v -79.33533191680908 25.000009917982492 60.87613890565126
v -79.33533191680908 25.000009917982492 60.87613890565126
v -70.71069478988647 25.000011520228515 70.71065495408266
v -61.871856451034546 21.650644786220305 61.871823121376075
v -79.33533191680908 25.000009917982492 60.87613890565126
v -61.871856451034546 21.650644786220305 61.871823121376075
v -69.41841840744019 21.65064338425528 53.26662306911472
v -69.41841840744019 21.65064338425528 53.26662306911472
v -61.871856451034546 21.650644786220305 61.871823121376075
v -55.401378870010376 12.500009026025355 55.40134703117951
v -69.41841840744019 21.65064338425528 53.26662306911472
v -55.401378870010376 12.500009026025355 55.40134703117951
v -62.15872764587402 12.500007770676369 47.69606982666596
v -62.15872764587402 12.500007770676369 47.69606982666596
v -55.401378870010376 12.500009026025355 55.40134703117951
v -53.03301811218262 0.000008640171389111996 53.03299427032471
v -62.15872764587402 12.500007770676369 47.69606982666596
v -53.03301811218262 0.000008640171389111996 53.03299427032471
v -59.50149893760681 0.0000074384868718634005 45.65710723400116
v -59.50149893760681 0.0000074384868718634005 45.65710723400116
v -53.03301811218262 0.000008640171389111996 53.03299427032471
v -55.401378870010376 -12.499990973974645 55.401351104196465
v -59.50149893760681 0.0000074384868718634005 45.65710723400116
v -55.401378870010376 -12.499990973974645 55.401351104196465
v -62.15872764587402 -12.499992229323631 47.696073899682915
v -62.15872764587402 -12.499992229323631 47.696073899682915
v -55.401378870010376 -12.499990973974645 55.401351104196465
v -61.871856451034546 -21.650624625820406 61.87183017604824
v -62.15872764587402 -12.499992229323631 47.696073899682915
v -61.871856451034546 -21.650624625820406 61.87183017604824
v -69.41841840744019 -21.65062602778543 53.26663012378689
v -69.41841840744019 -21.65062602778543 53.26663012378689
v -61.871856451034546 -21.650624625820406 61.87183017604824
v -70.71069478988647 -24.999988479771485 70.71066310011656
v -69.41841840744019 -21.65062602778543 53.26663012378689
v -70.71069478988647 -24.999988479771485 70.71066310011656
v -79.33533191680908 -24.999990082017508 60.876147051685166
v -79.33533191680908 -24.999990082017508 60.876147051685166
v -70.71069478988647 -24.999988479771485 70.71066310011656
v -79.5495331287384 -21.650621745763278 79.54949493282315
v -79.33533191680908 -24.999990082017508 60.876147051685166
v -79.5495331287384 -21.650621745763278 79.54949493282315
v -89.25224542617798 -21.650623548290294 68.48566288822171
v -89.25224542617798 -21.650623548290294 68.48566288822171
v -79.5495331287384 -21.650621745763278 79.54949493282315
v -86.02001070976257 -12.499985985568326 86.0199710230197
v -89.25224542617798 -21.650623548290294 68.48566288822171
v -86.02001070976257 -12.499985985568326 86.0199710230197
v -96.51193618774414 -12.499987934711385 74.05621613067046
v -96.51193618774414 -12.499987934711385 74.05621613067046
v -86.02001070976257 -12.499985985568326 86.0199710230197
v -88.38837146759033 0.000014400285643417296 88.38832378387451
v -96.51193618774414 -12.499987934711385 74.05621613067046
v -88.38837146759033 0.000014400285643417296 88.38832378387451
v -99.16916489601135 0.00001239747762912818 76.09517574310303
v -88.38837146759033 0.000014400285643417296 88.38832378387451
v -76.09522938728333 0.00001615670176096159 99.16912913322449
v -74.05626773834229 12.500015723784259 96.5118983884488
v -88.38837146759033 0.000014400285643417296 88.38832378387451
v -74.05626773834229 12.500015723784259 96.5118983884488
v -86.02001070976257 12.500014014431674 86.01996695000275
v -86.02001070976257 12.500014014431674 86.01996695000275
v -74.05626773834229 12.500015723784259 96.5118983884488
v -68.48570704460144 21.65064924705184 89.2522120965195
v -86.02001070976257 12.500014014431674 86.01996695000275
v -68.48570704460144 21.65064924705184 89.2522120965195
v -79.5495331287384 21.650647666277433 79.54948787815097
v -79.5495331287384 21.650647666277433 79.54948787815097
v -68.48570704460144 21.65064924705184 89.2522120965195
v -60.876184701919556 25.000012925361215 79.33529804146974
v -79.5495331287384 21.650647666277433 79.54948787815097
v -60.876184701919556 25.000012925361215 79.33529804146974
v -70.71069478988647 25.000011520228515 70.71065495408266
v -70.71069478988647 25.000011520228515 70.71065495408266
v -60.876184701919556 25.000012925361215 79.33529804146974
v -53.26666235923767 21.650646015711295 69.4183850777817
v -70.71069478988647 25.000011520228515 70.71065495408266
v -53.26666235923767 21.650646015711295 69.4183850777817
v -61.871856451034546 21.650644786220305 61.871823121376075
v -61.871856451034546 21.650644786220305 61.871823121376075
v -53.26666235923767 21.650646015711295 69.4183850777817
v -47.696104645729065 12.500010126938172 62.15870176750764
v -61.871856451034546 21.650644786220305 61.871823121376075
v -47.696104645729065 12.500010126938172 62.15870176750764
v -55.401378870010376 12.500009026025355 55.40134703117951
v -55.401378870010376 12.500009026025355 55.40134703117951
v -47.696104645729065 12.500010126938172 62.15870176750764
v -45.657140016555786 0.000009694020671205406 59.5014750957489
v -55.401378870010376 12.500009026025355 55.40134703117951
v -45.657140016555786 0.000009694020671205406 59.5014750957489
v -53.03301811218262 0.000008640171389111996 53.03299427032471
v -53.03301811218262 0.000008640171389111996 53.03299427032471
v -45.657140016555786 0.000009694020671205406 59.5014750957489
v -47.696104645729065 -12.499989873061828 62.15870584052459
v -53.03301811218262 0.000008640171389111996 53.03299427032471
v -47.696104645729065 -12.499989873061828 62.15870584052459
v -55.401378870010376 -12.499990973974645 55.401351104196465
v -55.401378870010376 -12.499990973974645 55.401351104196465
v -47.696104645729065 -12.499989873061828 62.15870584052459
v -53.26666235923767 -21.650623396329415 69.41839213245389
v -55.401378870010376 -12.499990973974645 55.401351104196465
v -53.26666235923767 -21.650623396329415 69.41839213245389
v -61.871856451034546 -21.650624625820406 61.87183017604824
v -61.871856451034546 -21.650624625820406 61.87183017604824
v -53.26666235923767 -21.650623396329415 69.41839213245389
v -60.876184701919556 -24.999987074638785 79.33530618750365
v -61.871856451034546 -21.650624625820406 61.87183017604824
v -60.876184701919556 -24.999987074638785 79.33530618750365
v -70.71069478988647 -24.999988479771485 70.71066310011656
v -70.71069478988647 -24.999988479771485 70.71066310011656
v -60.876184701919556 -24.999987074638785 79.33530618750365
v -68.48570704460144 -21.65062016498887 89.25221915119168
v -70.71069478988647 -24.999988479771485 70.71066310011656
v -68.48570704460144 -21.65062016498887 89.25221915119168
v -79.5495331287384 -21.650621745763278 79.54949493282315
v -79.5495331287384 -21.650621745763278 79.54949493282315
v -68.48570704460144 -21.65062016498887 89.25221915119168
v -74.05626773834229 -12.499984276215741 96.51190246146575
v -79.5495331287384 -21.650621745763278 79.54949493282315
v -74.05626773834229 -12.499984276215741 96.51190246146575
v -86.02001070976257 -12.499985985568326 86.0199710230197
v -86.02001070976257 -12.499985985568326 86.0199710230197
v -74.05626773834229 -12.499984276215741 96.51190246146575
v -76.09522938728333 0.00001615670176096159 99.16912913322449
v -86.02001070976257 -12.499985985568326 86.0199710230197
v -76.09522938728333 0.00001615670176096159 99.16912913322449
v -88.38837146759033 0.000014400285643417296 88.38832378387451
v -76.09522938728333 0.00001615670176096159 99.16912913322449
v -62.49998211860657 0.00001763668358964351 108.25319290161133
v -60.825300216674805 12.500017164109973 105.35255466896638
v -76.09522938728333 0.00001615670176096159 99.16912913322449
v -60.825300216674805 12.500017164109973 105.35255466896638
v -74.05626773834229 12.500015723784259 96.5118983884488
v -74.05626773834229 12.500015723784259 96.5118983884488
v -60.825300216674805 12.500017164109973 105.35255466896638
v -56.24998211860657 21.65065057903481 97.42786531574252
v -74.05626773834229 12.500015723784259 96.5118983884488
v -56.24998211860657 21.65065057903481 97.42786531574252
v -68.48570704460144 21.65064924705184 89.2522120965195
v -68.48570704460144 21.65064924705184 89.2522120965195
v -56.24998211860657 21.65065057903481 97.42786531574252
v -49.999985098838806 25.00001410934629 86.60254667199342
v -68.48570704460144 21.65064924705184 89.2522120965195
v -49.999985098838806 25.00001410934629 86.60254667199342
v -60.876184701919556 25.000012925361215 79.33529804146974
v -60.876184701919556 25.000012925361215 79.33529804146974
v -49.999985098838806 25.00001410934629 86.60254667199342
v -43.749988079071045 21.65064705169848 75.77722911960605
v -60.876184701919556 25.000012925361215 79.33529804146974
v -43.749988079071045 21.65064705169848 75.77722911960605
v -53.26666235923767 21.650646015711295 69.4183850777817
v -53.26666235923767 21.650646015711295 69.4183850777817
v -43.749988079071045 21.65064705169848 75.77722911960605
v -39.17466998100281 12.500011054582604 67.85254274803742
v -53.26666235923767 21.650646015711295 69.4183850777817
v -39.17466998100281 12.500011054582604 67.85254274803742
v -47.696104645729065 12.500010126938172 62.15870176750764
v -47.696104645729065 12.500010126938172 62.15870176750764
v -39.17466998100281 12.500011054582604 67.85254274803742
v -37.499988079071045 0.00001058200996263114 64.9519145488739
v -47.696104645729065 12.500010126938172 62.15870176750764
v -37.499988079071045 0.00001058200996263114 64.9519145488739
v -45.657140016555786 0.000009694020671205406 59.5014750957489
v -45.657140016555786 0.000009694020671205406 59.5014750957489
v -37.499988079071045 0.00001058200996263114 64.9519145488739
v -39.17466998100281 -12.499988945417396 67.85254682105437
v -45.657140016555786 0.000009694020671205406 59.5014750957489
v -39.17466998100281 -12.499988945417396 67.85254682105437
v -47.696104645729065 -12.499989873061828 62.15870584052459
v -47.696104645729065 -12.499989873061828 62.15870584052459
v -39.17466998100281 -12.499988945417396 67.85254682105437
v -43.749988079071045 -21.65062236034223 75.77723617427823
v -47.696104645729065 -12.499989873061828 62.15870584052459
v -43.749988079071045 -21.65062236034223 75.77723617427823
v -53.26666235923767 -21.650623396329415 69.41839213245389
v -53.26666235923767 -21.650623396329415 69.41839213245389
v -43.749988079071045 -21.65062236034223 75.77723617427823
v -49.999985098838806 -24.99998589065371 86.60255481802733
v -53.26666235923767 -21.650623396329415 69.41839213245389
v -49.999985098838806 -24.99998589065371 86.60255481802733
v -60.876184701919556 -24.999987074638785 79.33530618750365
v -60.876184701919556 -24.999987074638785 79.33530618750365
v -49.999985098838806 -24.99998589065371 86.60255481802733
v -56.24998211860657 -21.6506188330059 97.4278723704147
v -60.876184701919556 -24.999987074638785 79.33530618750365
v -56.24998211860657 -21.6506188330059 97.4278723704147
v -68.48570704460144 -21.65062016498887 89.25221915119168
v -68.48570704460144 -21.65062016498887 89.25221915119168
v -56.24998211860657 -21.6506188330059 97.4278723704147
v -60.825300216674805 -12.499982835890027 105.35255874198333
v -68.48570704460144 -21.65062016498887 89.25221915119168
v -60.825300216674805 -12.499982835890027 105.35255874198333
v -74.05626773834229 -12.499984276215741 96.51190246146575
v -74.05626773834229 -12.499984276215741 96.51190246146575
v -60.825300216674805 -12.499982835890027 105.35255874198333
v -62.49998211860657 0.00001763668358964351 108.25319290161133
v -74.05626773834229 -12.499984276215741 96.51190246146575
v -62.49998211860657 0.00001763668358964351 108.25319290161133
v -76.09522938728333 0.00001615670176096159 99.16912913322449
v -62.49998211860657 0.00001763668358964351 108.25319290161133
v -47.83543944358826 0.000018814884894318722 115.48494100570679
v -46.55369222164154 12.500018310741373 112.39052807289704
v -62.49998211860657 0.00001763668358964351 108.25319290161133
v -46.55369222164154 12.500018310741373 112.39052807289704
v -60.825300216674805 12.500017164109973 105.35255466896638
v -60.825300216674805 12.500017164109973 105.35255466896638
v -46.55369222164154 12.500018310741373 112.39052807289704
v -43.05189549922943 21.650651639416566 103.93644218570712
v -60.825300216674805 12.500017164109973 105.35255466896638
v -43.05189549922943 21.650651639416566 103.93644218570712
v -56.24998211860657 21.65065057903481 97.42786531574252
v -56.24998211860657 21.65065057903481 97.42786531574252
v -43.05189549922943 21.650651639416566 103.93644218570712
v -38.268351554870605 25.00001505190753 92.38794634736269
v -56.24998211860657 21.65065057903481 97.42786531574252
v -38.268351554870605 25.00001505190753 92.38794634736269
v -49.999985098838806 25.00001410934629 86.60254667199342
v -49.999985098838806 25.00001410934629 86.60254667199342
v -38.268351554870605 25.00001505190753 92.38794634736269
v -33.48480761051178 21.650647876439198 80.83945160037997
v -49.999985098838806 25.00001410934629 86.60254667199342
v -33.48480761051178 21.650647876439198 80.83945160037997
v -43.749988079071045 21.65064705169848 75.77722911960605
v -43.749988079071045 21.65064705169848 75.77722911960605
v -33.48480761051178 21.650647876439198 80.83945160037997
v -29.98301088809967 12.50001179307368 72.38536869484528
v -43.749988079071045 21.65064705169848 75.77722911960605
v -29.98301088809967 12.50001179307368 72.38536869484528
v -39.17466998100281 12.500011054582604 67.85254274803742
v -39.17466998100281 12.500011054582604 67.85254274803742
v -29.98301088809967 12.50001179307368 72.38536869484528
v -28.701263666152954 0.000011288930162786519 69.29095983505249
v -39.17466998100281 12.500011054582604 67.85254274803742
v -28.701263666152954 0.000011288930162786519 69.29095983505249
v -37.499988079071045 0.00001058200996263114 64.9519145488739
v -37.499988079071045 0.00001058200996263114 64.9519145488739
v -28.701263666152954 0.000011288930162786519 69.29095983505249
v -29.98301088809967 -12.49998820692632 72.38537276786224
v -37.499988079071045 0.00001058200996263114 64.9519145488739
v -29.98301088809967 -12.49998820692632 72.38537276786224
v -39.17466998100281 -12.499988945417396 67.85254682105437
v -39.17466998100281 -12.499988945417396 67.85254682105437
v -29.98301088809967 -12.49998820692632 72.38537276786224
v -33.48480761051178 -21.650621535601513 80.83945865505216
v -39.17466998100281 -12.499988945417396 67.85254682105437
v -33.48480761051178 -21.650621535601513 80.83945865505216
v -43.749988079071045 -21.65062236034223 75.77723617427823
v -43.749988079071045 -21.65062236034223 75.77723617427823
v -33.48480761051178 -21.650621535601513 80.83945865505216
v -38.268351554870605 -24.99998494809247 92.38795449339659
v -43.749988079071045 -21.65062236034223 75.77723617427823
v -38.268351554870605 -24.99998494809247 92.38795449339659
v -49.999985098838806 -24.99998589065371 86.60255481802733
v -49.999985098838806 -24.99998589065371 86.60255481802733
v -38.268351554870605 -24.99998494809247 92.38795449339659
v -43.05189549922943 -21.650617772624145 103.9364492403793
v -49.999985098838806 -24.99998589065371 86.60255481802733
v -43.05189549922943 -21.650617772624145 103.9364492403793
v -56.24998211860657 -21.6506188330059 97.4278723704147
v -56.24998211860657 -21.6506188330059 97.4278723704147
v -43.05189549922943 -21.650617772624145 103.9364492403793
v -46.55369222164154 -12.499981689258627 112.390532145914
v -56.24998211860657 -21.6506188330059 97.4278723704147
v -46.55369222164154 -12.499981689258627 112.390532145914
v -60.825300216674805 -12.499982835890027 105.35255874198333
v -60.825300216674805 -12.499982835890027 105.35255874198333
v -46.55369222164154 -12.499981689258627 112.390532145914
v -47.83543944358826 0.000018814884894318722 115.48494100570679
v -60.825300216674805 -12.499982835890027 105.35255874198333
v -47.83543944358826 0.000018814884894318722 115.48494100570679
v -62.49998211860657 0.00001763668358964351 108.25319290161133
v -47.83543944358826 0.000018814884894318722 115.48494100570679
v -32.352420687675476 0.000019671160559931512 120.74072360992432
v -31.48554265499115 12.500019144072292 117.50547682243928
v -47.83543944358826 0.000018814884894318722 115.48494100570679
v -31.48554265499115 12.500019144072292 117.50547682243928
v -46.55369222164154 12.500018310741373 112.39052807289704
v -46.55369222164154 12.500018310741373 112.39052807289704
v -31.48554265499115 12.500019144072292 117.50547682243928
v -29.117178916931152 21.650652410064083 108.66664295322421
v -46.55369222164154 12.500018310741373 112.39052807289704
v -29.117178916931152 21.650652410064083 108.66664295322421
v -43.05189549922943 21.650651639416566 103.93644218570712
v -43.05189549922943 21.650651639416566 103.93644218570712
v -29.117178916931152 21.650652410064083 108.66664295322421
v -25.88193714618683 25.000015736927864 96.59257123864381
v -43.05189549922943 21.650651639416566 103.93644218570712
v -25.88193714618683 25.000015736927864 96.59257123864381
v -38.268351554870605 25.00001505190753 92.38794634736269
v -38.268351554870605 25.00001505190753 92.38794634736269
v -25.88193714618683 25.000015736927864 96.59257123864381
v -22.646695375442505 21.65064847583236 84.51850061542514
v -38.268351554870605 25.00001505190753 92.38794634736269
v -22.646695375442505 21.65064847583236 84.51850061542514
v -33.48480761051178 21.650647876439198 80.83945160037997
v -33.48480761051178 21.650647876439198 80.83945160037997
v -22.646695375442505 21.65064847583236 84.51850061542514
v -20.278333127498627 12.500012329782468 75.67966376740083
v -33.48480761051178 21.650647876439198 80.83945160037997
v -20.278333127498627 12.500012329782468 75.67966376740083
v -29.98301088809967 12.50001179307368 72.38536869484528
v -29.98301088809967 12.50001179307368 72.38536869484528
v -20.278333127498627 12.500012329782468 75.67966376740083
v -19.41145360469818 0.000011802696144803942 72.4444329738617
v -29.98301088809967 12.50001179307368 72.38536869484528
v -19.41145360469818 0.000011802696144803942 72.4444329738617
v -28.701263666152954 0.000011288930162786519 69.29095983505249
v -28.701263666152954 0.000011288930162786519 69.29095983505249
v -19.41145360469818 0.000011802696144803942 72.4444329738617
v -20.278333127498627 -12.499987670217532 75.67966784041778
v -28.701263666152954 0.000011288930162786519 69.29095983505249
v -20.278333127498627 -12.499987670217532 75.67966784041778
v -29.98301088809967 -12.49998820692632 72.38537276786224
v -29.98301088809967 -12.49998820692632 72.38537276786224
v -20.278333127498627 -12.499987670217532 75.67966784041778
v -22.646695375442505 -21.65062093620835 84.51850767009732
v -29.98301088809967 -12.49998820692632 72.38537276786224
v -22.646695375442505 -21.65062093620835 84.51850767009732
v -33.48480761051178 -21.650621535601513 80.83945865505216
v -33.48480761051178 -21.650621535601513 80.83945865505216
v -22.646695375442505 -21.65062093620835 84.51850767009732
v -25.88193714618683 -24.999984263072136 96.59257938467772
v -33.48480761051178 -21.650621535601513 80.83945865505216
v -25.88193714618683 -24.999984263072136 96.59257938467772
v -38.268351554870605 -24.99998494809247 92.38795449339659
v -38.268351554870605 -24.99998494809247 92.38795449339659
v -25.88193714618683 -24.999984263072136 96.59257938467772
v -29.117178916931152 -21.650617001976627 108.6666500078964
v -38.268351554870605 -24.99998494809247 92.38795449339659
v -29.117178916931152 -21.650617001976627 108.6666500078964
v -43.05189549922943 -21.650617772624145 103.9364492403793
v -43.05189549922943 -21.650617772624145 103.9364492403793
v -29.117178916931152 -21.650617001976627 108.6666500078964
v -31.48554265499115 -12.499980855927708 117.50548089545623
v -43.05189549922943 -21.650617772624145 103.9364492403793
v -31.48554265499115 -12.499980855927708 117.50548089545623
v -46.55369222164154 -12.499981689258627 112.390532145914
v -46.55369222164154 -12.499981689258627 112.390532145914
v -31.48554265499115 -12.499980855927708 117.50548089545623
v -32.352420687675476 0.000019671160559931512 120.74072360992432
v -46.55369222164154 -12.499981689258627 112.390532145914
v -32.352420687675476 0.000019671160559931512 120.74072360992432
v -47.83543944358826 0.000018814884894318722 115.48494100570679
v -32.352420687675476 0.000019671160559931512 120.74072360992432
v -16.315849125385284 0.000020190856945306143 123.93059730529785
v -15.878668427467346 12.50001964984529 120.60988937813386
v -32.352420687675476 0.000019671160559931512 120.74072360992432
v -15.878668427467346 12.50001964984529 120.60988937813386
v -31.48554265499115 12.500019144072292 117.50547682243928
v -31.48554265499115 12.500019144072292 117.50547682243928
v -15.878668427467346 12.50001964984529 120.60988937813386
v -14.684264361858368 21.650652877791995 111.53753643161777
v -31.48554265499115 12.500019144072292 117.50547682243928
v -14.684264361858368 21.650652877791995 111.53753643161777
v -29.117178916931152 21.650652410064083 108.66664295322421
v -29.117178916931152 21.650652410064083 108.66664295322421
v -14.684264361858368 21.650652877791995 111.53753643161777
v -13.052679598331451 25.00001615268536 99.14447257912843
v -29.117178916931152 21.650652410064083 108.66664295322421
v -13.052679598331451 25.00001615268536 99.14447257912843
v -25.88193714618683 25.000015736927864 96.59257123864381
v -25.88193714618683 25.000015736927864 96.59257123864381
v -13.052679598331451 25.00001615268536 99.14447257912843
v -11.421094834804535 21.650648839620413 86.7514157784653
v -25.88193714618683 25.000015736927864 96.59257123864381
v -11.421094834804535 21.650648839620413 86.7514157784653
v -22.646695375442505 21.65064847583236 84.51850061542514
v -22.646695375442505 21.65064847583236 84.51850061542514
v -11.421094834804535 21.650648839620413 86.7514157784653
v -10.226691514253616 12.500012655526405 77.67906581360444
v -22.646695375442505 21.65064847583236 84.51850061542514
v -10.226691514253616 12.500012655526405 77.67906581360444
v -20.278333127498627 12.500012329782468 75.67966376740083
v -20.278333127498627 12.500012329782468 75.67966376740083
v -10.226691514253616 12.500012655526405 77.67906581360444
v -9.789510071277618 0.000012114513781812138 74.35835599899292
v -20.278333127498627 12.500012329782468 75.67966376740083
v -9.789510071277618 0.000012114513781812138 74.35835599899292
v -19.41145360469818 0.000011802696144803942 72.4444329738617
v -19.41145360469818 0.000011802696144803942 72.4444329738617
v -9.789510071277618 0.000012114513781812138 74.35835599899292
v -10.226691514253616 -12.499987344473595 77.67906988662139
v -19.41145360469818 0.000011802696144803942 72.4444329738617
v -10.226691514253616 -12.499987344473595 77.67906988662139
v -20.278333127498627 -12.499987670217532 75.67966784041778
v -20.278333127498627 -12.499987670217532 75.67966784041778
v -10.226691514253616 -12.499987344473595 77.67906988662139
v -11.421094834804535 -21.650620572420298 86.75142283313748
v -20.278333127498627 -12.499987670217532 75.67966784041778
v -11.421094834804535 -21.650620572420298 86.75142283313748
v -22.646695375442505 -21.65062093620835 84.51850767009732
v -22.646695375442505 -21.65062093620835 84.51850767009732
v -11.421094834804535 -21.650620572420298 86.75142283313748
v -13.052679598331451 -24.99998384731464 99.14448072516234
v -22.646695375442505 -21.65062093620835 84.51850767009732
v -13.052679598331451 -24.99998384731464 99.14448072516234
v -25.88193714618683 -24.999984263072136 96.59257938467772
v -25.88193714618683 -24.999984263072136 96.59257938467772
v -13.052679598331451 -24.99998384731464 99.14448072516234
v -14.684264361858368 -21.650616534248716 111.53754348628995
v -25.88193714618683 -24.999984263072136 96.59257938467772
v -14.684264361858368 -21.650616534248716 111.53754348628995
v -29.117178916931152 -21.650617001976627 108.6666500078964
v -29.117178916931152 -21.650617001976627 108.6666500078964
v -14.684264361858368 -21.650616534248716 111.53754348628995
v -15.878668427467346 -12.49998035015471 120.60989345115081
v -29.117178916931152 -21.650617001976627 108.6666500078964
v -15.878668427467346 -12.49998035015471 120.60989345115081
v -31.48554265499115 -12.499980855927708 117.50548089545623
v -31.48554265499115 -12.499980855927708 117.50548089545623
v -15.878668427467346 -12.49998035015471 120.60989345115081
v -16.315849125385284 0.000020190856945306143 123.93059730529785
v -31.48554265499115 -12.499980855927708 117.50548089545623
v -16.315849125385284 0.000020190856945306143 123.93059730529785
v -32.352420687675476 0.000019671160559931512 120.74072360992432
v -16.315849125385284 0.000020190856945306143 123.93059730529785
v 0.000009437237480369731 0.000020365084757445744 125
v 0.00000918436739993922 12.500019819404136 121.650634159628
v -16.315849125385284 0.000020190856945306143 123.93059730529785
v 0.00000918436739993922 12.500019819404136 121.650634159628
v -15.878668427467346 12.50001964984529 120.60988937813386
v -15.878668427467346 12.50001964984529 120.60988937813386
v 0.00000918436739993922 12.500019819404136 121.650634159628
v 0.000008493513803387032 21.650653034596637 112.49999647266391
v -15.878668427467346 12.50001964984529 120.60988937813386
v 0.000008493513803387032 21.650653034596637 112.49999647266391
v -14.684264361858368 21.650652877791995 111.53753643161777
v -14.684264361858368 21.650652877791995 111.53753643161777
v 0.000008493513803387032 21.650653034596637 112.49999647266391
v 0.000007549790126404332 25.000016292067805 99.99999592698305
v -14.684264361858368 21.650652877791995 111.53753643161777
v 0.000007549790126404332 25.000016292067805 99.99999592698305
v -13.052679598331451 25.00001615268536 99.14447257912843
v -13.052679598331451 25.00001615268536 99.14447257912843
v 0.000007549790126404332 25.000016292067805 99.99999592698305
v 0.0000066060664494216326 21.650648961579684 87.49999647266391
v -13.052679598331451 25.00001615268536 99.14447257912843
v 0.0000066060664494216326 21.650648961579684 87.49999647266391
v -11.421094834804535 21.650648839620413 86.7514157784653
v -11.421094834804535 21.650648839620413 86.7514157784653
v 0.0000066060664494216326 21.650648961579684 87.49999647266391
v 0.000005915212497598077 12.500012764731476 78.34936176735505
v -11.421094834804535 21.650648839620413 86.7514157784653
v 0.000005915212497598077 12.500012764731476 78.34936176735505
v -10.226691514253616 12.500012655526405 77.67906581360444
v -10.226691514253616 12.500012655526405 77.67906581360444
v 0.000005915212497598077 12.500012764731476 78.34936176735505
v 0.000005662342772438933 0.000012219050857529064 75
v -10.226691514253616 12.500012655526405 77.67906581360444
v 0.000005662342772438933 0.000012219050857529064 75
v -9.789510071277618 0.000012114513781812138 74.35835599899292
v -9.789510071277618 0.000012114513781812138 74.35835599899292
v 0.000005662342772438933 0.000012219050857529064 75
v 0.000005915212497598077 -12.499987235268524 78.349365840372
v -9.789510071277618 0.000012114513781812138 74.35835599899292
v 0.000005915212497598077 -12.499987235268524 78.349365840372
v -10.226691514253616 -12.499987344473595 77.67906988662139
v -10.226691514253616 -12.499987344473595 77.67906988662139
v 0.000005915212497598077 -12.499987235268524 78.349365840372
v 0.0000066060664494216326 -21.650620450461027 87.50000352733609
v -10.226691514253616 -12.499987344473595 77.67906988662139
v 0.0000066060664494216326 -21.650620450461027 87.50000352733609
v -11.421094834804535 -21.650620572420298 86.75142283313748
v -11.421094834804535 -21.650620572420298 86.75142283313748
v 0.0000066060664494216326 -21.650620450461027 87.50000352733609
v 0.000007549790126404332 -24.999983707932195 100.00000407301695
v -11.421094834804535 -21.650620572420298 86.75142283313748
v 0.000007549790126404332 -24.999983707932195 100.00000407301695
v -13.052679598331451 -24.99998384731464 99.14448072516234
v -13.052679598331451 -24.99998384731464 99.14448072516234
v 0.000007549790126404332 -24.999983707932195 100.00000407301695
v 0.000008493513803387032 -21.650616377444074 112.50000352733609
v -13.052679598331451 -24.99998384731464 99.14448072516234
v 0.000008493513803387032 -21.650616377444074 112.50000352733609
v -14.684264361858368 -21.650616534248716 111.53754348628995
v -14.684264361858368 -21.650616534248716 111.53754348628995
v 0.000008493513803387032 -21.650616377444074 112.50000352733609
v 0.00000918436739993922 -12.499980180595864 121.65063823264495
v -14.684264361858368 -21.650616534248716 111.53754348628995
v 0.00000918436739993922 -12.499980180595864 121.65063823264495
v -15.878668427467346 -12.49998035015471 120.60989345115081
v -15.878668427467346 -12.49998035015471 120.60989345115081
v 0.00000918436739993922 -12.499980180595864 121.65063823264495
v 0.000009437237480369731 0.000020365084757445744 125
v -15.878668427467346 -12.49998035015471 120.60989345115081
v 0.000009437237480369731 0.000020365084757445744 125
v -16.315849125385284 0.000020190856945306143 123.93059730529785
v 0.000009437237480369731 0.000020365084757445744 125
v 16.315750777721405 0.000020190858887471972 123.9306092262268
v 15.878571569919586 12.500019649847232 120.60990129906281
v 0.000009437237480369731 0.000020365084757445744 125
v 15.878571569919586 12.500019649847232 120.60990129906281
v 0.00000918436739993922 12.500019819404136 121.650634159628
v 0.00000918436739993922 12.500019819404136 121.650634159628
v 15.878571569919586 12.500019649847232 120.60990129906281
v 14.684176445007324 21.650652877793938 111.53754835254672
v 0.00000918436739993922 12.500019819404136 121.650634159628
v 14.684176445007324 21.650652877793938 111.53754835254672
v 0.000008493513803387032 21.650653034596637 112.49999647266391
v 0.000008493513803387032 21.650653034596637 112.49999647266391
v 14.684176445007324 21.650652877793938 111.53754835254672
v 13.052600622177124 25.000016152687305 99.14448450005739
v 0.000008493513803387032 21.650653034596637 112.49999647266391
v 13.052600622177124 25.000016152687305 99.14448450005739
v 0.000007549790126404332 25.000016292067805 99.99999592698305
v 0.000007549790126404332 25.000016292067805 99.99999592698305
v 13.052600622177124 25.000016152687305 99.14448450005739
v 11.421025544404984 21.650648839621383 86.75142173892978
v 0.000007549790126404332 25.000016292067805 99.99999592698305
v 11.421025544404984 21.650648839621383 86.75142173892978
v 0.0000066060664494216326 21.650648961579684 87.49999647266391
v 0.0000066060664494216326 21.650648961579684 87.49999647266391
v 11.421025544404984 21.650648839621383 86.75142173892978
v 10.226629674434662 12.500012655527376 77.67907177406892
v 0.0000066060664494216326 21.650648961579684 87.49999647266391
v 10.226629674434662 12.500012655527376 77.67907177406892
v 0.000005915212497598077 12.500012764731476 78.34936176735505
v 0.000005915212497598077 12.500012764731476 78.34936176735505
v 10.226629674434662 12.500012655527376 77.67907177406892
v 9.789450466632843 0.000012114515723977966 74.35836791992188
v 0.000005915212497598077 12.500012764731476 78.34936176735505
v 9.789450466632843 0.000012114515723977966 74.35836791992188
v 0.000005662342772438933 0.000012219050857529064 75
v 0.000005662342772438933 0.000012219050857529064 75
v 9.789450466632843 0.000012114515723977966 74.35836791992188
v 10.226629674434662 -12.499987344472624 77.67907584708587
v 0.000005662342772438933 0.000012219050857529064 75
v 10.226629674434662 -12.499987344472624 77.67907584708587
v 0.000005915212497598077 -12.499987235268524 78.349365840372
v 0.000005915212497598077 -12.499987235268524 78.349365840372
v 10.226629674434662 -12.499987344472624 77.67907584708587
v 11.421025544404984 -21.650620572419328 86.75142879360196
v 0.000005915212497598077 -12.499987235268524 78.349365840372
v 11.421025544404984 -21.650620572419328 86.75142879360196
v 0.0000066060664494216326 -21.650620450461027 87.50000352733609
v 0.0000066060664494216326 -21.650620450461027 87.50000352733609
v 11.421025544404984 -21.650620572419328 86.75142879360196
v 13.052600622177124 -24.999983847312695 99.1444926460913
v 0.0000066060664494216326 -21.650620450461027 87.50000352733609
v 13.052600622177124 -24.999983847312695 99.1444926460913
v 0.000007549790126404332 -24.999983707932195 100.00000407301695
v 0.000007549790126404332 -24.999983707932195 100.00000407301695
v 13.052600622177124 -24.999983847312695 99.1444926460913
v 14.684176445007324 -21.650616534246772 111.5375554072189
v 0.000007549790126404332 -24.999983707932195 100.00000407301695
v 14.684176445007324 -21.650616534246772 111.5375554072189
v 0.000008493513803387032 -21.650616377444074 112.50000352733609
v 0.000008493513803387032 -21.650616377444074 112.50000352733609
v 14.684176445007324 -21.650616534246772 111.5375554072189
v 15.878571569919586 -12.499980350152768 120.60990537207977
v 0.000008493513803387032 -21.650616377444074 112.50000352733609
v 15.878571569919586 -12.499980350152768 120.60990537207977
v 0.00000918436739993922 -12.499980180595864 121.65063823264495
v 0.00000918436739993922 -12.499980180595864 121.65063823264495
v 15.878571569919586 -12.499980350152768 120.60990537207977
v 16.315750777721405 0.000020190858887471972 123.9306092262268
v 0.00000918436739993922 -12.499980180595864 121.65063823264495
v 16.315750777721405 0.000020190858887471972 123.9306092262268
v 0.000009437237480369731 0.000020365084757445744 125
v 16.315750777721405 0.000020190858887471972 123.9306092262268
v 32.352325320243835 0.00001967116444426317 120.74074745178223
v 31.48544728755951 12.500019144076175 117.50550066429719
v 16.315750777721405 0.000020190858887471972 123.9306092262268
v 31.48544728755951 12.500019144076175 117.50550066429719
v 15.878571569919586 12.500019649847232 120.60990129906281
v 15.878571569919586 12.500019649847232 120.60990129906281
v 31.48544728755951 12.500019144076175 117.50550066429719
v 29.117092490196228 21.650652410067966 108.66666679508212
v 15.878571569919586 12.500019649847232 120.60990129906281
v 29.117092490196228 21.650652410067966 108.66666679508212
v 14.684176445007324 21.650652877793938 111.53754835254672
v 14.684176445007324 21.650652877793938 111.53754835254672
v 29.117092490196228 21.650652410067966 108.66666679508212
v 25.88185966014862 25.000015736930777 96.59258912003725
v 14.684176445007324 21.650652877793938 111.53754835254672
v 25.88185966014862 25.000015736930777 96.59258912003725
v 13.052600622177124 25.000016152687305 99.14448450005739
v 13.052600622177124 25.000016152687305 99.14448450005739
v 25.88185966014862 25.000015736930777 96.59258912003725
v 22.646626830101013 21.650648475834302 84.5185125363541
v 13.052600622177124 25.000016152687305 99.14448450005739
v 22.646626830101013 21.650648475834302 84.5185125363541
v 11.421025544404984 21.650648839621383 86.75142173892978
v 11.421025544404984 21.650648839621383 86.75142173892978
v 22.646626830101013 21.650648475834302 84.5185125363541
v 20.278272032737732 12.500012329785381 75.67968164879426
v 11.421025544404984 21.650648839621383 86.75142173892978
v 20.278272032737732 12.500012329785381 75.67968164879426
v 10.226629674434662 12.500012655527376 77.67907177406892
v 10.226629674434662 12.500012655527376 77.67907177406892
v 20.278272032737732 12.500012329785381 75.67968164879426
v 19.411394000053406 0.000011802698086969771 72.44444489479065
v 10.226629674434662 12.500012655527376 77.67907177406892
v 19.411394000053406 0.000011802698086969771 72.44444489479065
v 9.789450466632843 0.000012114515723977966 74.35836791992188
v 9.789450466632843 0.000012114515723977966 74.35836791992188
v 19.411394000053406 0.000011802698086969771 72.44444489479065
v 20.278272032737732 -12.499987670214619 75.67968572181121
v 9.789450466632843 0.000012114515723977966 74.35836791992188
v 20.278272032737732 -12.499987670214619 75.67968572181121
v 10.226629674434662 -12.499987344472624 77.67907584708587
v 10.226629674434662 -12.499987344472624 77.67907584708587
v 20.278272032737732 -12.499987670214619 75.67968572181121
v 22.646626830101013 -21.65062093620641 84.51851959102628
v 10.226629674434662 -12.499987344472624 77.67907584708587
v 22.646626830101013 -21.65062093620641 84.51851959102628
v 11.421025544404984 -21.650620572419328 86.75142879360196
v 11.421025544404984 -21.650620572419328 86.75142879360196
v 22.646626830101013 -21.65062093620641 84.51851959102628
v 25.88185966014862 -24.999984263069223 96.59259726607115
v 11.421025544404984 -21.650620572419328 86.75142879360196
v 25.88185966014862 -24.999984263069223 96.59259726607115
v 13.052600622177124 -24.999983847312695 99.1444926460913
v 13.052600622177124 -24.999983847312695 99.1444926460913
v 25.88185966014862 -24.999984263069223 96.59259726607115
v 29.117092490196228 -21.650617001972744 108.6666738497543
v 13.052600622177124 -24.999983847312695 99.1444926460913
v 29.117092490196228 -21.650617001972744 108.6666738497543
v 14.684176445007324 -21.650616534246772 111.5375554072189
v 14.684176445007324 -21.650616534246772 111.5375554072189
v 29.117092490196228 -21.650617001972744 108.6666738497543
v 31.48544728755951 -12.499980855923825 117.50550473731414
v 14.684176445007324 -21.650616534246772 111.5375554072189
v 31.48544728755951 -12.499980855923825 117.50550473731414
v 15.878571569919586 -12.499980350152768 120.60990537207977
v 15.878571569919586 -12.499980350152768 120.60990537207977
v 31.48544728755951 -12.499980855923825 117.50550473731414
v 32.352325320243835 0.00001967116444426317 120.74074745178223
v 15.878571569919586 -12.499980350152768 120.60990537207977
v 32.352325320243835 0.00001967116444426317 120.74074745178223
v 16.315750777721405 0.000020190858887471972 123.9306092262268
v 32.352325320243835 0.00001967116444426317 120.74074745178223
v 47.83545732498169 0.000018814882952152893 115.48492908477783
v 46.55371010303497 12.500018310739431 112.39051615196809
v 32.352325320243835 0.00001967116444426317 120.74074745178223
v 46.55371010303497 12.500018310739431 112.39051615196809
v 31.48544728755951 12.500019144076175 117.50550066429719
v 31.48544728755951 12.500019144076175 117.50550066429719
v 46.55371010303497 12.500018310739431 112.39051615196809
v 43.051913380622864 21.650651639414622 103.93643026477817
v 31.48544728755951 12.500019144076175 117.50550066429719
v 43.051913380622864 21.650651639414622 103.93643026477817
v 29.117092490196228 21.650652410067966 108.66666679508212
v 29.117092490196228 21.650652410067966 108.66666679508212
v 43.051913380622864 21.650651639414622 103.93643026477817
v 38.2683664560318 25.000015051906555 92.38794038689821
v 29.117092490196228 21.650652410067966 108.66666679508212
v 38.2683664560318 25.000015051906555 92.38794038689821
v 25.88185966014862 25.000015736930777 96.59258912003725
v 25.88185966014862 25.000015736930777 96.59258912003725
v 38.2683664560318 25.000015051906555 92.38794038689821
v 33.484819531440735 21.650647876438228 80.8394456399155
v 25.88185966014862 25.000015736930777 96.59258912003725
v 33.484819531440735 21.650647876438228 80.8394456399155
v 22.646626830101013 21.650648475834302 84.5185125363541
v 22.646626830101013 21.650648475834302 84.5185125363541
v 33.484819531440735 21.650647876438228 80.8394456399155
v 29.983022809028625 12.50001179307271 72.3853627343808
v 22.646626830101013 21.650648475834302 84.5185125363541
v 29.983022809028625 12.50001179307271 72.3853627343808
v 20.278272032737732 12.500012329785381 75.67968164879426
v 20.278272032737732 12.500012329785381 75.67968164879426
v 29.983022809028625 12.50001179307271 72.3853627343808
v 28.70127558708191 0.000011288930162786519 69.29095983505249
v 20.278272032737732 12.500012329785381 75.67968164879426
v 28.70127558708191 0.000011288930162786519 69.29095983505249
v 19.411394000053406 0.000011802698086969771 72.44444489479065
v 19.411394000053406 0.000011802698086969771 72.44444489479065
v 28.70127558708191 0.000011288930162786519 69.29095983505249
v 29.983022809028625 -12.49998820692729 72.38536680739776
v 19.411394000053406 0.000011802698086969771 72.44444489479065
v 29.983022809028625 -12.49998820692729 72.38536680739776
v 20.278272032737732 -12.499987670214619 75.67968572181121
v 20.278272032737732 -12.499987670214619 75.67968572181121
v 29.983022809028625 -12.49998820692729 72.38536680739776
v 33.484819531440735 -21.650621535602482 80.83945269458768
v 20.278272032737732 -12.499987670214619 75.67968572181121
v 33.484819531440735 -21.650621535602482 80.83945269458768
v 22.646626830101013 -21.65062093620641 84.51851959102628
v 22.646626830101013 -21.65062093620641 84.51851959102628
v 33.484819531440735 -21.650621535602482 80.83945269458768
v 38.2683664560318 -24.999984948093445 92.38794853293211
v 22.646626830101013 -21.65062093620641 84.51851959102628
v 38.2683664560318 -24.999984948093445 92.38794853293211
v 25.88185966014862 -24.999984263069223 96.59259726607115
v 25.88185966014862 -24.999984263069223 96.59259726607115
v 38.2683664560318 -24.999984948093445 92.38794853293211
v 43.051913380622864 -21.650617772626088 103.93643731945035
v 25.88185966014862 -24.999984263069223 96.59259726607115
v 43.051913380622864 -21.650617772626088 103.93643731945035
v 29.117092490196228 -21.650617001972744 108.6666738497543
v 29.117092490196228 -21.650617001972744 108.6666738497543
v 43.051913380622864 -21.650617772626088 103.93643731945035
v 46.55371010303497 -12.499981689260569 112.39052022498504
v 29.117092490196228 -21.650617001972744 108.6666738497543
v 46.55371010303497 -12.499981689260569 112.39052022498504
v 31.48544728755951 -12.499980855923825 117.50550473731414
v 31.48544728755951 -12.499980855923825 117.50550473731414
v 46.55371010303497 -12.499981689260569 112.39052022498504
v 47.83545732498169 0.000018814882952152893 115.48492908477783
v 31.48544728755951 -12.499980855923825 117.50550473731414
v 47.83545732498169 0.000018814882952152893 115.48492908477783
v 32.352325320243835 0.00001967116444426317 120.74074745178223
v 47.83545732498169 0.000018814882952152893 115.48492908477783
v 62.49999403953552 0.000017636681647477682 108.25318098068237
v 60.82531213760376 12.500017164108032 105.35254274803742
v 47.83545732498169 0.000018814882952152893 115.48492908477783
v 60.82531213760376 12.500017164108032 105.35254274803742
v 46.55371010303497 12.500018310739431 112.39051615196809
v 46.55371010303497 12.500018310739431 112.39051615196809
v 60.82531213760376 12.500017164108032 105.35254274803742
v 56.24999403953552 21.650650579033837 97.42785935527804
v 46.55371010303497 12.500018310739431 112.39051615196809
v 56.24999403953552 21.650650579033837 97.42785935527804
v 43.051913380622864 21.650651639414622 103.93643026477817
v 43.051913380622864 21.650651639414622 103.93643026477817
v 56.24999403953552 21.650650579033837 97.42785935527804
v 49.99999701976776 25.00001410934532 86.60254071152895
v 43.051913380622864 21.650651639414622 103.93643026477817
v 49.99999701976776 25.00001410934532 86.60254071152895
v 38.2683664560318 25.000015051906555 92.38794038689821
v 38.2683664560318 25.000015051906555 92.38794038689821
v 49.99999701976776 25.00001410934532 86.60254071152895
v 43.74999701976776 21.650647051697508 75.77722315914157
v 38.2683664560318 25.000015051906555 92.38794038689821
v 43.74999701976776 21.650647051697508 75.77722315914157
v 33.484819531440735 21.650647876438228 80.8394456399155
v 33.484819531440735 21.650647876438228 80.8394456399155
v 43.74999701976776 21.650647051697508 75.77722315914157
v 39.174678921699524 12.500011054582604 67.85254274803742
v 33.484819531440735 21.650647876438228 80.8394456399155
v 39.174678921699524 12.500011054582604 67.85254274803742
v 29.983022809028625 12.50001179307271 72.3853627343808
v 29.983022809028625 12.50001179307271 72.3853627343808
v 39.174678921699524 12.500011054582604 67.85254274803742
v 37.49999701976776 0.000010582008991548227 64.95190858840942
v 29.983022809028625 12.50001179307271 72.3853627343808
v 37.49999701976776 0.000010582008991548227 64.95190858840942
v 28.70127558708191 0.000011288930162786519 69.29095983505249
v 28.70127558708191 0.000011288930162786519 69.29095983505249
v 37.49999701976776 0.000010582008991548227 64.95190858840942
v 39.174678921699524 -12.499988945417396 67.85254682105437
v 28.70127558708191 0.000011288930162786519 69.29095983505249
v 39.174678921699524 -12.499988945417396 67.85254682105437
v 29.983022809028625 -12.49998820692729 72.38536680739776
v 29.983022809028625 -12.49998820692729 72.38536680739776
v 39.174678921699524 -12.499988945417396 67.85254682105437
v 43.74999701976776 -21.650622360343203 75.77723021381375
v 29.983022809028625 -12.49998820692729 72.38536680739776
v 43.74999701976776 -21.650622360343203 75.77723021381375
v 33.484819531440735 -21.650621535602482 80.83945269458768
v 33.484819531440735 -21.650621535602482 80.83945269458768
v 43.74999701976776 -21.650622360343203 75.77723021381375
v 49.99999701976776 -24.99998589065468 86.60254885756285
v 33.484819531440735 -21.650621535602482 80.83945269458768
v 49.99999701976776 -24.99998589065468 86.60254885756285
v 38.2683664560318 -24.999984948093445 92.38794853293211
v 38.2683664560318 -24.999984948093445 92.38794853293211
v 49.99999701976776 -24.99998589065468 86.60254885756285
v 56.24999403953552 -21.650618833006874 97.42786640995023
v 38.2683664560318 -24.999984948093445 92.38794853293211
v 56.24999403953552 -21.650618833006874 97.42786640995023
v 43.051913380622864 -21.650617772626088 103.93643731945035
v 43.051913380622864 -21.650617772626088 103.93643731945035
v 56.24999403953552 -21.650618833006874 97.42786640995023
v 60.82531213760376 -12.499982835891968 105.35254682105437
v 43.051913380622864 -21.650617772626088 103.93643731945035
v 60.82531213760376 -12.499982835891968 105.35254682105437
v 46.55371010303497 -12.499981689260569 112.39052022498504
v 46.55371010303497 -12.499981689260569 112.39052022498504
v 60.82531213760376 -12.499982835891968 105.35254682105437
v 62.49999403953552 0.000017636681647477682 108.25318098068237
v 46.55371010303497 -12.499981689260569 112.39052022498504
v 62.49999403953552 0.000017636681647477682 108.25318098068237
v 47.83545732498169 0.000018814882952152893 115.48492908477783
v 62.49999403953552 0.000017636681647477682 108.25318098068237
v 76.09515190124512 0.000016156711471790732 99.16918873786926
v 74.0561842918396 12.500015723793968 96.51195799309357
v 62.49999403953552 0.000017636681647477682 108.25318098068237
v 74.0561842918396 12.500015723793968 96.51195799309357
v 60.82531213760376 12.500017164108032 105.35254274803742
v 60.82531213760376 12.500017164108032 105.35254274803742
v 74.0561842918396 12.500015723793968 96.51195799309357
v 68.48563551902771 21.65064924706058 89.2522657406998
v 60.82531213760376 12.500017164108032 105.35254274803742
v 68.48563551902771 21.65064924706058 89.2522657406998
v 56.24999403953552 21.650650579033837 97.42785935527804
v 56.24999403953552 21.650650579033837 97.42785935527804
v 68.48563551902771 21.65064924706058 89.2522657406998
v 60.8761191368103 25.000012925368985 79.33534572518556
v 56.24999403953552 21.650650579033837 97.42785935527804
v 60.8761191368103 25.000012925368985 79.33534572518556
v 49.99999701976776 25.00001410934532 86.60254071152895
v 49.99999701976776 25.00001410934532 86.60254071152895
v 60.8761191368103 25.000012925368985 79.33534572518556
v 53.266602754592896 21.650646015718095 69.41842680103305
v 49.99999701976776 25.00001410934532 86.60254071152895
v 53.266602754592896 21.650646015718095 69.41842680103305
v 43.74999701976776 21.650647051697508 75.77722315914157
v 43.74999701976776 21.650647051697508 75.77722315914157
v 53.266602754592896 21.650646015718095 69.41842680103305
v 47.69605100154877 12.500010126943998 62.1587375302945
v 43.74999701976776 21.650647051697508 75.77722315914157
v 47.69605100154877 12.500010126943998 62.1587375302945
v 39.174678921699524 12.500011054582604 67.85254274803742
v 39.174678921699524 12.500011054582604 67.85254274803742
v 47.69605100154877 12.500010126943998 62.1587375302945
v 45.65708935260773 0.00000969402649770289 59.50151085853577
v 39.174678921699524 12.500011054582604 67.85254274803742
v 45.65708935260773 0.00000969402649770289 59.50151085853577
v 37.49999701976776 0.000010582008991548227 64.95190858840942
v 37.49999701976776 0.000010582008991548227 64.95190858840942
v 45.65708935260773 0.00000969402649770289 59.50151085853577
v 47.69605100154877 -12.499989873056002 62.158741603311455
v 37.49999701976776 0.000010582008991548227 64.95190858840942
v 47.69605100154877 -12.499989873056002 62.158741603311455
v 39.174678921699524 -12.499988945417396 67.85254682105437
v 39.174678921699524 -12.499988945417396 67.85254682105437
v 47.69605100154877 -12.499989873056002 62.158741603311455
v 53.266602754592896 -21.650623396322615 69.41843385570523
v 39.174678921699524 -12.499988945417396 67.85254682105437
v 53.266602754592896 -21.650623396322615 69.41843385570523
v 43.74999701976776 -21.650622360343203 75.77723021381375
v 43.74999701976776 -21.650622360343203 75.77723021381375
v 53.266602754592896 -21.650623396322615 69.41843385570523
v 60.8761191368103 -24.999987074631015 79.33535387121947
v 43.74999701976776 -21.650622360343203 75.77723021381375
v 60.8761191368103 -24.999987074631015 79.33535387121947
v 49.99999701976776 -24.99998589065468 86.60254885756285
v 49.99999701976776 -24.99998589065468 86.60254885756285
v 60.8761191368103 -24.999987074631015 79.33535387121947
v 68.48563551902771 -21.65062016498013 89.25227279537198
v 49.99999701976776 -24.99998589065468 86.60254885756285
v 68.48563551902771 -21.65062016498013 89.25227279537198
v 56.24999403953552 -21.650618833006874 97.42786640995023
v 56.24999403953552 -21.650618833006874 97.42786640995023
v 68.48563551902771 -21.65062016498013 89.25227279537198
v 74.0561842918396 -12.499984276206032 96.51196206611053
v 56.24999403953552 -21.650618833006874 97.42786640995023
v 74.0561842918396 -12.499984276206032 96.51196206611053
v 60.82531213760376 -12.499982835891968 105.35254682105437
v 60.82531213760376 -12.499982835891968 105.35254682105437
v 74.0561842918396 -12.499984276206032 96.51196206611053
v 76.09515190124512 0.000016156711471790732 99.16918873786926
v 60.82531213760376 -12.499982835891968 105.35254682105437
v 76.09515190124512 0.000016156711471790732 99.16918873786926
v 62.49999403953552 0.000017636681647477682 108.25318098068237
v 76.09515190124512 0.000016156711471790732 99.16918873786926
v 88.3882999420166 0.000014400297296412267 88.38839530944824
v 86.01994514465332 12.500014014443327 86.02003847557648
v 76.09515190124512 0.000016156711471790732 99.16918873786926
v 86.01994514465332 12.500014014443327 86.02003847557648
v 74.0561842918396 12.500015723793968 96.51195799309357
v 74.0561842918396 12.500015723793968 96.51195799309357
v 86.01994514465332 12.500014014443327 86.02003847557648
v 79.54947352409363 21.650647666288116 79.54955344326022
v 74.0561842918396 12.500015723793968 96.51195799309357
v 79.54947352409363 21.650647666288116 79.54955344326022
v 68.48563551902771 21.65064924706058 89.2522657406998
v 68.48563551902771 21.65064924706058 89.2522657406998
v 79.54947352409363 21.650647666288116 79.54955344326022
v 70.71064114570618 25.000011520238225 70.71071455872743
v 68.48563551902771 21.65064924706058 89.2522657406998
v 70.71064114570618 25.000011520238225 70.71071455872743
v 60.8761191368103 25.000012925368985 79.33534572518556
v 60.8761191368103 25.000012925368985 79.33534572518556
v 70.71064114570618 25.000011520238225 70.71071455872743
v 61.871808767318726 21.650644786229044 61.87187676555637
v 60.8761191368103 25.000012925368985 79.33534572518556
v 61.871808767318726 21.650644786229044 61.87187676555637
v 53.266602754592896 21.650646015718095 69.41842680103305
v 53.266602754592896 21.650646015718095 69.41842680103305
v 61.871808767318726 21.650644786229044 61.87187676555637
v 55.40133714675903 12.500009026033124 55.40139471489533
v 53.266602754592896 21.650646015718095 69.41842680103305
v 55.40133714675903 12.500009026033124 55.40139471489533
v 47.69605100154877 12.500010126943998 62.1587375302945
v 47.69605100154877 12.500010126943998 62.1587375302945
v 55.40133714675903 12.500009026033124 55.40139471489533
v 53.03298234939575 0.000008640179157775309 53.03304195404053
v 47.69605100154877 12.500010126943998 62.1587375302945
v 53.03298234939575 0.000008640179157775309 53.03304195404053
v 45.65708935260773 0.00000969402649770289 59.50151085853577
v 45.65708935260773 0.00000969402649770289 59.50151085853577
v 53.03298234939575 0.000008640179157775309 53.03304195404053
v 55.40133714675903 -12.499990973966876 55.401398787912285
v 45.65708935260773 0.00000969402649770289 59.50151085853577
v 55.40133714675903 -12.499990973966876 55.401398787912285
v 47.69605100154877 -12.499989873056002 62.158741603311455
v 47.69605100154877 -12.499989873056002 62.158741603311455
v 55.40133714675903 -12.499990973966876 55.401398787912285
v 61.871808767318726 -21.650624625811666 61.87188382022854
v 47.69605100154877 -12.499989873056002 62.158741603311455
v 61.871808767318726 -21.650624625811666 61.87188382022854
v 53.266602754592896 -21.650623396322615 69.41843385570523
v 53.266602754592896 -21.650623396322615 69.41843385570523
v 61.871808767318726 -21.650624625811666 61.87188382022854
v 70.71064114570618 -24.999988479761775 70.71072270476134
v 53.266602754592896 -21.650623396322615 69.41843385570523
v 70.71064114570618 -24.999988479761775 70.71072270476134
v 60.8761191368103 -24.999987074631015 79.33535387121947
v 60.8761191368103 -24.999987074631015 79.33535387121947
v 70.71064114570618 -24.999988479761775 70.71072270476134
v 79.54947352409363 -21.650621745752595 79.5495604979324
v 60.8761191368103 -24.999987074631015 79.33535387121947
v 79.54947352409363 -21.650621745752595 79.5495604979324
v 68.48563551902771 -21.65062016498013 89.25227279537198
v 68.48563551902771 -21.65062016498013 89.25227279537198
v 79.54947352409363 -21.650621745752595 79.5495604979324
v 86.01994514465332 -12.499985985556673 86.02004254859344
v 68.48563551902771 -21.65062016498013 89.25227279537198
v 86.01994514465332 -12.499985985556673 86.02004254859344
v 74.0561842918396 -12.499984276206032 96.51196206611053
v 74.0561842918396 -12.499984276206032 96.51196206611053
v 86.01994514465332 -12.499985985556673 86.02004254859344
v 88.3882999420166 0.000014400297296412267 88.38839530944824
v 74.0561842918396 -12.499984276206032 96.51196206611053
v 88.3882999420166 0.000014400297296412267 88.38839530944824
v 76.09515190124512 0.000016156711471790732 99.16918873786926
v 88.3882999420166 0.000014400297296412267 88.38839530944824
v 99.16918277740479 0.000012397475686962353 76.09516382217407
v 96.5119481086731 12.500012065286672 74.05620013672456
v 88.3882999420166 0.000014400297296412267 88.38839530944824
v 96.5119481086731 12.500012065286672 74.05620013672456
v 86.01994514465332 12.500014014443327 86.02003847557648
v 86.01994514465332 12.500014014443327 86.02003847557648
v 96.5119481086731 12.500012065286672 74.05620013672456
v 89.25226330757141 21.650645863748473 68.48564391262057
v 86.01994514465332 12.500014014443327 86.02003847557648
v 89.25226330757141 21.650645863748473 68.48564391262057
v 79.54947352409363 21.650647666288116 79.54955344326022
v 79.54947352409363 21.650647666288116 79.54955344326022
v 89.25226330757141 21.650645863748473 68.48564391262057
v 79.33534383773804 25.00000991798055 60.876126984722305
v 79.54947352409363 21.650647666288116 79.54955344326022
v 79.33534383773804 25.00000991798055 60.876126984722305
v 70.71064114570618 25.000011520238225 70.71071455872743
v 70.71064114570618 25.000011520238225 70.71071455872743
v 79.33534383773804 25.00000991798055 60.876126984722305
v 69.41842436790466 21.650643384253335 53.26661114818577
v 70.71064114570618 25.000011520238225 70.71071455872743
v 69.41842436790466 21.650643384253335 53.26661114818577
v 61.871808767318726 21.650644786229044 61.87187676555637
v 61.871808767318726 21.650644786229044 61.87187676555637
v 69.41842436790466 21.650643384253335 53.26661114818577
v 62.15873956680298 12.500007770674426 47.69605790573701
v 61.871808767318726 21.650644786229044 61.87187676555637
v 62.15873956680298 12.500007770674426 47.69605790573701
v 55.40133714675903 12.500009026033124 55.40139471489533
v 55.40133714675903 12.500009026033124 55.40139471489533
v 62.15873956680298 12.500007770674426 47.69605790573701
v 59.50150489807129 0.000007438485415239029 45.65709829330444
v 55.40133714675903 12.500009026033124 55.40139471489533
v 59.50150489807129 0.000007438485415239029 45.65709829330444
v 53.03298234939575 0.000008640179157775309 53.03304195404053
v 53.03298234939575 0.000008640179157775309 53.03304195404053
v 59.50150489807129 0.000007438485415239029 45.65709829330444
v 62.15873956680298 -12.499992229325574 47.69606197875396
v 53.03298234939575 0.000008640179157775309 53.03304195404053
v 62.15873956680298 -12.499992229325574 47.69606197875396
v 55.40133714675903 -12.499990973966876 55.401398787912285
v 55.40133714675903 -12.499990973966876 55.401398787912285
v 62.15873956680298 -12.499992229325574 47.69606197875396
v 69.41842436790466 -21.650626027787375 53.266618202857934
v 55.40133714675903 -12.499990973966876 55.401398787912285
v 69.41842436790466 -21.650626027787375 53.266618202857934
v 61.871808767318726 -21.650624625811666 61.87188382022854
v 61.871808767318726 -21.650624625811666 61.87188382022854
v 69.41842436790466 -21.650626027787375 53.266618202857934
v 79.33534383773804 -24.99999008201945 60.87613513075621
v 61.871808767318726 -21.650624625811666 61.87188382022854
v 79.33534383773804 -24.99999008201945 60.87613513075621
v 70.71064114570618 -24.999988479761775 70.71072270476134
v 70.71064114570618 -24.999988479761775 70.71072270476134
v 79.33534383773804 -24.99999008201945 60.87613513075621
v 89.25226330757141 -21.650623548292238 68.48565096729276
v 70.71064114570618 -24.999988479761775 70.71072270476134
v 89.25226330757141 -21.650623548292238 68.48565096729276
v 79.54947352409363 -21.650621745752595 79.5495604979324
v 79.54947352409363 -21.650621745752595 79.5495604979324
v 89.25226330757141 -21.650623548292238 68.48565096729276
v 96.5119481086731 -12.499987934713328 74.05620420974151
v 79.54947352409363 -21.650621745752595 79.5495604979324
v 96.5119481086731 -12.499987934713328 74.05620420974151
v 86.01994514465332 -12.499985985556673 86.02004254859344
v 86.01994514465332 -12.499985985556673 86.02004254859344
v 96.5119481086731 -12.499987934713328 74.05620420974151
v 99.16918277740479 0.000012397475686962353 76.09516382217407
v 86.01994514465332 -12.499985985556673 86.02004254859344
v 99.16918277740479 0.000012397475686962353 76.09516382217407
v 88.3882999420166 0.000014400297296412267 88.38839530944824
v 99.16918277740479 0.000012397475686962353 76.09516382217407
v 108.25316905975342 0.000010182544320888701 62.500011920928955
v 105.35253286361694 12.50000990970401 60.825327982488716
v 99.16918277740479 0.000012397475686962353 76.09516382217407
v 105.35253286361694 12.50000990970401 60.825327982488716
v 96.5119481086731 12.500012065286672 74.05620013672456
v 96.5119481086731 12.500012065286672 74.05620013672456
v 105.35253286361694 12.50000990970401 60.825327982488716
v 97.42785096168518 21.65064387031044 56.25000839359287
v 96.5119481086731 12.500012065286672 74.05620013672456
v 97.42785096168518 21.65064387031044 56.25000839359287
v 89.25226330757141 21.650645863748473 68.48564391262057
v 89.25226330757141 21.650645863748473 68.48564391262057
v 97.42785096168518 21.65064387031044 56.25000839359287
v 86.60253286361694 25.000008146035846 50.000007847912
v 89.25226330757141 21.650645863748473 68.48564391262057
v 86.60253286361694 25.000008146035846 50.000007847912
v 79.33534383773804 25.00000991798055 60.876126984722305
v 79.33534383773804 25.00000991798055 60.876126984722305
v 86.60253286361694 25.000008146035846 50.000007847912
v 75.7772147655487 21.650641833801963 43.75000839359287
v 79.33534383773804 25.00000991798055 60.876126984722305
v 75.7772147655487 21.650641833801963 43.75000839359287
v 69.41842436790466 21.650643384253335 53.26661114818577
v 69.41842436790466 21.650643384253335 53.26661114818577
v 75.7772147655487 21.650641833801963 43.75000839359287
v 67.85253286361694 12.500006382367195 39.17468880612
v 69.41842436790466 21.650643384253335 53.26661114818577
v 67.85253286361694 12.500006382367195 39.17468880612
v 62.15873956680298 12.500007770674426 47.69605790573701
v 62.15873956680298 12.500007770674426 47.69605790573701
v 67.85253286361694 12.500006382367195 39.17468880612
v 64.95189666748047 0.000006109526886919712 37.500008940696716
v 62.15873956680298 12.500007770674426 47.69605790573701
v 64.95189666748047 0.000006109526886919712 37.500008940696716
v 59.50150489807129 0.000007438485415239029 45.65709829330444
v 59.50150489807129 0.000007438485415239029 45.65709829330444
v 64.95189666748047 0.000006109526886919712 37.500008940696716
v 67.85253286361694 -12.499993617632805 39.174692879136956
v 59.50150489807129 0.000007438485415239029 45.65709829330444
v 67.85253286361694 -12.499993617632805 39.174692879136956
v 62.15873956680298 -12.499992229325574 47.69606197875396
v 62.15873956680298 -12.499992229325574 47.69606197875396
v 67.85253286361694 -12.499993617632805 39.174692879136956
v 75.7772147655487 -21.650627578238748 43.75001544826504
v 62.15873956680298 -12.499992229325574 47.69606197875396
v 75.7772147655487 -21.650627578238748 43.75001544826504
v 69.41842436790466 -21.650626027787375 53.266618202857934
v 69.41842436790466 -21.650626027787375 53.266618202857934
v 75.7772147655487 -21.650627578238748 43.75001544826504
v 86.60253286361694 -24.999991853964154 50.00001599394591
v 69.41842436790466 -21.650626027787375 53.266618202857934
v 86.60253286361694 -24.999991853964154 50.00001599394591
v 79.33534383773804 -24.99999008201945 60.87613513075621
v 79.33534383773804 -24.99999008201945 60.87613513075621
v 86.60253286361694 -24.999991853964154 50.00001599394591
v 97.42785096168518 -21.65062554173027 56.25001544826504
v 79.33534383773804 -24.99999008201945 60.87613513075621
v 97.42785096168518 -21.65062554173027 56.25001544826504
v 89.25226330757141 -21.650623548292238 68.48565096729276
v 89.25226330757141 -21.650623548292238 68.48565096729276
v 97.42785096168518 -21.65062554173027 56.25001544826504
v 105.35253286361694 -12.49999009029599 60.82533205550567
v 89.25226330757141 -21.650623548292238 68.48565096729276
v 105.35253286361694 -12.49999009029599 60.82533205550567
v 96.5119481086731 -12.499987934713328 74.05620420974151
v 96.5119481086731 -12.499987934713328 74.05620420974151
v 105.35253286361694 -12.49999009029599 60.82533205550567
v 108.25316905975342 0.000010182544320888701 62.500011920928955
v 96.5119481086731 -12.499987934713328 74.05620420974151
v 108.25316905975342 0.000010182544320888701 62.500011920928955
v 99.16918277740479 0.000012397475686962353 76.09516382217407
v 108.25316905975342 0.000010182544320888701 62.500011920928955
v 115.48492908477783 0.000007793388055924191 47.83547520637512
v 112.39051818847656 12.50000758456493 46.55372594791993
v 108.25316905975342 0.000010182544320888701 62.500011920928955
v 112.39051818847656 12.50000758456493 46.55372594791993
v 105.35253286361694 12.50000990970401 60.825327982488716
v 105.35253286361694 12.50000990970401 60.825327982488716
v 112.39051818847656 12.50000758456493 46.55372594791993
v 103.93643379211426 21.650641720069704 43.051924754447974
v 105.35253286361694 12.50000990970401 60.825327982488716
v 103.93643379211426 21.650641720069704 43.051924754447974
v 97.42785096168518 21.65064387031044 56.25000839359287
v 97.42785096168518 21.65064387031044 56.25000839359287
v 103.93643379211426 21.650641720069704 43.051924754447974
v 92.38793849945068 25.00000623471064 38.26837728417604
v 97.42785096168518 21.65064387031044 56.25000839359287
v 92.38793849945068 25.00000623471064 38.26837728417604
v 86.60253286361694 25.000008146035846 50.000007847912
v 86.60253286361694 25.000008146035846 50.000007847912
v 92.38793849945068 25.00000623471064 38.26837728417604
v 80.83944320678711 21.650640161392285 33.484830905265845
v 86.60253286361694 25.000008146035846 50.000007847912
v 80.83944320678711 21.650640161392285 33.484830905265845
v 75.7772147655487 21.650641833801963 43.75000839359287
v 75.7772147655487 21.650641833801963 43.75000839359287
v 80.83944320678711 21.650640161392285 33.484830905265845
v 72.38536477088928 12.500004884856349 29.983032693449104
v 75.7772147655487 21.650641833801963 43.75000839359287
v 72.38536477088928 12.500004884856349 29.983032693449104
v 67.85253286361694 12.500006382367195 39.17468880612
v 67.85253286361694 12.500006382367195 39.17468880612
v 72.38536477088928 12.500004884856349 29.983032693449104
v 69.29095387458801 0.000004676033225049298 28.701287508010864
v 67.85253286361694 12.500006382367195 39.17468880612
v 69.29095387458801 0.000004676033225049298 28.701287508010864
v 64.95189666748047 0.000006109526886919712 37.500008940696716
v 64.95189666748047 0.000006109526886919712 37.500008940696716
v 69.29095387458801 0.000004676033225049298 28.701287508010864
v 72.38536477088928 -12.499995115143651 29.983036766466057
v 64.95189666748047 0.000006109526886919712 37.500008940696716
v 72.38536477088928 -12.499995115143651 29.983036766466057
v 67.85253286361694 -12.499993617632805 39.174692879136956
v 67.85253286361694 -12.499993617632805 39.174692879136956
v 72.38536477088928 -12.499995115143651 29.983036766466057
v 80.83944320678711 -21.650629250648425 33.48483795993801
v 67.85253286361694 -12.499993617632805 39.174692879136956
v 80.83944320678711 -21.650629250648425 33.48483795993801
v 75.7772147655487 -21.650627578238748 43.75001544826504
v 75.7772147655487 -21.650627578238748 43.75001544826504
v 80.83944320678711 -21.650629250648425 33.48483795993801
v 92.38793849945068 -24.99999376528936 38.268385430209946
v 75.7772147655487 -21.650627578238748 43.75001544826504
v 92.38793849945068 -24.99999376528936 38.268385430209946
v 86.60253286361694 -24.999991853964154 50.00001599394591
v 86.60253286361694 -24.999991853964154 50.00001599394591
v 92.38793849945068 -24.99999376528936 38.268385430209946
v 103.93643379211426 -21.650627691971007 43.05193180912014
v 86.60253286361694 -24.999991853964154 50.00001599394591
v 103.93643379211426 -21.650627691971007 43.05193180912014
v 97.42785096168518 -21.65062554173027 56.25001544826504
v 97.42785096168518 -21.65062554173027 56.25001544826504
v 103.93643379211426 -21.650627691971007 43.05193180912014
v 112.39051818847656 -12.49999241543507 46.55373002093688
v 97.42785096168518 -21.65062554173027 56.25001544826504
v 112.39051818847656 -12.49999241543507 46.55373002093688
v 105.35253286361694 -12.49999009029599 60.82533205550567
v 105.35253286361694 -12.49999009029599 60.82533205550567
v 112.39051818847656 -12.49999241543507 46.55373002093688
v 115.48492908477783 0.000007793388055924191 47.83547520637512
v 105.35253286361694 -12.49999009029599 60.82533205550567
v 115.48492908477783 0.000007793388055924191 47.83547520637512
v 108.25316905975342 0.000010182544320888701 62.500011920928955
v 115.48492908477783 0.000007793388055924191 47.83547520637512
v 120.74073553085327 0.0000052708661767679894 32.35234618186951
v 117.50550270080566 12.50000512963382 31.485466112676704
v 115.48492908477783 0.000007793388055924191 47.83547520637512
v 117.50550270080566 12.50000512963382 31.485466112676704
v 112.39051818847656 12.50000758456493 46.55372594791993
v 112.39051818847656 12.50000758456493 46.55372594791993
v 117.50550270080566 12.50000512963382 31.485466112676704
v 108.66665840148926 21.650639449800206 29.117109824485812
v 112.39051818847656 12.50000758456493 46.55372594791993
v 108.66665840148926 21.650639449800206 29.117109824485812
v 103.93643379211426 21.650641720069704 43.051924754447974
v 103.93643379211426 21.650641720069704 43.051924754447974
v 108.66665840148926 21.650639449800206 29.117109824485812
v 96.59258723258972 25.00000421669304 25.8818734685251
v 103.93643379211426 21.650641720069704 43.051924754447974
v 96.59258723258972 25.00000421669304 25.8818734685251
v 92.38793849945068 25.00000623471064 38.26837728417604
v 92.38793849945068 25.00000623471064 38.26837728417604
v 96.59258723258972 25.00000421669304 25.8818734685251
v 84.51851606369019 21.650638395626824 22.64663969404224
v 92.38793849945068 25.00000623471064 38.26837728417604
v 84.51851606369019 21.650638395626824 22.64663969404224
v 80.83944320678711 21.650640161392285 33.484830905265845
v 80.83944320678711 21.650640161392285 33.484830905265845
v 84.51851606369019 21.650638395626824 22.64663969404224
v 75.67967772483826 12.500003303752257 20.27828489739045
v 80.83944320678711 21.650640161392285 33.484830905265845
v 75.67967772483826 12.500003303752257 20.27828489739045
v 72.38536477088928 12.500004884856349 29.983032693449104
v 72.38536477088928 12.500004884856349 29.983032693449104
v 75.67967772483826 12.500003303752257 20.27828489739045
v 72.44443893432617 0.0000031625199033389937 19.4114089012146
v 72.38536477088928 12.500004884856349 29.983032693449104
v 72.44443893432617 0.0000031625199033389937 19.4114089012146
v 69.29095387458801 0.000004676033225049298 28.701287508010864
v 69.29095387458801 0.000004676033225049298 28.701287508010864
v 72.44443893432617 0.0000031625199033389937 19.4114089012146
v 75.67967772483826 -12.499996696247743 20.278288970407402
v 69.29095387458801 0.000004676033225049298 28.701287508010864
v 75.67967772483826 -12.499996696247743 20.278288970407402
v 72.38536477088928 -12.499995115143651 29.983036766466057
v 72.38536477088928 -12.499995115143651 29.983036766466057
v 75.67967772483826 -12.499996696247743 20.278288970407402
v 84.51851606369019 -21.650631016413886 22.646646748714414
v 72.38536477088928 -12.499995115143651 29.983036766466057
v 84.51851606369019 -21.650631016413886 22.646646748714414
v 80.83944320678711 -21.650629250648425 33.48483795993801
v 80.83944320678711 -21.650629250648425 33.48483795993801
v 84.51851606369019 -21.650631016413886 22.646646748714414
v 96.59258723258972 -24.99999578330696 25.881881614559006
v 80.83944320678711 -21.650629250648425 33.48483795993801
v 96.59258723258972 -24.99999578330696 25.881881614559006
v 92.38793849945068 -24.99999376528936 38.268385430209946
v 92.38793849945068 -24.99999376528936 38.268385430209946
v 96.59258723258972 -24.99999578330696 25.881881614559006
v 108.66665840148926 -21.650629962240505 29.117116879157987
v 92.38793849945068 -24.99999376528936 38.268385430209946
v 108.66665840148926 -21.650629962240505 29.117116879157987
v 103.93643379211426 -21.650627691971007 43.05193180912014
v 103.93643379211426 -21.650627691971007 43.05193180912014
v 108.66665840148926 -21.650629962240505 29.117116879157987
v 117.50550270080566 -12.49999487036618 31.485470185693657
v 103.93643379211426 -21.650627691971007 43.05193180912014
v 117.50550270080566 -12.49999487036618 31.485470185693657
v 112.39051818847656 -12.49999241543507 46.55373002093688
v 112.39051818847656 -12.49999241543507 46.55373002093688
v 117.50550270080566 -12.49999487036618 31.485470185693657
v 120.74073553085327 0.0000052708661767679894 32.35234618186951
v 112.39051818847656 -12.49999241543507 46.55373002093688
v 120.74073553085327 0.0000052708661767679894 32.35234618186951
v 115.48492908477783 0.000007793388055924191 47.83547520637512
v 120.74073553085327 0.0000052708661767679894 32.35234618186951
v 123.9306092262268 0.0000026581765785474617 16.315771639347076
v 120.60990333557129 12.500002586950803 15.878588904920662
v 120.74073553085327 0.0000052708661767679894 32.35234618186951
v 120.60990333557129 12.500002586950803 15.878588904920662
v 117.50550270080566 12.50000512963382 31.485466112676704
v 117.50550270080566 12.50000512963382 31.485466112676704
v 120.60990333557129 12.500002586950803 15.878588904920662
v 111.53755187988281 21.650637098379253 14.68419079906467
v 117.50550270080566 12.50000512963382 31.485466112676704
v 111.53755187988281 21.650637098379253 14.68419079906467
v 108.66665840148926 21.650639449800206 29.117109824485812
v 108.66665840148926 21.650639449800206 29.117109824485812
v 111.53755187988281 21.650637098379253 14.68419079906467
v 99.14448857307434 25.000002126541215 13.052612940437486
v 108.66665840148926 21.650639449800206 29.117109824485812
v 99.14448857307434 25.000002126541215 13.052612940437486
v 96.59258723258972 25.00000421669304 25.8818734685251
v 96.59258723258972 25.00000421669304 25.8818734685251
v 99.14448857307434 25.000002126541215 13.052612940437486
v 86.75142526626587 21.650636566743888 11.42103617317203
v 96.59258723258972 25.00000421669304 25.8818734685251
v 86.75142526626587 21.650636566743888 11.42103617317203
v 84.51851606369019 21.650638395626824 22.64663969404224
v 84.51851606369019 21.650638395626824 22.64663969404224
v 86.75142526626587 21.650636566743888 11.42103617317203
v 77.67907381057739 12.500001666131505 10.2266403039132
v 84.51851606369019 21.650638395626824 22.64663969404224
v 77.67907381057739 12.500001666131505 10.2266403039132
v 75.67967772483826 12.500003303752257 20.27828489739045
v 75.67967772483826 12.500003303752257 20.27828489739045
v 77.67907381057739 12.500001666131505 10.2266403039132
v 74.35836791992188 0.0000015949058530818028 9.789462387561798
v 75.67967772483826 12.500003303752257 20.27828489739045
v 74.35836791992188 0.0000015949058530818028 9.789462387561798
v 72.44443893432617 0.0000031625199033389937 19.4114089012146
v 72.44443893432617 0.0000031625199033389937 19.4114089012146
v 74.35836791992188 0.0000015949058530818028 9.789462387561798
v 77.67907381057739 -12.499998333868495 10.226644376930153
v 72.44443893432617 0.0000031625199033389937 19.4114089012146
v 77.67907381057739 -12.499998333868495 10.226644376930153
v 75.67967772483826 -12.499996696247743 20.278288970407402
v 75.67967772483826 -12.499996696247743 20.278288970407402
v 77.67907381057739 -12.499998333868495 10.226644376930153
v 86.75142526626587 -21.650632845296823 11.421043227844205
v 75.67967772483826 -12.499996696247743 20.278288970407402
v 86.75142526626587 -21.650632845296823 11.421043227844205
v 84.51851606369019 -21.650631016413886 22.646646748714414
v 84.51851606369019 -21.650631016413886 22.646646748714414
v 86.75142526626587 -21.650632845296823 11.421043227844205
v 99.14448857307434 -24.999997873458785 13.052621086471389
v 84.51851606369019 -21.650631016413886 22.646646748714414
v 99.14448857307434 -24.999997873458785 13.052621086471389
v 96.59258723258972 -24.99999578330696 25.881881614559006
v 96.59258723258972 -24.99999578330696 25.881881614559006
v 99.14448857307434 -24.999997873458785 13.052621086471389
v 111.53755187988281 -21.650632313661458 14.684197853736844
v 96.59258723258972 -24.99999578330696 25.881881614559006
v 111.53755187988281 -21.650632313661458 14.684197853736844
v 108.66665840148926 -21.650629962240505 29.117116879157987
v 108.66665840148926 -21.650629962240505 29.117116879157987
v 111.53755187988281 -21.650632313661458 14.684197853736844
v 120.60990333557129 -12.499997413049197 15.878592977937615
v 108.66665840148926 -21.650629962240505 29.117116879157987
v 120.60990333557129 -12.499997413049197 15.878592977937615
v 117.50550270080566 -12.49999487036618 31.485470185693657
v 117.50550270080566 -12.49999487036618 31.485470185693657
v 120.60990333557129 -12.499997413049197 15.878592977937615
v 123.9306092262268 0.0000026581765785474617 16.315771639347076
v 117.50550270080566 -12.49999487036618 31.485470185693657
v 123.9306092262268 0.0000026581765785474617 16.315771639347076
v 120.74073553085327 0.0000052708661767679894 32.35234618186951
v 123.9306092262268 0.0000026581765785474617 16.315771639347076
v 125 0 0
v 121.65063619613647 12.5 -0.0000020365084757445744
v 123.9306092262268 0.0000026581765785474617 16.315771639347076
v 121.65063619613647 12.5 -0.0000020365084757445744
v 120.60990333557129 12.500002586950803 15.878588904920662
v 120.60990333557129 12.500002586950803 15.878588904920662
v 121.65063619613647 12.5 -0.0000020365084757445744
v 112.5 21.650634706020355 -0.0000035273360867248077
v 120.60990333557129 12.500002586950803 15.878588904920662
v 112.5 21.650634706020355 -0.0000035273360867248077
v 111.53755187988281 21.650637098379253 14.68419079906467
v 111.53755187988281 21.650637098379253 14.68419079906467
v 112.5 21.650634706020355 -0.0000035273360867248077
v 100 25 -0.000004073016951489149
v 111.53755187988281 21.650637098379253 14.68419079906467
v 100 25 -0.000004073016951489149
v 99.14448857307434 25.000002126541215 13.052612940437486
v 99.14448857307434 25.000002126541215 13.052612940437486
v 100 25 -0.000004073016951489149
v 87.5 21.650634706020355 -0.0000035273360867248077
v 99.14448857307434 25.000002126541215 13.052612940437486
v 87.5 21.650634706020355 -0.0000035273360867248077
v 86.75142526626587 21.650636566743888 11.42103617317203
v 86.75142526626587 21.650636566743888 11.42103617317203
v 87.5 21.650634706020355 -0.0000035273360867248077
v 78.34936380386353 12.5 -0.0000020365084757445744
v 86.75142526626587 21.650636566743888 11.42103617317203
v 78.34936380386353 12.5 -0.0000020365084757445744
v 77.67907381057739 12.500001666131505 10.2266403039132
v 77.67907381057739 12.500001666131505 10.2266403039132
v 78.34936380386353 12.5 -0.0000020365084757445744
v 75 3.0616171314629196e-15 -4.988007390167222e-22
v 77.67907381057739 12.500001666131505 10.2266403039132
v 75 3.0616171314629196e-15 -4.988007390167222e-22
v 74.35836791992188 0.0000015949058530818028 9.789462387561798
v 74.35836791992188 0.0000015949058530818028 9.789462387561798
v 75 3.0616171314629196e-15 -4.988007390167222e-22
v 78.34936380386353 -12.5 0.0000020365084757445744
v 74.35836791992188 0.0000015949058530818028 9.789462387561798
v 78.34936380386353 -12.5 0.0000020365084757445744
v 77.67907381057739 -12.499998333868495 10.226644376930153
v 77.67907381057739 -12.499998333868495 10.226644376930153
v 78.34936380386353 -12.5 0.0000020365084757445744
v 87.5 -21.650634706020355 0.0000035273360867248077
v 77.67907381057739 -12.499998333868495 10.226644376930153
v 87.5 -21.650634706020355 0.0000035273360867248077
v 86.75142526626587 -21.650632845296823 11.421043227844205
v 86.75142526626587 -21.650632845296823 11.421043227844205
v 87.5 -21.650634706020355 0.0000035273360867248077
v 100 -25 0.000004073016951489149
v 86.75142526626587 -21.650632845296823 11.421043227844205
v 100 -25 0.000004073016951489149
v 99.14448857307434 -24.999997873458785 13.052621086471389
v 99.14448857307434 -24.999997873458785 13.052621086471389
v 100 -25 0.000004073016951489149
v 112.5 -21.650634706020355 0.0000035273360867248077
v 99.14448857307434 -24.999997873458785 13.052621086471389
v 112.5 -21.650634706020355 0.0000035273360867248077
v 111.53755187988281 -21.650632313661458 14.684197853736844
v 111.53755187988281 -21.650632313661458 14.684197853736844
v 112.5 -21.650634706020355 0.0000035273360867248077
v 121.65063619613647 -12.5 0.0000020365084757445744
v 111.53755187988281 -21.650632313661458 14.684197853736844
v 121.65063619613647 -12.5 0.0000020365084757445744
v 120.60990333557129 -12.499997413049197 15.878592977937615
v 120.60990333557129 -12.499997413049197 15.878592977937615
v 121.65063619613647 -12.5 0.0000020365084757445744
v 125 0 0
v 120.60990333557129 -12.499997413049197 15.878592977937615
v 125 0 0
v 123.9306092262268 0.0000026581765785474617 16.315771639347076
vt 0.5 0.5
vt 0.5208333134651184 0.5
vt 0.5208333134651184 0.5833333134651184
vt 0.5 0.5
vt 0.5208333134651184 0.5833333134651184
vt 0.5 0.5833333134651184
vt 0.5 0.5833333134651184
vt 0.5208333134651184 0.5833333134651184
vt 0.5208333134651184 0.6666666865348816
vt 0.5 0.5833333134651184
vt 0.5208333134651184 0.6666666865348816
vt 0.5 0.6666666865348816
vt 0.5 0.6666666865348816
vt 0.5208333134651184 0.6666666865348816
vt 0.5208333134651184 0.75
vt 0.5 0.6666666865348816
vt 0.5208333134651184 0.75
vt 0.5 0.75
vt 0.5 0.75
vt 0.5208333134651184 0.75
vt 0.5208333134651184 0.8333333134651184
vt 0.5 0.75
vt 0.5208333134651184 0.8333333134651184
vt 0.5 0.8333333134651184
vt 0.5 0.8333333134651184
vt 0.5208333134651184 0.8333333134651184
vt 0.5208333134651184 0.9166666865348816
vt 0.5 0.8333333134651184
vt 0.5208333134651184 0.9166666865348816
vt 0.5 0.9166666865348816
vt 0.5 0.9166666865348816
vt 0.5208333134651184 0.9166666865348816
vt 0.5208333134651184 1
vt 0.5 0.9166666865348816
vt 0.5208333134651184 1
vt 0.5 1
vt 0.5 0
vt 0.5208333134651184 0
vt 0.5208333134651184 0.08333331346511841
vt 0.5 0
vt 0.5208333134651184 0.08333331346511841
vt 0.5 0.08333331346511841
vt 0.5 0.08333331346511841
vt 0.5208333134651184 0.08333331346511841
vt 0.5208333134651184 0.1666666865348816
vt 0.5 0.08333331346511841
vt 0.5208333134651184 0.1666666865348816
vt 0.5 0.1666666865348816
vt 0.5 0.1666666865348816
vt 0.5208333134651184 0.1666666865348816
vt 0.5208333134651184 0.25
vt 0.5 0.1666666865348816
vt 0.5208333134651184 0.25
vt 0.5 0.25
vt 0.5 0.25
vt 0.5208333134651184 0.25
vt 0.5208333134651184 0.3333333730697632
vt 0.5 0.25
vt 0.5208333134651184 0.3333333730697632
vt 0.5 0.3333333730697632
vt 0.5 0.3333333730697632
vt 0.5208333134651184 0.3333333730697632
vt 0.5208333134651184 0.4166666269302368
vt 0.5 0.3333333730697632
vt 0.5208333134651184 0.4166666269302368
vt 0.5 0.4166666269302368
vt 0.5 0.4166666269302368
vt 0.5208333134651184 0.4166666269302368
vt 0.5208333134651184 0.5
vt 0.5 0.4166666269302368
vt 0.5208333134651184 0.5
vt 0.5 0.5
vt 0.5208333134651184 0.5
vt 0.5416666865348816 0.5
vt 0.5416666865348816 0.5833333134651184
vt 0.5208333134651184 0.5
vt 0.5416666865348816 0.5833333134651184
vt 0.5208333134651184 0.5833333134651184
vt 0.5208333134651184 0.5833333134651184
vt 0.5416666865348816 0.5833333134651184
vt 0.5416666865348816 0.6666666865348816
vt 0.5208333134651184 0.5833333134651184
vt 0.5416666865348816 0.6666666865348816
vt 0.5208333134651184 0.6666666865348816
vt 0.5208333134651184 0.6666666865348816
vt 0.5416666865348816 0.6666666865348816
vt 0.5416666865348816 0.75
vt 0.5208333134651184 0.6666666865348816
vt 0.5416666865348816 0.75
vt 0.5208333134651184 0.75
vt 0.5208333134651184 0.75
vt 0.5416666865348816 0.75
vt 0.5416666865348816 0.8333333134651184
vt 0.5208333134651184 0.75
vt 0.5416666865348816 0.8333333134651184
vt 0.5208333134651184 0.8333333134651184
vt 0.5208333134651184 0.8333333134651184
vt 0.5416666865348816 0.8333333134651184
vt 0.5416666865348816 0.9166666865348816
vt 0.5208333134651184 0.8333333134651184
vt 0.5416666865348816 0.9166666865348816
vt 0.5208333134651184 0.9166666865348816
vt 0.5208333134651184 0.9166666865348816
vt 0.5416666865348816 0.9166666865348816
vt 0.5416666865348816 1
vt 0.5208333134651184 0.9166666865348816
vt 0.5416666865348816 1
vt 0.5208333134651184 1
vt 0.5208333134651184 0
vt 0.5416666865348816 0
vt 0.5416666865348816 0.08333331346511841
vt 0.5208333134651184 0
vt 0.5416666865348816 0.08333331346511841
vt 0.5208333134651184 0.08333331346511841
vt 0.5208333134651184 0.08333331346511841
vt 0.5416666865348816 0.08333331346511841
vt 0.5416666865348816 0.1666666865348816
vt 0.5208333134651184 0.08333331346511841
vt 0.5416666865348816 0.1666666865348816
vt 0.5208333134651184 0.1666666865348816
vt 0.5208333134651184 0.1666666865348816
vt 0.5416666865348816 0.1666666865348816
vt 0.5416666865348816 0.25
vt 0.5208333134651184 0.1666666865348816
vt 0.5416666865348816 0.25
vt 0.5208333134651184 0.25
vt 0.5208333134651184 0.25
vt 0.5416666865348816 0.25
vt 0.5416666865348816 0.3333333730697632
vt 0.5208333134651184 0.25
vt 0.5416666865348816 0.3333333730697632
vt 0.5208333134651184 0.3333333730697632
vt 0.5208333134651184 0.3333333730697632
vt 0.5416666865348816 0.3333333730697632
vt 0.5416666865348816 0.4166666269302368
vt 0.5208333134651184 0.3333333730697632
vt 0.5416666865348816 0.4166666269302368
vt 0.5208333134651184 0.4166666269302368
vt 0.5208333134651184 0.4166666269302368
vt 0.5416666865348816 0.4166666269302368
vt 0.5416666865348816 0.5
vt 0.5208333134651184 0.4166666269302368
vt 0.5416666865348816 0.5
vt 0.5208333134651184 0.5
vt 0.5416666865348816 0.5
vt 0.5625 0.5
vt 0.5625 0.5833333134651184
vt 0.5416666865348816 0.5
vt 0.5625 0.5833333134651184
vt 0.5416666865348816 0.5833333134651184
vt 0.5416666865348816 0.5833333134651184
vt 0.5625 0.5833333134651184
vt 0.5625 0.6666666865348816
vt 0.5416666865348816 0.5833333134651184
vt 0.5625 0.6666666865348816
vt 0.5416666865348816 0.6666666865348816
vt 0.5416666865348816 0.6666666865348816
vt 0.5625 0.6666666865348816
vt 0.5625 0.75
vt 0.5416666865348816 0.6666666865348816
vt 0.5625 0.75
vt 0.5416666865348816 0.75
vt 0.5416666865348816 0.75
vt 0.5625 0.75
vt 0.5625 0.8333333134651184
vt 0.5416666865348816 0.75
vt 0.5625 0.8333333134651184
vt 0.5416666865348816 0.8333333134651184
vt 0.5416666865348816 0.8333333134651184
vt 0.5625 0.8333333134651184
vt 0.5625 0.9166666865348816
vt 0.5416666865348816 0.8333333134651184
vt 0.5625 0.9166666865348816
vt 0.5416666865348816 0.9166666865348816
vt 0.5416666865348816 0.9166666865348816
vt 0.5625 0.9166666865348816
vt 0.5625 1
vt 0.5416666865348816 0.9166666865348816
vt 0.5625 1
vt 0.5416666865348816 1
vt 0.5416666865348816 0
vt 0.5625 0
vt 0.5625 0.08333331346511841
vt 0.5416666865348816 0
vt 0.5625 0.08333331346511841
vt 0.5416666865348816 0.08333331346511841
vt 0.5416666865348816 0.08333331346511841
vt 0.5625 0.08333331346511841
vt 0.5625 0.1666666865348816
vt 0.5416666865348816 0.08333331346511841
vt 0.5625 0.1666666865348816
vt 0.5416666865348816 0.1666666865348816
vt 0.5416666865348816 0.1666666865348816
vt 0.5625 0.1666666865348816
vt 0.5625 0.25
vt 0.5416666865348816 0.1666666865348816
vt 0.5625 0.25
vt 0.5416666865348816 0.25
vt 0.5416666865348816 0.25
vt 0.5625 0.25
vt 0.5625 0.3333333730697632
vt 0.5416666865348816 0.25
vt 0.5625 0.3333333730697632
vt 0.5416666865348816 0.3333333730697632
vt 0.5416666865348816 0.3333333730697632
vt 0.5625 0.3333333730697632
vt 0.5625 0.4166666269302368
vt 0.5416666865348816 0.3333333730697632
vt 0.5625 0.4166666269302368
vt 0.5416666865348816 0.4166666269302368
vt 0.5416666865348816 0.4166666269302368
vt 0.5625 0.4166666269302368
vt 0.5625 0.5
vt 0.5416666865348816 0.4166666269302368
vt 0.5625 0.5
vt 0.5416666865348816 0.5
vt 0.5625 0.5
vt 0.5833333134651184 0.5
vt 0.5833333134651184 0.5833333134651184
vt 0.5625 0.5
vt 0.5833333134651184 0.5833333134651184
vt 0.5625 0.5833333134651184
vt 0.5625 0.5833333134651184
vt 0.5833333134651184 0.5833333134651184
vt 0.5833333134651184 0.6666666865348816
vt 0.5625 0.5833333134651184
vt 0.5833333134651184 0.6666666865348816
vt 0.5625 0.6666666865348816
vt 0.5625 0.6666666865348816
vt 0.5833333134651184 0.6666666865348816
vt 0.5833333134651184 0.75
vt 0.5625 0.6666666865348816
vt 0.5833333134651184 0.75
vt 0.5625 0.75
vt 0.5625 0.75
vt 0.5833333134651184 0.75
vt 0.5833333134651184 0.8333333134651184
vt 0.5625 0.75
vt 0.5833333134651184 0.8333333134651184
vt 0.5625 0.8333333134651184
vt 0.5625 0.8333333134651184
vt 0.5833333134651184 0.8333333134651184
vt 0.5833333134651184 0.9166666865348816
vt 0.5625 0.8333333134651184
vt 0.5833333134651184 0.9166666865348816
vt 0.5625 0.9166666865348816
vt 0.5625 0.9166666865348816
vt 0.5833333134651184 0.9166666865348816
vt 0.5833333134651184 1
vt 0.5625 0.9166666865348816
vt 0.5833333134651184 1
vt 0.5625 1
vt 0.5625 0
vt 0.5833333134651184 0
vt 0.5833333134651184 0.08333331346511841
vt 0.5625 0
vt 0.5833333134651184 0.08333331346511841
vt 0.5625 0.08333331346511841
vt 0.5625 0.08333331346511841
vt 0.5833333134651184 0.08333331346511841
vt 0.5833333134651184 0.1666666865348816
vt 0.5625 0.08333331346511841
vt 0.5833333134651184 0.1666666865348816
vt 0.5625 0.1666666865348816
vt 0.5625 0.1666666865348816
vt 0.5833333134651184 0.1666666865348816
vt 0.5833333134651184 0.25
vt 0.5625 0.1666666865348816
vt 0.5833333134651184 0.25
vt 0.5625 0.25
vt 0.5625 0.25
vt 0.5833333134651184 0.25
vt 0.5833333134651184 0.3333333730697632
vt 0.5625 0.25
vt 0.5833333134651184 0.3333333730697632
vt 0.5625 0.3333333730697632
vt 0.5625 0.3333333730697632
vt 0.5833333134651184 0.3333333730697632
vt 0.5833333134651184 0.4166666269302368
vt 0.5625 0.3333333730697632
vt 0.5833333134651184 0.4166666269302368
vt 0.5625 0.4166666269302368
vt 0.5625 0.4166666269302368
vt 0.5833333134651184 0.4166666269302368
vt 0.5833333134651184 0.5
vt 0.5625 0.4166666269302368
vt 0.5833333134651184 0.5
vt 0.5625 0.5
vt 0.5833333134651184 0.5
vt 0.6041666865348816 0.5
vt 0.6041666865348816 0.5833333134651184
vt 0.5833333134651184 0.5
vt 0.6041666865348816 0.5833333134651184
vt 0.5833333134651184 0.5833333134651184
vt 0.5833333134651184 0.5833333134651184
vt 0.6041666865348816 0.5833333134651184
vt 0.6041666865348816 0.6666666865348816
vt 0.5833333134651184 0.5833333134651184
vt 0.6041666865348816 0.6666666865348816
vt 0.5833333134651184 0.6666666865348816
vt 0.5833333134651184 0.6666666865348816
vt 0.6041666865348816 0.6666666865348816
vt 0.6041666865348816 0.75
vt 0.5833333134651184 0.6666666865348816
vt 0.6041666865348816 0.75
vt 0.5833333134651184 0.75
vt 0.5833333134651184 0.75
vt 0.6041666865348816 0.75
vt 0.6041666865348816 0.8333333134651184
vt 0.5833333134651184 0.75
vt 0.6041666865348816 0.8333333134651184
vt 0.5833333134651184 0.8333333134651184
vt 0.5833333134651184 0.8333333134651184
vt 0.6041666865348816 0.8333333134651184
vt 0.6041666865348816 0.9166666865348816
vt 0.5833333134651184 0.8333333134651184
vt 0.6041666865348816 0.9166666865348816
vt 0.5833333134651184 0.9166666865348816
vt 0.5833333134651184 0.9166666865348816
vt 0.6041666865348816 0.9166666865348816
vt 0.6041666865348816 1
vt 0.5833333134651184 0.9166666865348816
vt 0.6041666865348816 1
vt 0.5833333134651184 1
vt 0.5833333134651184 0
vt 0.6041666865348816 0
vt 0.6041666865348816 0.08333331346511841
vt 0.5833333134651184 0
vt 0.6041666865348816 0.08333331346511841
vt 0.5833333134651184 0.08333331346511841
vt 0.5833333134651184 0.08333331346511841
vt 0.6041666865348816 0.08333331346511841
vt 0.6041666865348816 0.1666666865348816
vt 0.5833333134651184 0.08333331346511841
vt 0.6041666865348816 0.1666666865348816
vt 0.5833333134651184 0.1666666865348816
vt 0.5833333134651184 0.1666666865348816
vt 0.6041666865348816 0.1666666865348816
vt 0.6041666865348816 0.25
vt 0.5833333134651184 0.1666666865348816
vt 0.6041666865348816 0.25
vt 0.5833333134651184 0.25
vt 0.5833333134651184 0.25
vt 0.6041666865348816 0.25
vt 0.6041666865348816 0.3333333730697632
vt 0.5833333134651184 0.25
vt 0.6041666865348816 0.3333333730697632
vt 0.5833333134651184 0.3333333730697632
vt 0.5833333134651184 0.3333333730697632
vt 0.6041666865348816 0.3333333730697632
vt 0.6041666865348816 0.4166666269302368
vt 0.5833333134651184 0.3333333730697632
vt 0.6041666865348816 0.4166666269302368
vt 0.5833333134651184 0.4166666269302368
vt 0.5833333134651184 0.4166666269302368
vt 0.6041666865348816 0.4166666269302368
vt 0.6041666865348816 0.5
vt 0.5833333134651184 0.4166666269302368
vt 0.6041666865348816 0.5
vt 0.5833333134651184 0.5
vt 0.6041666865348816 0.5
vt 0.625 0.5
vt 0.625 0.5833333134651184
vt 0.6041666865348816 0.5
vt 0.625 0.5833333134651184
vt 0.6041666865348816 0.5833333134651184
vt 0.6041666865348816 0.5833333134651184
vt 0.625 0.5833333134651184
vt 0.625 0.6666666865348816
vt 0.6041666865348816 0.5833333134651184
vt 0.625 0.6666666865348816
vt 0.6041666865348816 0.6666666865348816
vt 0.6041666865348816 0.6666666865348816
vt 0.625 0.6666666865348816
vt 0.625 0.75
vt 0.6041666865348816 0.6666666865348816
vt 0.625 0.75
vt 0.6041666865348816 0.75
vt 0.6041666865348816 0.75
vt 0.625 0.75
vt 0.625 0.8333333134651184
vt 0.6041666865348816 0.75
vt 0.625 0.8333333134651184
vt 0.6041666865348816 0.8333333134651184
vt 0.6041666865348816 0.8333333134651184
vt 0.625 0.8333333134651184
vt 0.625 0.9166666865348816
vt 0.6041666865348816 0.8333333134651184
vt 0.625 0.9166666865348816
vt 0.6041666865348816 0.9166666865348816
vt 0.6041666865348816 0.9166666865348816
vt 0.625 0.9166666865348816
vt 0.625 1
vt 0.6041666865348816 0.9166666865348816
vt 0.625 1
vt 0.6041666865348816 1
vt 0.6041666865348816 0
vt 0.625 0
vt 0.625 0.08333331346511841
vt 0.6041666865348816 0
vt 0.625 0.08333331346511841
vt 0.6041666865348816 0.08333331346511841
vt 0.6041666865348816 0.08333331346511841
vt 0.625 0.08333331346511841
vt 0.625 0.1666666865348816
vt 0.6041666865348816 0.08333331346511841
vt 0.625 0.1666666865348816
vt 0.6041666865348816 0.1666666865348816
vt 0.6041666865348816 0.1666666865348816
vt 0.625 0.1666666865348816
vt 0.625 0.25
vt 0.6041666865348816 0.1666666865348816
vt 0.625 0.25
vt 0.6041666865348816 0.25
vt 0.6041666865348816 0.25
vt 0.625 0.25
vt 0.625 0.3333333730697632
vt 0.6041666865348816 0.25
vt 0.625 0.3333333730697632
vt 0.6041666865348816 0.3333333730697632
vt 0.6041666865348816 0.3333333730697632
vt 0.625 0.3333333730697632
vt 0.625 0.4166666269302368
vt 0.6041666865348816 0.3333333730697632
vt 0.625 0.4166666269302368
vt 0.6041666865348816 0.4166666269302368
vt 0.6041666865348816 0.4166666269302368
vt 0.625 0.4166666269302368
vt 0.625 0.5
vt 0.6041666865348816 0.4166666269302368
vt 0.625 0.5
vt 0.6041666865348816 0.5
vt 0.625 0.5
vt 0.6458333134651184 0.5
vt 0.6458333134651184 0.5833333134651184
vt 0.625 0.5
vt 0.6458333134651184 0.5833333134651184
vt 0.625 0.5833333134651184
vt 0.625 0.5833333134651184
vt 0.6458333134651184 0.5833333134651184
vt 0.6458333134651184 0.6666666865348816
vt 0.625 0.5833333134651184
vt 0.6458333134651184 0.6666666865348816
vt 0.625 0.6666666865348816
vt 0.625 0.6666666865348816
vt 0.6458333134651184 0.6666666865348816
vt 0.6458333134651184 0.75
vt 0.625 0.6666666865348816
vt 0.6458333134651184 0.75
vt 0.625 0.75
vt 0.625 0.75
vt 0.6458333134651184 0.75
vt 0.6458333134651184 0.8333333134651184
vt 0.625 0.75
vt 0.6458333134651184 0.8333333134651184
vt 0.625 0.8333333134651184
vt 0.625 0.8333333134651184
vt 0.6458333134651184 0.8333333134651184
vt 0.6458333134651184 0.9166666865348816
vt 0.625 0.8333333134651184
vt 0.6458333134651184 0.9166666865348816
vt 0.625 0.9166666865348816
vt 0.625 0.9166666865348816
vt 0.6458333134651184 0.9166666865348816
vt 0.6458333134651184 1
vt 0.625 0.9166666865348816
vt 0.6458333134651184 1
vt 0.625 1
vt 0.625 0
vt 0.6458333134651184 0
vt 0.6458333134651184 0.08333331346511841
vt 0.625 0
vt 0.6458333134651184 0.08333331346511841
vt 0.625 0.08333331346511841
vt 0.625 0.08333331346511841
vt 0.6458333134651184 0.08333331346511841
vt 0.6458333134651184 0.1666666865348816
vt 0.625 0.08333331346511841
vt 0.6458333134651184 0.1666666865348816
vt 0.625 0.1666666865348816
vt 0.625 0.1666666865348816
vt 0.6458333134651184 0.1666666865348816
vt 0.6458333134651184 0.25
vt 0.625 0.1666666865348816
vt 0.6458333134651184 0.25
vt 0.625 0.25
vt 0.625 0.25
vt 0.6458333134651184 0.25
vt 0.6458333134651184 0.3333333730697632
vt 0.625 0.25
vt 0.6458333134651184 0.3333333730697632
vt 0.625 0.3333333730697632
vt 0.625 0.3333333730697632
vt 0.6458333134651184 0.3333333730697632
vt 0.6458333134651184 0.4166666269302368
vt 0.625 0.3333333730697632
vt 0.6458333134651184 0.4166666269302368
vt 0.625 0.4166666269302368
vt 0.625 0.4166666269302368
vt 0.6458333134651184 0.4166666269302368
vt 0.6458333134651184 0.5
vt 0.625 0.4166666269302368
vt 0.6458333134651184 0.5
vt 0.625 0.5
vt 0.6458333134651184 0.5
vt 0.6666666865348816 0.5
vt 0.6666666865348816 0.5833333134651184
vt 0.6458333134651184 0.5
vt 0.6666666865348816 0.5833333134651184
vt 0.6458333134651184 0.5833333134651184
vt 0.6458333134651184 0.5833333134651184
vt 0.6666666865348816 0.5833333134651184
vt 0.6666666865348816 0.6666666865348816
vt 0.6458333134651184 0.5833333134651184
vt 0.6666666865348816 0.6666666865348816
vt 0.6458333134651184 0.6666666865348816
vt 0.6458333134651184 0.6666666865348816
vt 0.6666666865348816 0.6666666865348816
vt 0.6666666865348816 0.75
vt 0.6458333134651184 0.6666666865348816
vt 0.6666666865348816 0.75
vt 0.6458333134651184 0.75
vt 0.6458333134651184 0.75
vt 0.6666666865348816 0.75
vt 0.6666666865348816 0.8333333134651184
vt 0.6458333134651184 0.75
vt 0.6666666865348816 0.8333333134651184
vt 0.6458333134651184 0.8333333134651184
vt 0.6458333134651184 0.8333333134651184
vt 0.6666666865348816 0.8333333134651184
vt 0.6666666865348816 0.9166666865348816
vt 0.6458333134651184 0.8333333134651184
vt 0.6666666865348816 0.9166666865348816
vt 0.6458333134651184 0.9166666865348816
vt 0.6458333134651184 0.9166666865348816
vt 0.6666666865348816 0.9166666865348816
vt 0.6666666865348816 1
vt 0.6458333134651184 0.9166666865348816
vt 0.6666666865348816 1
vt 0.6458333134651184 1
vt 0.6458333134651184 0
vt 0.6666666865348816 0
vt 0.6666666865348816 0.08333331346511841
vt 0.6458333134651184 0
vt 0.6666666865348816 0.08333331346511841
vt 0.6458333134651184 0.08333331346511841
vt 0.6458333134651184 0.08333331346511841
vt 0.6666666865348816 0.08333331346511841
vt 0.6666666865348816 0.1666666865348816
vt 0.6458333134651184 0.08333331346511841
vt 0.6666666865348816 0.1666666865348816
vt 0.6458333134651184 0.1666666865348816
vt 0.6458333134651184 0.1666666865348816
vt 0.6666666865348816 0.1666666865348816
vt 0.6666666865348816 0.25
vt 0.6458333134651184 0.1666666865348816
vt 0.6666666865348816 0.25
vt 0.6458333134651184 0.25
vt 0.6458333134651184 0.25
vt 0.6666666865348816 0.25
vt 0.6666666865348816 0.3333333730697632
vt 0.6458333134651184 0.25
vt 0.6666666865348816 0.3333333730697632
vt 0.6458333134651184 0.3333333730697632
vt 0.6458333134651184 0.3333333730697632
vt 0.6666666865348816 0.3333333730697632
vt 0.6666666865348816 0.4166666269302368
vt 0.6458333134651184 0.3333333730697632
vt 0.6666666865348816 0.4166666269302368
vt 0.6458333134651184 0.4166666269302368
vt 0.6458333134651184 0.4166666269302368
vt 0.6666666865348816 0.4166666269302368
vt 0.6666666865348816 0.5
vt 0.6458333134651184 0.4166666269302368
vt 0.6666666865348816 0.5
vt 0.6458333134651184 0.5
vt 0.6666666865348816 0.5
vt 0.6875 0.5
vt 0.6875 0.5833333134651184
vt 0.6666666865348816 0.5
vt 0.6875 0.5833333134651184
vt 0.6666666865348816 0.5833333134651184
vt 0.6666666865348816 0.5833333134651184
vt 0.6875 0.5833333134651184
vt 0.6875 0.6666666865348816
vt 0.6666666865348816 0.5833333134651184
vt 0.6875 0.6666666865348816
vt 0.6666666865348816 0.6666666865348816
vt 0.6666666865348816 0.6666666865348816
vt 0.6875 0.6666666865348816
vt 0.6875 0.75
vt 0.6666666865348816 0.6666666865348816
vt 0.6875 0.75
vt 0.6666666865348816 0.75
vt 0.6666666865348816 0.75
vt 0.6875 0.75
vt 0.6875 0.8333333134651184
vt 0.6666666865348816 0.75
vt 0.6875 0.8333333134651184
vt 0.6666666865348816 0.8333333134651184
vt 0.6666666865348816 0.8333333134651184
vt 0.6875 0.8333333134651184
vt 0.6875 0.9166666865348816
vt 0.6666666865348816 0.8333333134651184
vt 0.6875 0.9166666865348816
vt 0.6666666865348816 0.9166666865348816
vt 0.6666666865348816 0.9166666865348816
vt 0.6875 0.9166666865348816
vt 0.6875 1
vt 0.6666666865348816 0.9166666865348816
vt 0.6875 1
vt 0.6666666865348816 1
vt 0.6666666865348816 0
vt 0.6875 0
vt 0.6875 0.08333331346511841
vt 0.6666666865348816 0
vt 0.6875 0.08333331346511841
vt 0.6666666865348816 0.08333331346511841
vt 0.6666666865348816 0.08333331346511841
vt 0.6875 0.08333331346511841
vt 0.6875 0.1666666865348816
vt 0.6666666865348816 0.08333331346511841
vt 0.6875 0.1666666865348816
vt 0.6666666865348816 0.1666666865348816
vt 0.6666666865348816 0.1666666865348816
vt 0.6875 0.1666666865348816
vt 0.6875 0.25
vt 0.6666666865348816 0.1666666865348816
vt 0.6875 0.25
vt 0.6666666865348816 0.25
vt 0.6666666865348816 0.25
vt 0.6875 0.25
vt 0.6875 0.3333333730697632
vt 0.6666666865348816 0.25
vt 0.6875 0.3333333730697632
vt 0.6666666865348816 0.3333333730697632
vt 0.6666666865348816 0.3333333730697632
vt 0.6875 0.3333333730697632
vt 0.6875 0.4166666269302368
vt 0.6666666865348816 0.3333333730697632
vt 0.6875 0.4166666269302368
vt 0.6666666865348816 0.4166666269302368
vt 0.6666666865348816 0.4166666269302368
vt 0.6875 0.4166666269302368
vt 0.6875 0.5
vt 0.6666666865348816 0.4166666269302368
vt 0.6875 0.5
vt 0.6666666865348816 0.5
vt 0.6875 0.5
vt 0.7083333134651184 0.5
vt 0.7083333134651184 0.5833333134651184
vt 0.6875 0.5
vt 0.7083333134651184 0.5833333134651184
vt 0.6875 0.5833333134651184
vt 0.6875 0.5833333134651184
vt 0.7083333134651184 0.5833333134651184
vt 0.7083333134651184 0.6666666865348816
vt 0.6875 0.5833333134651184
vt 0.7083333134651184 0.6666666865348816
vt 0.6875 0.6666666865348816
vt 0.6875 0.6666666865348816
vt 0.7083333134651184 0.6666666865348816
vt 0.7083333134651184 0.75
vt 0.6875 0.6666666865348816
vt 0.7083333134651184 0.75
vt 0.6875 0.75
vt 0.6875 0.75
vt 0.7083333134651184 0.75
vt 0.7083333134651184 0.8333333134651184
vt 0.6875 0.75
vt 0.7083333134651184 0.8333333134651184
vt 0.6875 0.8333333134651184
vt 0.6875 0.8333333134651184
vt 0.7083333134651184 0.8333333134651184
vt 0.7083333134651184 0.9166666865348816
vt 0.6875 0.8333333134651184
vt 0.7083333134651184 0.9166666865348816
vt 0.6875 0.9166666865348816
vt 0.6875 0.9166666865348816
vt 0.7083333134651184 0.9166666865348816
vt 0.7083333134651184 1
vt 0.6875 0.9166666865348816
vt 0.7083333134651184 1
vt 0.6875 1
vt 0.6875 0
vt 0.7083333134651184 0
vt 0.7083333134651184 0.08333331346511841
vt 0.6875 0
vt 0.7083333134651184 0.08333331346511841
vt 0.6875 0.08333331346511841
vt 0.6875 0.08333331346511841
vt 0.7083333134651184 0.08333331346511841
vt 0.7083333134651184 0.1666666865348816
vt 0.6875 0.08333331346511841
vt 0.7083333134651184 0.1666666865348816
vt 0.6875 0.1666666865348816
vt 0.6875 0.1666666865348816
vt 0.7083333134651184 0.1666666865348816
vt 0.7083333134651184 0.25
vt 0.6875 0.1666666865348816
vt 0.7083333134651184 0.25
vt 0.6875 0.25
vt 0.6875 0.25
vt 0.7083333134651184 0.25
vt 0.7083333134651184 0.3333333730697632
vt 0.6875 0.25
vt 0.7083333134651184 0.3333333730697632
vt 0.6875 0.3333333730697632
vt 0.6875 0.3333333730697632
vt 0.7083333134651184 0.3333333730697632
vt 0.7083333134651184 0.4166666269302368
vt 0.6875 0.3333333730697632
vt 0.7083333134651184 0.4166666269302368
vt 0.6875 0.4166666269302368
vt 0.6875 0.4166666269302368
vt 0.7083333134651184 0.4166666269302368
vt 0.7083333134651184 0.5
vt 0.6875 0.4166666269302368
vt 0.7083333134651184 0.5
vt 0.6875 0.5
vt 0.7083333134651184 0.5
vt 0.7291666865348816 0.5
vt 0.7291666865348816 0.5833333134651184
vt 0.7083333134651184 0.5
vt 0.7291666865348816 0.5833333134651184
vt 0.7083333134651184 0.5833333134651184
vt 0.7083333134651184 0.5833333134651184
vt 0.7291666865348816 0.5833333134651184
vt 0.7291666865348816 0.6666666865348816
vt 0.7083333134651184 0.5833333134651184
vt 0.7291666865348816 0.6666666865348816
vt 0.7083333134651184 0.6666666865348816
vt 0.7083333134651184 0.6666666865348816
vt 0.7291666865348816 0.6666666865348816
vt 0.7291666865348816 0.75
vt 0.7083333134651184 0.6666666865348816
vt 0.7291666865348816 0.75
vt 0.7083333134651184 0.75
vt 0.7083333134651184 0.75
vt 0.7291666865348816 0.75
vt 0.7291666865348816 0.8333333134651184
vt 0.7083333134651184 0.75
vt 0.7291666865348816 0.8333333134651184
vt 0.7083333134651184 0.8333333134651184
vt 0.7083333134651184 0.8333333134651184
vt 0.7291666865348816 0.8333333134651184
vt 0.7291666865348816 0.9166666865348816
vt 0.7083333134651184 0.8333333134651184
vt 0.7291666865348816 0.9166666865348816
vt 0.7083333134651184 0.9166666865348816
vt 0.7083333134651184 0.9166666865348816
vt 0.7291666865348816 0.9166666865348816
vt 0.7291666865348816 1
vt 0.7083333134651184 0.9166666865348816
vt 0.7291666865348816 1
vt 0.7083333134651184 1
vt 0.7083333134651184 0
vt 0.7291666865348816 0
vt 0.7291666865348816 0.08333331346511841
vt 0.7083333134651184 0
vt 0.7291666865348816 0.08333331346511841
vt 0.7083333134651184 0.08333331346511841
vt 0.7083333134651184 0.08333331346511841
vt 0.7291666865348816 0.08333331346511841
vt 0.7291666865348816 0.1666666865348816
vt 0.7083333134651184 0.08333331346511841
vt 0.7291666865348816 0.1666666865348816
vt 0.7083333134651184 0.1666666865348816
vt 0.7083333134651184 0.1666666865348816
vt 0.7291666865348816 0.1666666865348816
vt 0.7291666865348816 0.25
vt 0.7083333134651184 0.1666666865348816
vt 0.7291666865348816 0.25
vt 0.7083333134651184 0.25
vt 0.7083333134651184 0.25
vt 0.7291666865348816 0.25
vt 0.7291666865348816 0.3333333730697632
vt 0.7083333134651184 0.25
vt 0.7291666865348816 0.3333333730697632
vt 0.7083333134651184 0.3333333730697632
vt 0.7083333134651184 0.3333333730697632
vt 0.7291666865348816 0.3333333730697632
vt 0.7291666865348816 0.4166666269302368
vt 0.7083333134651184 0.3333333730697632
vt 0.7291666865348816 0.4166666269302368
vt 0.7083333134651184 0.4166666269302368
vt 0.7083333134651184 0.4166666269302368
vt 0.7291666865348816 0.4166666269302368
vt 0.7291666865348816 0.5
vt 0.7083333134651184 0.4166666269302368
vt 0.7291666865348816 0.5
vt 0.7083333134651184 0.5
vt 0.7291666865348816 0.5
vt 0.75 0.5
vt 0.75 0.5833333134651184
vt 0.7291666865348816 0.5
vt 0.75 0.5833333134651184
vt 0.7291666865348816 0.5833333134651184
vt 0.7291666865348816 0.5833333134651184
vt 0.75 0.5833333134651184
vt 0.75 0.6666666865348816
vt 0.7291666865348816 0.5833333134651184
vt 0.75 0.6666666865348816
vt 0.7291666865348816 0.6666666865348816
vt 0.7291666865348816 0.6666666865348816
vt 0.75 0.6666666865348816
vt 0.75 0.75
vt 0.7291666865348816 0.6666666865348816
vt 0.75 0.75
vt 0.7291666865348816 0.75
vt 0.7291666865348816 0.75
vt 0.75 0.75
vt 0.75 0.8333333134651184
vt 0.7291666865348816 0.75
vt 0.75 0.8333333134651184
vt 0.7291666865348816 0.8333333134651184
vt 0.7291666865348816 0.8333333134651184
vt 0.75 0.8333333134651184
vt 0.75 0.9166666865348816
vt 0.7291666865348816 0.8333333134651184
vt 0.75 0.9166666865348816
vt 0.7291666865348816 0.9166666865348816
vt 0.7291666865348816 0.9166666865348816
vt 0.75 0.9166666865348816
vt 0.75 1
vt 0.7291666865348816 0.9166666865348816
vt 0.75 1
vt 0.7291666865348816 1
vt 0.7291666865348816 0
vt 0.75 0
vt 0.75 0.08333331346511841
vt 0.7291666865348816 0
vt 0.75 0.08333331346511841
vt 0.7291666865348816 0.08333331346511841
vt 0.7291666865348816 0.08333331346511841
vt 0.75 0.08333331346511841
vt 0.75 0.1666666865348816
vt 0.7291666865348816 0.08333331346511841
vt 0.75 0.1666666865348816
vt 0.7291666865348816 0.1666666865348816
vt 0.7291666865348816 0.1666666865348816
vt 0.75 0.1666666865348816
vt 0.75 0.25
vt 0.7291666865348816 0.1666666865348816
vt 0.75 0.25
vt 0.7291666865348816 0.25
vt 0.7291666865348816 0.25
vt 0.75 0.25
vt 0.75 0.3333333730697632
vt 0.7291666865348816 0.25
vt 0.75 0.3333333730697632
vt 0.7291666865348816 0.3333333730697632
vt 0.7291666865348816 0.3333333730697632
vt 0.75 0.3333333730697632
vt 0.75 0.4166666269302368
vt 0.7291666865348816 0.3333333730697632
vt 0.75 0.4166666269302368
vt 0.7291666865348816 0.4166666269302368
vt 0.7291666865348816 0.4166666269302368
vt 0.75 0.4166666269302368
vt 0.75 0.5
vt 0.7291666865348816 0.4166666269302368
vt 0.75 0.5
vt 0.7291666865348816 0.5
vt 0.75 0.5
vt 0.7708333134651184 0.5
vt 0.7708333134651184 0.5833333134651184
vt 0.75 0.5
vt 0.7708333134651184 0.5833333134651184
vt 0.75 0.5833333134651184
vt 0.75 0.5833333134651184
vt 0.7708333134651184 0.5833333134651184
vt 0.7708333134651184 0.6666666865348816
vt 0.75 0.5833333134651184
vt 0.7708333134651184 0.6666666865348816
vt 0.75 0.6666666865348816
vt 0.75 0.6666666865348816
vt 0.7708333134651184 0.6666666865348816
vt 0.7708333134651184 0.75
vt 0.75 0.6666666865348816
vt 0.7708333134651184 0.75
vt 0.75 0.75
vt 0.75 0.75
vt 0.7708333134651184 0.75
vt 0.7708333134651184 0.8333333134651184
vt 0.75 0.75
vt 0.7708333134651184 0.8333333134651184
vt 0.75 0.8333333134651184
vt 0.75 0.8333333134651184
vt 0.7708333134651184 0.8333333134651184
vt 0.7708333134651184 0.9166666865348816
vt 0.75 0.8333333134651184
vt 0.7708333134651184 0.9166666865348816
vt 0.75 0.9166666865348816
vt 0.75 0.9166666865348816
vt 0.7708333134651184 0.9166666865348816
vt 0.7708333134651184 1
vt 0.75 0.9166666865348816
vt 0.7708333134651184 1
vt 0.75 1
vt 0.75 0
vt 0.7708333134651184 0
vt 0.7708333134651184 0.08333331346511841
vt 0.75 0
vt 0.7708333134651184 0.08333331346511841
vt 0.75 0.08333331346511841
vt 0.75 0.08333331346511841
vt 0.7708333134651184 0.08333331346511841
vt 0.7708333134651184 0.1666666865348816
vt 0.75 0.08333331346511841
vt 0.7708333134651184 0.1666666865348816
vt 0.75 0.1666666865348816
vt 0.75 0.1666666865348816
vt 0.7708333134651184 0.1666666865348816
vt 0.7708333134651184 0.25
vt 0.75 0.1666666865348816
vt 0.7708333134651184 0.25
vt 0.75 0.25
vt 0.75 0.25
vt 0.7708333134651184 0.25
vt 0.7708333134651184 0.3333333730697632
vt 0.75 0.25
vt 0.7708333134651184 0.3333333730697632
vt 0.75 0.3333333730697632
vt 0.75 0.3333333730697632
vt 0.7708333134651184 0.3333333730697632
vt 0.7708333134651184 0.4166666269302368
vt 0.75 0.3333333730697632
vt 0.7708333134651184 0.4166666269302368
vt 0.75 0.4166666269302368
vt 0.75 0.4166666269302368
vt 0.7708333134651184 0.4166666269302368
vt 0.7708333134651184 0.5
vt 0.75 0.4166666269302368
vt 0.7708333134651184 0.5
vt 0.75 0.5
vt 0.7708333134651184 0.5
vt 0.7916666865348816 0.5
vt 0.7916666865348816 0.5833333134651184
vt 0.7708333134651184 0.5
vt 0.7916666865348816 0.5833333134651184
vt 0.7708333134651184 0.5833333134651184
vt 0.7708333134651184 0.5833333134651184
vt 0.7916666865348816 0.5833333134651184
vt 0.7916666865348816 0.6666666865348816
vt 0.7708333134651184 0.5833333134651184
vt 0.7916666865348816 0.6666666865348816
vt 0.7708333134651184 0.6666666865348816
vt 0.7708333134651184 0.6666666865348816
vt 0.7916666865348816 0.6666666865348816
vt 0.7916666865348816 0.75
vt 0.7708333134651184 0.6666666865348816
vt 0.7916666865348816 0.75
vt 0.7708333134651184 0.75
vt 0.7708333134651184 0.75
vt 0.7916666865348816 0.75
vt 0.7916666865348816 0.8333333134651184
vt 0.7708333134651184 0.75
vt 0.7916666865348816 0.8333333134651184
vt 0.7708333134651184 0.8333333134651184
vt 0.7708333134651184 0.8333333134651184
vt 0.7916666865348816 0.8333333134651184
vt 0.7916666865348816 0.9166666865348816
vt 0.7708333134651184 0.8333333134651184
vt 0.7916666865348816 0.9166666865348816
vt 0.7708333134651184 0.9166666865348816
vt 0.7708333134651184 0.9166666865348816
vt 0.7916666865348816 0.9166666865348816
vt 0.7916666865348816 1
vt 0.7708333134651184 0.9166666865348816
vt 0.7916666865348816 1
vt 0.7708333134651184 1
vt 0.7708333134651184 0
vt 0.7916666865348816 0
vt 0.7916666865348816 0.08333331346511841
vt 0.7708333134651184 0
vt 0.7916666865348816 0.08333331346511841
vt 0.7708333134651184 0.08333331346511841
vt 0.7708333134651184 0.08333331346511841
vt 0.7916666865348816 0.08333331346511841
vt 0.7916666865348816 0.1666666865348816
vt 0.7708333134651184 0.08333331346511841
vt 0.7916666865348816 0.1666666865348816
vt 0.7708333134651184 0.1666666865348816
vt 0.7708333134651184 0.1666666865348816
vt 0.7916666865348816 0.1666666865348816
vt 0.7916666865348816 0.25
vt 0.7708333134651184 0.1666666865348816
vt 0.7916666865348816 0.25
vt 0.7708333134651184 0.25
vt 0.7708333134651184 0.25
vt 0.7916666865348816 0.25
vt 0.7916666865348816 0.3333333730697632
vt 0.7708333134651184 0.25
vt 0.7916666865348816 0.3333333730697632
vt 0.7708333134651184 0.3333333730697632
vt 0.7708333134651184 0.3333333730697632
vt 0.7916666865348816 0.3333333730697632
vt 0.7916666865348816 0.4166666269302368
vt 0.7708333134651184 0.3333333730697632
vt 0.7916666865348816 0.4166666269302368
vt 0.7708333134651184 0.4166666269302368
vt 0.7708333134651184 0.4166666269302368
vt 0.7916666865348816 0.4166666269302368
vt 0.7916666865348816 0.5
vt 0.7708333134651184 0.4166666269302368
vt 0.7916666865348816 0.5
vt 0.7708333134651184 0.5
vt 0.7916666865348816 0.5
vt 0.8125 0.5
vt 0.8125 0.5833333134651184
vt 0.7916666865348816 0.5
vt 0.8125 0.5833333134651184
vt 0.7916666865348816 0.5833333134651184
vt 0.7916666865348816 0.5833333134651184
vt 0.8125 0.5833333134651184
vt 0.8125 0.6666666865348816
vt 0.7916666865348816 0.5833333134651184
vt 0.8125 0.6666666865348816
vt 0.7916666865348816 0.6666666865348816
vt 0.7916666865348816 0.6666666865348816
vt 0.8125 0.6666666865348816
vt 0.8125 0.75
vt 0.7916666865348816 0.6666666865348816
vt 0.8125 0.75
vt 0.7916666865348816 0.75
vt 0.7916666865348816 0.75
vt 0.8125 0.75
vt 0.8125 0.8333333134651184
vt 0.7916666865348816 0.75
vt 0.8125 0.8333333134651184
vt 0.7916666865348816 0.8333333134651184
vt 0.7916666865348816 0.8333333134651184
vt 0.8125 0.8333333134651184
vt 0.8125 0.9166666865348816
vt 0.7916666865348816 0.8333333134651184
vt 0.8125 0.9166666865348816
vt 0.7916666865348816 0.9166666865348816
vt 0.7916666865348816 0.9166666865348816
vt 0.8125 0.9166666865348816
vt 0.8125 1
vt 0.7916666865348816 0.9166666865348816
vt 0.8125 1
vt 0.7916666865348816 1
vt 0.7916666865348816 0
vt 0.8125 0
vt 0.8125 0.08333331346511841
vt 0.7916666865348816 0
vt 0.8125 0.08333331346511841
vt 0.7916666865348816 0.08333331346511841
vt 0.7916666865348816 0.08333331346511841
vt 0.8125 0.08333331346511841
vt 0.8125 0.1666666865348816
vt 0.7916666865348816 0.08333331346511841
vt 0.8125 0.1666666865348816
vt 0.7916666865348816 0.1666666865348816
vt 0.7916666865348816 0.1666666865348816
vt 0.8125 0.1666666865348816
vt 0.8125 0.25
vt 0.7916666865348816 0.1666666865348816
vt 0.8125 0.25
vt 0.7916666865348816 0.25
vt 0.7916666865348816 0.25
vt 0.8125 0.25
vt 0.8125 0.3333333730697632
vt 0.7916666865348816 0.25
vt 0.8125 0.3333333730697632
vt 0.7916666865348816 0.3333333730697632
vt 0.7916666865348816 0.3333333730697632
vt 0.8125 0.3333333730697632
vt 0.8125 0.4166666269302368
vt 0.7916666865348816 0.3333333730697632
vt 0.8125 0.4166666269302368
vt 0.7916666865348816 0.4166666269302368
vt 0.7916666865348816 0.4166666269302368
vt 0.8125 0.4166666269302368
vt 0.8125 0.5
vt 0.7916666865348816 0.4166666269302368
vt 0.8125 0.5
vt 0.7916666865348816 0.5
vt 0.8125 0.5
vt 0.8333333134651184 0.5
vt 0.8333333134651184 0.5833333134651184
vt 0.8125 0.5
vt 0.8333333134651184 0.5833333134651184
vt 0.8125 0.5833333134651184
vt 0.8125 0.5833333134651184
vt 0.8333333134651184 0.5833333134651184
vt 0.8333333134651184 0.6666666865348816
vt 0.8125 0.5833333134651184
vt 0.8333333134651184 0.6666666865348816
vt 0.8125 0.6666666865348816
vt 0.8125 0.6666666865348816
vt 0.8333333134651184 0.6666666865348816
vt 0.8333333134651184 0.75
vt 0.8125 0.6666666865348816
vt 0.8333333134651184 0.75
vt 0.8125 0.75
vt 0.8125 0.75
vt 0.8333333134651184 0.75
vt 0.8333333134651184 0.8333333134651184
vt 0.8125 0.75
vt 0.8333333134651184 0.8333333134651184
vt 0.8125 0.8333333134651184
vt 0.8125 0.8333333134651184
vt 0.8333333134651184 0.8333333134651184
vt 0.8333333134651184 0.9166666865348816
vt 0.8125 0.8333333134651184
vt 0.8333333134651184 0.9166666865348816
vt 0.8125 0.9166666865348816
vt 0.8125 0.9166666865348816
vt 0.8333333134651184 0.9166666865348816
vt 0.8333333134651184 1
vt 0.8125 0.9166666865348816
vt 0.8333333134651184 1
vt 0.8125 1
vt 0.8125 0
vt 0.8333333134651184 0
vt 0.8333333134651184 0.08333331346511841
vt 0.8125 0
vt 0.8333333134651184 0.08333331346511841
vt 0.8125 0.08333331346511841
vt 0.8125 0.08333331346511841
vt 0.8333333134651184 0.08333331346511841
vt 0.8333333134651184 0.1666666865348816
vt 0.8125 0.08333331346511841
vt 0.8333333134651184 0.1666666865348816
vt 0.8125 0.1666666865348816
vt 0.8125 0.1666666865348816
vt 0.8333333134651184 0.1666666865348816
vt 0.8333333134651184 0.25
vt 0.8125 0.1666666865348816
vt 0.8333333134651184 0.25
vt 0.8125 0.25
vt 0.8125 0.25
vt 0.8333333134651184 0.25
vt 0.8333333134651184 0.3333333730697632
vt 0.8125 0.25
vt 0.8333333134651184 0.3333333730697632
vt 0.8125 0.3333333730697632
vt 0.8125 0.3333333730697632
vt 0.8333333134651184 0.3333333730697632
vt 0.8333333134651184 0.4166666269302368
vt 0.8125 0.3333333730697632
vt 0.8333333134651184 0.4166666269302368
vt 0.8125 0.4166666269302368
vt 0.8125 0.4166666269302368
vt 0.8333333134651184 0.4166666269302368
vt 0.8333333134651184 0.5
vt 0.8125 0.4166666269302368
vt 0.8333333134651184 0.5
vt 0.8125 0.5
vt 0.8333333134651184 0.5
vt 0.8541666865348816 0.5
vt 0.8541666865348816 0.5833333134651184
vt 0.8333333134651184 0.5
vt 0.8541666865348816 0.5833333134651184
vt 0.8333333134651184 0.5833333134651184
vt 0.8333333134651184 0.5833333134651184
vt 0.8541666865348816 0.5833333134651184
vt 0.8541666865348816 0.6666666865348816
vt 0.8333333134651184 0.5833333134651184
vt 0.8541666865348816 0.6666666865348816
vt 0.8333333134651184 0.6666666865348816
vt 0.8333333134651184 0.6666666865348816
vt 0.8541666865348816 0.6666666865348816
vt 0.8541666865348816 0.75
vt 0.8333333134651184 0.6666666865348816
vt 0.8541666865348816 0.75
vt 0.8333333134651184 0.75
vt 0.8333333134651184 0.75
vt 0.8541666865348816 0.75
vt 0.8541666865348816 0.8333333134651184
vt 0.8333333134651184 0.75
vt 0.8541666865348816 0.8333333134651184
vt 0.8333333134651184 0.8333333134651184
vt 0.8333333134651184 0.8333333134651184
vt 0.8541666865348816 0.8333333134651184
vt 0.8541666865348816 0.9166666865348816
vt 0.8333333134651184 0.8333333134651184
vt 0.8541666865348816 0.9166666865348816
vt 0.8333333134651184 0.9166666865348816
vt 0.8333333134651184 0.9166666865348816
vt 0.8541666865348816 0.9166666865348816
vt 0.8541666865348816 1
vt 0.8333333134651184 0.9166666865348816
vt 0.8541666865348816 1
vt 0.8333333134651184 1
vt 0.8333333134651184 0
vt 0.8541666865348816 0
vt 0.8541666865348816 0.08333331346511841
vt 0.8333333134651184 0
vt 0.8541666865348816 0.08333331346511841
vt 0.8333333134651184 0.08333331346511841
vt 0.8333333134651184 0.08333331346511841
vt 0.8541666865348816 0.08333331346511841
vt 0.8541666865348816 0.1666666865348816
vt 0.8333333134651184 0.08333331346511841
vt 0.8541666865348816 0.1666666865348816
vt 0.8333333134651184 0.1666666865348816
vt 0.8333333134651184 0.1666666865348816
vt 0.8541666865348816 0.1666666865348816
vt 0.8541666865348816 0.25
vt 0.8333333134651184 0.1666666865348816
vt 0.8541666865348816 0.25
vt 0.8333333134651184 0.25
vt 0.8333333134651184 0.25
vt 0.8541666865348816 0.25
vt 0.8541666865348816 0.3333333730697632
vt 0.8333333134651184 0.25
vt 0.8541666865348816 0.3333333730697632
vt 0.8333333134651184 0.3333333730697632
vt 0.8333333134651184 0.3333333730697632
vt 0.8541666865348816 0.3333333730697632
vt 0.8541666865348816 0.4166666269302368
vt 0.8333333134651184 0.3333333730697632
vt 0.8541666865348816 0.4166666269302368
vt 0.8333333134651184 0.4166666269302368
vt 0.8333333134651184 0.4166666269302368
vt 0.8541666865348816 0.4166666269302368
vt 0.8541666865348816 0.5
vt 0.8333333134651184 0.4166666269302368
vt 0.8541666865348816 0.5
vt 0.8333333134651184 0.5
vt 0.8541666865348816 0.5
vt 0.875 0.5
vt 0.875 0.5833333134651184
vt 0.8541666865348816 0.5
vt 0.875 0.5833333134651184
vt 0.8541666865348816 0.5833333134651184
vt 0.8541666865348816 0.5833333134651184
vt 0.875 0.5833333134651184
vt 0.875 0.6666666865348816
vt 0.8541666865348816 0.5833333134651184
vt 0.875 0.6666666865348816
vt 0.8541666865348816 0.6666666865348816
vt 0.8541666865348816 0.6666666865348816
vt 0.875 0.6666666865348816
vt 0.875 0.75
vt 0.8541666865348816 0.6666666865348816
vt 0.875 0.75
vt 0.8541666865348816 0.75
vt 0.8541666865348816 0.75
vt 0.875 0.75
vt 0.875 0.8333333134651184
vt 0.8541666865348816 0.75
vt 0.875 0.8333333134651184
vt 0.8541666865348816 0.8333333134651184
vt 0.8541666865348816 0.8333333134651184
vt 0.875 0.8333333134651184
vt 0.875 0.9166666865348816
vt 0.8541666865348816 0.8333333134651184
vt 0.875 0.9166666865348816
vt 0.8541666865348816 0.9166666865348816
vt 0.8541666865348816 0.9166666865348816
vt 0.875 0.9166666865348816
vt 0.875 1
vt 0.8541666865348816 0.9166666865348816
vt 0.875 1
vt 0.8541666865348816 1
vt 0.8541666865348816 0
vt 0.875 0
vt 0.875 0.08333331346511841
vt 0.8541666865348816 0
vt 0.875 0.08333331346511841
vt 0.8541666865348816 0.08333331346511841
vt 0.8541666865348816 0.08333331346511841
vt 0.875 0.08333331346511841
vt 0.875 0.1666666865348816
vt 0.8541666865348816 0.08333331346511841
vt 0.875 0.1666666865348816
vt 0.8541666865348816 0.1666666865348816
vt 0.8541666865348816 0.1666666865348816
vt 0.875 0.1666666865348816
vt 0.875 0.25
vt 0.8541666865348816 0.1666666865348816
vt 0.875 0.25
vt 0.8541666865348816 0.25
vt 0.8541666865348816 0.25
vt 0.875 0.25
vt 0.875 0.3333333730697632
vt 0.8541666865348816 0.25
vt 0.875 0.3333333730697632
vt 0.8541666865348816 0.3333333730697632
vt 0.8541666865348816 0.3333333730697632
vt 0.875 0.3333333730697632
vt 0.875 0.4166666269302368
vt 0.8541666865348816 0.3333333730697632
vt 0.875 0.4166666269302368
vt 0.8541666865348816 0.4166666269302368
vt 0.8541666865348816 0.4166666269302368
vt 0.875 0.4166666269302368
vt 0.875 0.5
vt 0.8541666865348816 0.4166666269302368
vt 0.875 0.5
vt 0.8541666865348816 0.5
vt 0.875 0.5
vt 0.8958333134651184 0.5
vt 0.8958333134651184 0.5833333134651184
vt 0.875 0.5
vt 0.8958333134651184 0.5833333134651184
vt 0.875 0.5833333134651184
vt 0.875 0.5833333134651184
vt 0.8958333134651184 0.5833333134651184
vt 0.8958333134651184 0.6666666865348816
vt 0.875 0.5833333134651184
vt 0.8958333134651184 0.6666666865348816
vt 0.875 0.6666666865348816
vt 0.875 0.6666666865348816
vt 0.8958333134651184 0.6666666865348816
vt 0.8958333134651184 0.75
vt 0.875 0.6666666865348816
vt 0.8958333134651184 0.75
vt 0.875 0.75
vt 0.875 0.75
vt 0.8958333134651184 0.75
vt 0.8958333134651184 0.8333333134651184
vt 0.875 0.75
vt 0.8958333134651184 0.8333333134651184
vt 0.875 0.8333333134651184
vt 0.875 0.8333333134651184
vt 0.8958333134651184 0.8333333134651184
vt 0.8958333134651184 0.9166666865348816
vt 0.875 0.8333333134651184
vt 0.8958333134651184 0.9166666865348816
vt 0.875 0.9166666865348816
vt 0.875 0.9166666865348816
vt 0.8958333134651184 0.9166666865348816
vt 0.8958333134651184 1
vt 0.875 0.9166666865348816
vt 0.8958333134651184 1
vt 0.875 1
vt 0.875 0
vt 0.8958333134651184 0
vt 0.8958333134651184 0.08333331346511841
vt 0.875 0
vt 0.8958333134651184 0.08333331346511841
vt 0.875 0.08333331346511841
vt 0.875 0.08333331346511841
vt 0.8958333134651184 0.08333331346511841
vt 0.8958333134651184 0.1666666865348816
vt 0.875 0.08333331346511841
vt 0.8958333134651184 0.1666666865348816
vt 0.875 0.1666666865348816
vt 0.875 0.1666666865348816
vt 0.8958333134651184 0.1666666865348816
vt 0.8958333134651184 0.25
vt 0.875 0.1666666865348816
vt 0.8958333134651184 0.25
vt 0.875 0.25
vt 0.875 0.25
vt 0.8958333134651184 0.25
vt 0.8958333134651184 0.3333333730697632
vt 0.875 0.25
vt 0.8958333134651184 0.3333333730697632
vt 0.875 0.3333333730697632
vt 0.875 0.3333333730697632
vt 0.8958333134651184 0.3333333730697632
vt 0.8958333134651184 0.4166666269302368
vt 0.875 0.3333333730697632
vt 0.8958333134651184 0.4166666269302368
vt 0.875 0.4166666269302368
vt 0.875 0.4166666269302368
vt 0.8958333134651184 0.4166666269302368
vt 0.8958333134651184 0.5
vt 0.875 0.4166666269302368
vt 0.8958333134651184 0.5
vt 0.875 0.5
vt 0.8958333134651184 0.5
vt 0.9166666865348816 0.5
vt 0.9166666865348816 0.5833333134651184
vt 0.8958333134651184 0.5
vt 0.9166666865348816 0.5833333134651184
vt 0.8958333134651184 0.5833333134651184
vt 0.8958333134651184 0.5833333134651184
vt 0.9166666865348816 0.5833333134651184
vt 0.9166666865348816 0.6666666865348816
vt 0.8958333134651184 0.5833333134651184
vt 0.9166666865348816 0.6666666865348816
vt 0.8958333134651184 0.6666666865348816
vt 0.8958333134651184 0.6666666865348816
vt 0.9166666865348816 0.6666666865348816
vt 0.9166666865348816 0.75
vt 0.8958333134651184 0.6666666865348816
vt 0.9166666865348816 0.75
vt 0.8958333134651184 0.75
vt 0.8958333134651184 0.75
vt 0.9166666865348816 0.75
vt 0.9166666865348816 0.8333333134651184
vt 0.8958333134651184 0.75
vt 0.9166666865348816 0.8333333134651184
vt 0.8958333134651184 0.8333333134651184
vt 0.8958333134651184 0.8333333134651184
vt 0.9166666865348816 0.8333333134651184
vt 0.9166666865348816 0.9166666865348816
vt 0.8958333134651184 0.8333333134651184
vt 0.9166666865348816 0.9166666865348816
vt 0.8958333134651184 0.9166666865348816
vt 0.8958333134651184 0.9166666865348816
vt 0.9166666865348816 0.9166666865348816
vt 0.9166666865348816 1
vt 0.8958333134651184 0.9166666865348816
vt 0.9166666865348816 1
vt 0.8958333134651184 1
vt 0.8958333134651184 0
vt 0.9166666865348816 0
vt 0.9166666865348816 0.08333331346511841
vt 0.8958333134651184 0
vt 0.9166666865348816 0.08333331346511841
vt 0.8958333134651184 0.08333331346511841
vt 0.8958333134651184 0.08333331346511841
vt 0.9166666865348816 0.08333331346511841
vt 0.9166666865348816 0.1666666865348816
vt 0.8958333134651184 0.08333331346511841
vt 0.9166666865348816 0.1666666865348816
vt 0.8958333134651184 0.1666666865348816
vt 0.8958333134651184 0.1666666865348816
vt 0.9166666865348816 0.1666666865348816
vt 0.9166666865348816 0.25
vt 0.8958333134651184 0.1666666865348816
vt 0.9166666865348816 0.25
vt 0.8958333134651184 0.25
vt 0.8958333134651184 0.25
vt 0.9166666865348816 0.25
vt 0.9166666865348816 0.3333333730697632
vt 0.8958333134651184 0.25
vt 0.9166666865348816 0.3333333730697632
vt 0.8958333134651184 0.3333333730697632
vt 0.8958333134651184 0.3333333730697632
vt 0.9166666865348816 0.3333333730697632
vt 0.9166666865348816 0.4166666269302368
vt 0.8958333134651184 0.3333333730697632
vt 0.9166666865348816 0.4166666269302368
vt 0.8958333134651184 0.4166666269302368
vt 0.8958333134651184 0.4166666269302368
vt 0.9166666865348816 0.4166666269302368
vt 0.9166666865348816 0.5
vt 0.8958333134651184 0.4166666269302368
vt 0.9166666865348816 0.5
vt 0.8958333134651184 0.5
vt 0.9166666865348816 0.5
vt 0.9375 0.5
vt 0.9375 0.5833333134651184
vt 0.9166666865348816 0.5
vt 0.9375 0.5833333134651184
vt 0.9166666865348816 0.5833333134651184
vt 0.9166666865348816 0.5833333134651184
vt 0.9375 0.5833333134651184
vt 0.9375 0.6666666865348816
vt 0.9166666865348816 0.5833333134651184
vt 0.9375 0.6666666865348816
vt 0.9166666865348816 0.6666666865348816
vt 0.9166666865348816 0.6666666865348816
vt 0.9375 0.6666666865348816
vt 0.9375 0.75
vt 0.9166666865348816 0.6666666865348816
vt 0.9375 0.75
vt 0.9166666865348816 0.75
vt 0.9166666865348816 0.75
vt 0.9375 0.75
vt 0.9375 0.8333333134651184
vt 0.9166666865348816 0.75
vt 0.9375 0.8333333134651184
vt 0.9166666865348816 0.8333333134651184
vt 0.9166666865348816 0.8333333134651184
vt 0.9375 0.8333333134651184
vt 0.9375 0.9166666865348816
vt 0.9166666865348816 0.8333333134651184
vt 0.9375 0.9166666865348816
vt 0.9166666865348816 0.9166666865348816
vt 0.9166666865348816 0.9166666865348816
vt 0.9375 0.9166666865348816
vt 0.9375 1
vt 0.9166666865348816 0.9166666865348816
vt 0.9375 1
vt 0.9166666865348816 1
vt 0.9166666865348816 0
vt 0.9375 0
vt 0.9375 0.08333331346511841
vt 0.9166666865348816 0
vt 0.9375 0.08333331346511841
vt 0.9166666865348816 0.08333331346511841
vt 0.9166666865348816 0.08333331346511841
vt 0.9375 0.08333331346511841
vt 0.9375 0.1666666865348816
vt 0.9166666865348816 0.08333331346511841
vt 0.9375 0.1666666865348816
vt 0.9166666865348816 0.1666666865348816
vt 0.9166666865348816 0.1666666865348816
vt 0.9375 0.1666666865348816
vt 0.9375 0.25
vt 0.9166666865348816 0.1666666865348816
vt 0.9375 0.25
vt 0.9166666865348816 0.25
vt 0.9166666865348816 0.25
vt 0.9375 0.25
vt 0.9375 0.3333333730697632
vt 0.9166666865348816 0.25
vt 0.9375 0.3333333730697632
vt 0.9166666865348816 0.3333333730697632
vt 0.9166666865348816 0.3333333730697632
vt 0.9375 0.3333333730697632
vt 0.9375 0.4166666269302368
vt 0.9166666865348816 0.3333333730697632
vt 0.9375 0.4166666269302368
vt 0.9166666865348816 0.4166666269302368
vt 0.9166666865348816 0.4166666269302368
vt 0.9375 0.4166666269302368
vt 0.9375 0.5
vt 0.9166666865348816 0.4166666269302368
vt 0.9375 0.5
vt 0.9166666865348816 0.5
vt 0.9375 0.5
vt 0.9583333134651184 0.5
vt 0.9583333134651184 0.5833333134651184
vt 0.9375 0.5
vt 0.9583333134651184 0.5833333134651184
vt 0.9375 0.5833333134651184
vt 0.9375 0.5833333134651184
vt 0.9583333134651184 0.5833333134651184
vt 0.9583333134651184 0.6666666865348816
vt 0.9375 0.5833333134651184
vt 0.9583333134651184 0.6666666865348816
vt 0.9375 0.6666666865348816
vt 0.9375 0.6666666865348816
vt 0.9583333134651184 0.6666666865348816
vt 0.9583333134651184 0.75
vt 0.9375 0.6666666865348816
vt 0.9583333134651184 0.75
vt 0.9375 0.75
vt 0.9375 0.75
vt 0.9583333134651184 0.75
vt 0.9583333134651184 0.8333333134651184
vt 0.9375 0.75
vt 0.9583333134651184 0.8333333134651184
vt 0.9375 0.8333333134651184
vt 0.9375 0.8333333134651184
vt 0.9583333134651184 0.8333333134651184
vt 0.9583333134651184 0.9166666865348816
vt 0.9375 0.8333333134651184
vt 0.9583333134651184 0.9166666865348816
vt 0.9375 0.9166666865348816
vt 0.9375 0.9166666865348816
vt 0.9583333134651184 0.9166666865348816
vt 0.9583333134651184 1
vt 0.9375 0.9166666865348816
vt 0.9583333134651184 1
vt 0.9375 1
vt 0.9375 0
vt 0.9583333134651184 0
vt 0.9583333134651184 0.08333331346511841
vt 0.9375 0
vt 0.9583333134651184 0.08333331346511841
vt 0.9375 0.08333331346511841
vt 0.9375 0.08333331346511841
vt 0.9583333134651184 0.08333331346511841
vt 0.9583333134651184 0.1666666865348816
vt 0.9375 0.08333331346511841
vt 0.9583333134651184 0.1666666865348816
vt 0.9375 0.1666666865348816
vt 0.9375 0.1666666865348816
vt 0.9583333134651184 0.1666666865348816
vt 0.9583333134651184 0.25
vt 0.9375 0.1666666865348816
vt 0.9583333134651184 0.25
vt 0.9375 0.25
vt 0.9375 0.25
vt 0.9583333134651184 0.25
vt 0.9583333134651184 0.3333333730697632
vt 0.9375 0.25
vt 0.9583333134651184 0.3333333730697632
vt 0.9375 0.3333333730697632
vt 0.9375 0.3333333730697632
vt 0.9583333134651184 0.3333333730697632
vt 0.9583333134651184 0.4166666269302368
vt 0.9375 0.3333333730697632
vt 0.9583333134651184 0.4166666269302368
vt 0.9375 0.4166666269302368
vt 0.9375 0.4166666269302368
vt 0.9583333134651184 0.4166666269302368
vt 0.9583333134651184 0.5
vt 0.9375 0.4166666269302368
vt 0.9583333134651184 0.5
vt 0.9375 0.5
vt 0.9583333134651184 0.5
vt 0.9791666865348816 0.5
vt 0.9791666865348816 0.5833333134651184
vt 0.9583333134651184 0.5
vt 0.9791666865348816 0.5833333134651184
vt 0.9583333134651184 0.5833333134651184
vt 0.9583333134651184 0.5833333134651184
vt 0.9791666865348816 0.5833333134651184
vt 0.9791666865348816 0.6666666865348816
vt 0.9583333134651184 0.5833333134651184
vt 0.9791666865348816 0.6666666865348816
vt 0.9583333134651184 0.6666666865348816
vt 0.9583333134651184 0.6666666865348816
vt 0.9791666865348816 0.6666666865348816
vt 0.9791666865348816 0.75
vt 0.9583333134651184 0.6666666865348816
vt 0.9791666865348816 0.75
vt 0.9583333134651184 0.75
vt 0.9583333134651184 0.75
vt 0.9791666865348816 0.75
vt 0.9791666865348816 0.8333333134651184
vt 0.9583333134651184 0.75
vt 0.9791666865348816 0.8333333134651184
vt 0.9583333134651184 0.8333333134651184
vt 0.9583333134651184 0.8333333134651184
vt 0.9791666865348816 0.8333333134651184
vt 0.9791666865348816 0.9166666865348816
vt 0.9583333134651184 0.8333333134651184
vt 0.9791666865348816 0.9166666865348816
vt 0.9583333134651184 0.9166666865348816
vt 0.9583333134651184 0.9166666865348816
vt 0.9791666865348816 0.9166666865348816
vt 0.9791666865348816 1
vt 0.9583333134651184 0.9166666865348816
vt 0.9791666865348816 1
vt 0.9583333134651184 1
vt 0.9583333134651184 0
vt 0.9791666865348816 0
vt 0.9791666865348816 0.08333331346511841
vt 0.9583333134651184 0
vt 0.9791666865348816 0.08333331346511841
vt 0.9583333134651184 0.08333331346511841
vt 0.9583333134651184 0.08333331346511841
vt 0.9791666865348816 0.08333331346511841
vt 0.9791666865348816 0.1666666865348816
vt 0.9583333134651184 0.08333331346511841
vt 0.9791666865348816 0.1666666865348816
vt 0.9583333134651184 0.1666666865348816
vt 0.9583333134651184 0.1666666865348816
vt 0.9791666865348816 0.1666666865348816
vt 0.9791666865348816 0.25
vt 0.9583333134651184 0.1666666865348816
vt 0.9791666865348816 0.25
vt 0.9583333134651184 0.25
vt 0.9583333134651184 0.25
vt 0.9791666865348816 0.25
vt 0.9791666865348816 0.3333333730697632
vt 0.9583333134651184 0.25
vt 0.9791666865348816 0.3333333730697632
vt 0.9583333134651184 0.3333333730697632
vt 0.9583333134651184 0.3333333730697632
vt 0.9791666865348816 0.3333333730697632
vt 0.9791666865348816 0.4166666269302368
vt 0.9583333134651184 0.3333333730697632
vt 0.9791666865348816 0.4166666269302368
vt 0.9583333134651184 0.4166666269302368
vt 0.9583333134651184 0.4166666269302368
vt 0.9791666865348816 0.4166666269302368
vt 0.9791666865348816 0.5
vt 0.9583333134651184 0.4166666269302368
vt 0.9791666865348816 0.5
vt 0.9583333134651184 0.5
vt 0.9791666865348816 0.5
vt 1 0.5
vt 1 0.5833333134651184
vt 0.9791666865348816 0.5
vt 1 0.5833333134651184
vt 0.9791666865348816 0.5833333134651184
vt 0.9791666865348816 0.5833333134651184
vt 1 0.5833333134651184
vt 1 0.6666666865348816
vt 0.9791666865348816 0.5833333134651184
vt 1 0.6666666865348816
vt 0.9791666865348816 0.6666666865348816
vt 0.9791666865348816 0.6666666865348816
vt 1 0.6666666865348816
vt 1 0.75
vt 0.9791666865348816 0.6666666865348816
vt 1 0.75
vt 0.9791666865348816 0.75
vt 0.9791666865348816 0.75
vt 1 0.75
vt 1 0.8333333134651184
vt 0.9791666865348816 0.75
vt 1 0.8333333134651184
vt 0.9791666865348816 0.8333333134651184
vt 0.9791666865348816 0.8333333134651184
vt 1 0.8333333134651184
vt 1 0.9166666865348816
vt 0.9791666865348816 0.8333333134651184
vt 1 0.9166666865348816
vt 0.9791666865348816 0.9166666865348816
vt 0.9791666865348816 0.9166666865348816
vt 1 0.9166666865348816
vt 1 1
vt 0.9791666865348816 0.9166666865348816
vt 1 1
vt 0.9791666865348816 1
vt 0.9791666865348816 0
vt 1 0
vt 1 0.08333331346511841
vt 0.9791666865348816 0
vt 1 0.08333331346511841
vt 0.9791666865348816 0.08333331346511841
vt 0.9791666865348816 0.08333331346511841
vt 1 0.08333331346511841
vt 1 0.1666666865348816
vt 0.9791666865348816 0.08333331346511841
vt 1 0.1666666865348816
vt 0.9791666865348816 0.1666666865348816
vt 0.9791666865348816 0.1666666865348816
vt 1 0.1666666865348816
vt 1 0.25
vt 0.9791666865348816 0.1666666865348816
vt 1 0.25
vt 0.9791666865348816 0.25
vt 0.9791666865348816 0.25
vt 1 0.25
vt 1 0.3333333730697632
vt 0.9791666865348816 0.25
vt 1 0.3333333730697632
vt 0.9791666865348816 0.3333333730697632
vt 0.9791666865348816 0.3333333730697632
vt 1 0.3333333730697632
vt 1 0.4166666269302368
vt 0.9791666865348816 0.3333333730697632
vt 1 0.4166666269302368
vt 0.9791666865348816 0.4166666269302368
vt 0.9791666865348816 0.4166666269302368
vt 1 0.4166666269302368
vt 1 0.5
vt 0.9791666865348816 0.4166666269302368
vt 1 0.5
vt 0.9791666865348816 0.5
vt 8.881784197001252e-16 0.5
vt 0.02083333395421505 0.5
vt 0.02083333395421505 0.5833333134651184
vt 8.881784197001252e-16 0.5
vt 0.02083333395421505 0.5833333134651184
vt 8.881784197001252e-16 0.5833333134651184
vt 8.881784197001252e-16 0.5833333134651184
vt 0.02083333395421505 0.5833333134651184
vt 0.02083333395421505 0.6666666865348816
vt 8.881784197001252e-16 0.5833333134651184
vt 0.02083333395421505 0.6666666865348816
vt 8.881784197001252e-16 0.6666666865348816
vt 8.881784197001252e-16 0.6666666865348816
vt 0.02083333395421505 0.6666666865348816
vt 0.02083333395421505 0.75
vt 8.881784197001252e-16 0.6666666865348816
vt 0.02083333395421505 0.75
vt 8.881784197001252e-16 0.75
vt 8.881784197001252e-16 0.75
vt 0.02083333395421505 0.75
vt 0.02083333395421505 0.8333333134651184
vt 8.881784197001252e-16 0.75
vt 0.02083333395421505 0.8333333134651184
vt 8.881784197001252e-16 0.8333333134651184
vt 8.881784197001252e-16 0.8333333134651184
vt 0.02083333395421505 0.8333333134651184
vt 0.02083333395421505 0.9166666865348816
vt 8.881784197001252e-16 0.8333333134651184
vt 0.02083333395421505 0.9166666865348816
vt 8.881784197001252e-16 0.9166666865348816
vt 8.881784197001252e-16 0.9166666865348816
vt 0.02083333395421505 0.9166666865348816
vt 0.02083333395421505 1
vt 8.881784197001252e-16 0.9166666865348816
vt 0.02083333395421505 1
vt 8.881784197001252e-16 1
vt 8.881784197001252e-16 0
vt 0.02083333395421505 0
vt 0.02083333395421505 0.08333331346511841
vt 8.881784197001252e-16 0
vt 0.02083333395421505 0.08333331346511841
vt 8.881784197001252e-16 0.08333331346511841
vt 8.881784197001252e-16 0.08333331346511841
vt 0.02083333395421505 0.08333331346511841
vt 0.02083333395421505 0.1666666865348816
vt 8.881784197001252e-16 0.08333331346511841
vt 0.02083333395421505 0.1666666865348816
vt 8.881784197001252e-16 0.1666666865348816
vt 8.881784197001252e-16 0.1666666865348816
vt 0.02083333395421505 0.1666666865348816
vt 0.02083333395421505 0.25
vt 8.881784197001252e-16 0.1666666865348816
vt 0.02083333395421505 0.25
vt 8.881784197001252e-16 0.25
vt 8.881784197001252e-16 0.25
vt 0.02083333395421505 0.25
vt 0.02083333395421505 0.3333333730697632
vt 8.881784197001252e-16 0.25
vt 0.02083333395421505 0.3333333730697632
vt 8.881784197001252e-16 0.3333333730697632
vt 8.881784197001252e-16 0.3333333730697632
vt 0.02083333395421505 0.3333333730697632
vt 0.02083333395421505 0.4166666269302368
vt 8.881784197001252e-16 0.3333333730697632
vt 0.02083333395421505 0.4166666269302368
vt 8.881784197001252e-16 0.4166666269302368
vt 8.881784197001252e-16 0.4166666269302368
vt 0.02083333395421505 0.4166666269302368
vt 0.02083333395421505 0.5
vt 8.881784197001252e-16 0.4166666269302368
vt 0.02083333395421505 0.5
vt 8.881784197001252e-16 0.5
vt 0.02083333395421505 0.5
vt 0.0416666679084301 0.5
vt 0.0416666679084301 0.5833333134651184
vt 0.02083333395421505 0.5
vt 0.0416666679084301 0.5833333134651184
vt 0.02083333395421505 0.5833333134651184
vt 0.02083333395421505 0.5833333134651184
vt 0.0416666679084301 0.5833333134651184
vt 0.0416666679084301 0.6666666865348816
vt 0.02083333395421505 0.5833333134651184
vt 0.0416666679084301 0.6666666865348816
vt 0.02083333395421505 0.6666666865348816
vt 0.02083333395421505 0.6666666865348816
vt 0.0416666679084301 0.6666666865348816
vt 0.0416666679084301 0.75
vt 0.02083333395421505 0.6666666865348816
vt 0.0416666679084301 0.75
vt 0.02083333395421505 0.75
vt 0.02083333395421505 0.75
vt 0.0416666679084301 0.75
vt 0.0416666679084301 0.8333333134651184
vt 0.02083333395421505 0.75
vt 0.0416666679084301 0.8333333134651184
vt 0.02083333395421505 0.8333333134651184
vt 0.02083333395421505 0.8333333134651184
vt 0.0416666679084301 0.8333333134651184
vt 0.0416666679084301 0.9166666865348816
vt 0.02083333395421505 0.8333333134651184
vt 0.0416666679084301 0.9166666865348816
vt 0.02083333395421505 0.9166666865348816
vt 0.02083333395421505 0.9166666865348816
vt 0.0416666679084301 0.9166666865348816
vt 0.0416666679084301 1
vt 0.02083333395421505 0.9166666865348816
vt 0.0416666679084301 1
vt 0.02083333395421505 1
vt 0.02083333395421505 0
vt 0.0416666679084301 0
vt 0.0416666679084301 0.08333331346511841
vt 0.02083333395421505 0
vt 0.0416666679084301 0.08333331346511841
vt 0.02083333395421505 0.08333331346511841
vt 0.02083333395421505 0.08333331346511841
vt 0.0416666679084301 0.08333331346511841
vt 0.0416666679084301 0.1666666865348816
vt 0.02083333395421505 0.08333331346511841
vt 0.0416666679084301 0.1666666865348816
vt 0.02083333395421505 0.1666666865348816
vt 0.02083333395421505 0.1666666865348816
vt 0.0416666679084301 0.1666666865348816
vt 0.0416666679084301 0.25
vt 0.02083333395421505 0.1666666865348816
vt 0.0416666679084301 0.25
vt 0.02083333395421505 0.25
vt 0.02083333395421505 0.25
vt 0.0416666679084301 0.25
vt 0.0416666679084301 0.3333333730697632
vt 0.02083333395421505 0.25
vt 0.0416666679084301 0.3333333730697632
vt 0.02083333395421505 0.3333333730697632
vt 0.02083333395421505 0.3333333730697632
vt 0.0416666679084301 0.3333333730697632
vt 0.0416666679084301 0.4166666269302368
vt 0.02083333395421505 0.3333333730697632
vt 0.0416666679084301 0.4166666269302368
vt 0.02083333395421505 0.4166666269302368
vt 0.02083333395421505 0.4166666269302368
vt 0.0416666679084301 0.4166666269302368
vt 0.0416666679084301 0.5
vt 0.02083333395421505 0.4166666269302368
vt 0.0416666679084301 0.5
vt 0.02083333395421505 0.5
vt 0.0416666679084301 0.5
vt 0.0625 0.5
vt 0.0625 0.5833333134651184
vt 0.0416666679084301 0.5
vt 0.0625 0.5833333134651184
vt 0.0416666679084301 0.5833333134651184
vt 0.0416666679084301 0.5833333134651184
vt 0.0625 0.5833333134651184
vt 0.0625 0.6666666865348816
vt 0.0416666679084301 0.5833333134651184
vt 0.0625 0.6666666865348816
vt 0.0416666679084301 0.6666666865348816
vt 0.0416666679084301 0.6666666865348816
vt 0.0625 0.6666666865348816
vt 0.0625 0.75
vt 0.0416666679084301 0.6666666865348816
vt 0.0625 0.75
vt 0.0416666679084301 0.75
vt 0.0416666679084301 0.75
vt 0.0625 0.75
vt 0.0625 0.8333333134651184
vt 0.0416666679084301 0.75
vt 0.0625 0.8333333134651184
vt 0.0416666679084301 0.8333333134651184
vt 0.0416666679084301 0.8333333134651184
vt 0.0625 0.8333333134651184
vt 0.0625 0.9166666865348816
vt 0.0416666679084301 0.8333333134651184
vt 0.0625 0.9166666865348816
vt 0.0416666679084301 0.9166666865348816
vt 0.0416666679084301 0.9166666865348816
vt 0.0625 0.9166666865348816
vt 0.0625 1
vt 0.0416666679084301 0.9166666865348816
vt 0.0625 1
vt 0.0416666679084301 1
vt 0.0416666679084301 0
vt 0.0625 0
vt 0.0625 0.08333331346511841
vt 0.0416666679084301 0
vt 0.0625 0.08333331346511841
vt 0.0416666679084301 0.08333331346511841
vt 0.0416666679084301 0.08333331346511841
vt 0.0625 0.08333331346511841
vt 0.0625 0.1666666865348816
vt 0.0416666679084301 0.08333331346511841
vt 0.0625 0.1666666865348816
vt 0.0416666679084301 0.1666666865348816
vt 0.0416666679084301 0.1666666865348816
vt 0.0625 0.1666666865348816
vt 0.0625 0.25
vt 0.0416666679084301 0.1666666865348816
vt 0.0625 0.25
vt 0.0416666679084301 0.25
vt 0.0416666679084301 0.25
vt 0.0625 0.25
vt 0.0625 0.3333333730697632
vt 0.0416666679084301 0.25
vt 0.0625 0.3333333730697632
vt 0.0416666679084301 0.3333333730697632
vt 0.0416666679084301 0.3333333730697632
vt 0.0625 0.3333333730697632
vt 0.0625 0.4166666269302368
vt 0.0416666679084301 0.3333333730697632
vt 0.0625 0.4166666269302368
vt 0.0416666679084301 0.4166666269302368
vt 0.0416666679084301 0.4166666269302368
vt 0.0625 0.4166666269302368
vt 0.0625 0.5
vt 0.0416666679084301 0.4166666269302368
vt 0.0625 0.5
vt 0.0416666679084301 0.5
vt 0.0625 0.5
vt 0.0833333358168602 0.5
vt 0.0833333358168602 0.5833333134651184
vt 0.0625 0.5
vt 0.0833333358168602 0.5833333134651184
vt 0.0625 0.5833333134651184
vt 0.0625 0.5833333134651184
vt 0.0833333358168602 0.5833333134651184
vt 0.0833333358168602 0.6666666865348816
vt 0.0625 0.5833333134651184
vt 0.0833333358168602 0.6666666865348816
vt 0.0625 0.6666666865348816
vt 0.0625 0.6666666865348816
vt 0.0833333358168602 0.6666666865348816
vt 0.0833333358168602 0.75
vt 0.0625 0.6666666865348816
vt 0.0833333358168602 0.75
vt 0.0625 0.75
vt 0.0625 0.75
vt 0.0833333358168602 0.75
vt 0.0833333358168602 0.8333333134651184
vt 0.0625 0.75
vt 0.0833333358168602 0.8333333134651184
vt 0.0625 0.8333333134651184
vt 0.0625 0.8333333134651184
vt 0.0833333358168602 0.8333333134651184
vt 0.0833333358168602 0.9166666865348816
vt 0.0625 0.8333333134651184
vt 0.0833333358168602 0.9166666865348816
vt 0.0625 0.9166666865348816
vt 0.0625 0.9166666865348816
vt 0.0833333358168602 0.9166666865348816
vt 0.0833333358168602 1
vt 0.0625 0.9166666865348816
vt 0.0833333358168602 1
vt 0.0625 1
vt 0.0625 0
vt 0.0833333358168602 0
vt 0.0833333358168602 0.08333331346511841
vt 0.0625 0
vt 0.0833333358168602 0.08333331346511841
vt 0.0625 0.08333331346511841
vt 0.0625 0.08333331346511841
vt 0.0833333358168602 0.08333331346511841
vt 0.0833333358168602 0.1666666865348816
vt 0.0625 0.08333331346511841
vt 0.0833333358168602 0.1666666865348816
vt 0.0625 0.1666666865348816
vt 0.0625 0.1666666865348816
vt 0.0833333358168602 0.1666666865348816
vt 0.0833333358168602 0.25
vt 0.0625 0.1666666865348816
vt 0.0833333358168602 0.25
vt 0.0625 0.25
vt 0.0625 0.25
vt 0.0833333358168602 0.25
vt 0.0833333358168602 0.3333333730697632
vt 0.0625 0.25
vt 0.0833333358168602 0.3333333730697632
vt 0.0625 0.3333333730697632
vt 0.0625 0.3333333730697632
vt 0.0833333358168602 0.3333333730697632
vt 0.0833333358168602 0.4166666269302368
vt 0.0625 0.3333333730697632
vt 0.0833333358168602 0.4166666269302368
vt 0.0625 0.4166666269302368
vt 0.0625 0.4166666269302368
vt 0.0833333358168602 0.4166666269302368
vt 0.0833333358168602 0.5
vt 0.0625 0.4166666269302368
vt 0.0833333358168602 0.5
vt 0.0625 0.5
vt 0.0833333358168602 0.5
vt 0.1041666641831398 0.5
vt 0.1041666641831398 0.5833333134651184
vt 0.0833333358168602 0.5
vt 0.1041666641831398 0.5833333134651184
vt 0.0833333358168602 0.5833333134651184
vt 0.0833333358168602 0.5833333134651184
vt 0.1041666641831398 0.5833333134651184
vt 0.1041666641831398 0.6666666865348816
vt 0.0833333358168602 0.5833333134651184
vt 0.1041666641831398 0.6666666865348816
vt 0.0833333358168602 0.6666666865348816
vt 0.0833333358168602 0.6666666865348816
vt 0.1041666641831398 0.6666666865348816
vt 0.1041666641831398 0.75
vt 0.0833333358168602 0.6666666865348816
vt 0.1041666641831398 0.75
vt 0.0833333358168602 0.75
vt 0.0833333358168602 0.75
vt 0.1041666641831398 0.75
vt 0.1041666641831398 0.8333333134651184
vt 0.0833333358168602 0.75
vt 0.1041666641831398 0.8333333134651184
vt 0.0833333358168602 0.8333333134651184
vt 0.0833333358168602 0.8333333134651184
vt 0.1041666641831398 0.8333333134651184
vt 0.1041666641831398 0.9166666865348816
vt 0.0833333358168602 0.8333333134651184
vt 0.1041666641831398 0.9166666865348816
vt 0.0833333358168602 0.9166666865348816
vt 0.0833333358168602 0.9166666865348816
vt 0.1041666641831398 0.9166666865348816
vt 0.1041666641831398 1
vt 0.0833333358168602 0.9166666865348816
vt 0.1041666641831398 1
vt 0.0833333358168602 1
vt 0.0833333358168602 0
vt 0.1041666641831398 0
vt 0.1041666641831398 0.08333331346511841
vt 0.0833333358168602 0
vt 0.1041666641831398 0.08333331346511841
vt 0.0833333358168602 0.08333331346511841
vt 0.0833333358168602 0.08333331346511841
vt 0.1041666641831398 0.08333331346511841
vt 0.1041666641831398 0.1666666865348816
vt 0.0833333358168602 0.08333331346511841
vt 0.1041666641831398 0.1666666865348816
vt 0.0833333358168602 0.1666666865348816
vt 0.0833333358168602 0.1666666865348816
vt 0.1041666641831398 0.1666666865348816
vt 0.1041666641831398 0.25
vt 0.0833333358168602 0.1666666865348816
vt 0.1041666641831398 0.25
vt 0.0833333358168602 0.25
vt 0.0833333358168602 0.25
vt 0.1041666641831398 0.25
vt 0.1041666641831398 0.3333333730697632
vt 0.0833333358168602 0.25
vt 0.1041666641831398 0.3333333730697632
vt 0.0833333358168602 0.3333333730697632
vt 0.0833333358168602 0.3333333730697632
vt 0.1041666641831398 0.3333333730697632
vt 0.1041666641831398 0.4166666269302368
vt 0.0833333358168602 0.3333333730697632
vt 0.1041666641831398 0.4166666269302368
vt 0.0833333358168602 0.4166666269302368
vt 0.0833333358168602 0.4166666269302368
vt 0.1041666641831398 0.4166666269302368
vt 0.1041666641831398 0.5
vt 0.0833333358168602 0.4166666269302368
vt 0.1041666641831398 0.5
vt 0.0833333358168602 0.5
vt 0.1041666641831398 0.5
vt 0.125 0.5
vt 0.125 0.5833333134651184
vt 0.1041666641831398 0.5
vt 0.125 0.5833333134651184
vt 0.1041666641831398 0.5833333134651184
vt 0.1041666641831398 0.5833333134651184
vt 0.125 0.5833333134651184
vt 0.125 0.6666666865348816
vt 0.1041666641831398 0.5833333134651184
vt 0.125 0.6666666865348816
vt 0.1041666641831398 0.6666666865348816
vt 0.1041666641831398 0.6666666865348816
vt 0.125 0.6666666865348816
vt 0.125 0.75
vt 0.1041666641831398 0.6666666865348816
vt 0.125 0.75
vt 0.1041666641831398 0.75
vt 0.1041666641831398 0.75
vt 0.125 0.75
vt 0.125 0.8333333134651184
vt 0.1041666641831398 0.75
vt 0.125 0.8333333134651184
vt 0.1041666641831398 0.8333333134651184
vt 0.1041666641831398 0.8333333134651184
vt 0.125 0.8333333134651184
vt 0.125 0.9166666865348816
vt 0.1041666641831398 0.8333333134651184
vt 0.125 0.9166666865348816
vt 0.1041666641831398 0.9166666865348816
vt 0.1041666641831398 0.9166666865348816
vt 0.125 0.9166666865348816
vt 0.125 1
vt 0.1041666641831398 0.9166666865348816
vt 0.125 1
vt 0.1041666641831398 1
vt 0.1041666641831398 0
vt 0.125 0
vt 0.125 0.08333331346511841
vt 0.1041666641831398 0
vt 0.125 0.08333331346511841
vt 0.1041666641831398 0.08333331346511841
vt 0.1041666641831398 0.08333331346511841
vt 0.125 0.08333331346511841
vt 0.125 0.1666666865348816
vt 0.1041666641831398 0.08333331346511841
vt 0.125 0.1666666865348816
vt 0.1041666641831398 0.1666666865348816
vt 0.1041666641831398 0.1666666865348816
vt 0.125 0.1666666865348816
vt 0.125 0.25
vt 0.1041666641831398 0.1666666865348816
vt 0.125 0.25
vt 0.1041666641831398 0.25
vt 0.1041666641831398 0.25
vt 0.125 0.25
vt 0.125 0.3333333730697632
vt 0.1041666641831398 0.25
vt 0.125 0.3333333730697632
vt 0.1041666641831398 0.3333333730697632
vt 0.1041666641831398 0.3333333730697632
vt 0.125 0.3333333730697632
vt 0.125 0.4166666269302368
vt 0.1041666641831398 0.3333333730697632
vt 0.125 0.4166666269302368
vt 0.1041666641831398 0.4166666269302368
vt 0.1041666641831398 0.4166666269302368
vt 0.125 0.4166666269302368
vt 0.125 0.5
vt 0.1041666641831398 0.4166666269302368
vt 0.125 0.5
vt 0.1041666641831398 0.5
vt 0.125 0.5
vt 0.1458333283662796 0.5
vt 0.1458333283662796 0.5833333134651184
vt 0.125 0.5
vt 0.1458333283662796 0.5833333134651184
vt 0.125 0.5833333134651184
vt 0.125 0.5833333134651184
vt 0.1458333283662796 0.5833333134651184
vt 0.1458333283662796 0.6666666865348816
vt 0.125 0.5833333134651184
vt 0.1458333283662796 0.6666666865348816
vt 0.125 0.6666666865348816
vt 0.125 0.6666666865348816
vt 0.1458333283662796 0.6666666865348816
vt 0.1458333283662796 0.75
vt 0.125 0.6666666865348816
vt 0.1458333283662796 0.75
vt 0.125 0.75
vt 0.125 0.75
vt 0.1458333283662796 0.75
vt 0.1458333283662796 0.8333333134651184
vt 0.125 0.75
vt 0.1458333283662796 0.8333333134651184
vt 0.125 0.8333333134651184
vt 0.125 0.8333333134651184
vt 0.1458333283662796 0.8333333134651184
vt 0.1458333283662796 0.9166666865348816
vt 0.125 0.8333333134651184
vt 0.1458333283662796 0.9166666865348816
vt 0.125 0.9166666865348816
vt 0.125 0.9166666865348816
vt 0.1458333283662796 0.9166666865348816
vt 0.1458333283662796 1
vt 0.125 0.9166666865348816
vt 0.1458333283662796 1
vt 0.125 1
vt 0.125 0
vt 0.1458333283662796 0
vt 0.1458333283662796 0.08333331346511841
vt 0.125 0
vt 0.1458333283662796 0.08333331346511841
vt 0.125 0.08333331346511841
vt 0.125 0.08333331346511841
vt 0.1458333283662796 0.08333331346511841
vt 0.1458333283662796 0.1666666865348816
vt 0.125 0.08333331346511841
vt 0.1458333283662796 0.1666666865348816
vt 0.125 0.1666666865348816
vt 0.125 0.1666666865348816
vt 0.1458333283662796 0.1666666865348816
vt 0.1458333283662796 0.25
vt 0.125 0.1666666865348816
vt 0.1458333283662796 0.25
vt 0.125 0.25
vt 0.125 0.25
vt 0.1458333283662796 0.25
vt 0.1458333283662796 0.3333333730697632
vt 0.125 0.25
vt 0.1458333283662796 0.3333333730697632
vt 0.125 0.3333333730697632
vt 0.125 0.3333333730697632
vt 0.1458333283662796 0.3333333730697632
vt 0.1458333283662796 0.4166666269302368
vt 0.125 0.3333333730697632
vt 0.1458333283662796 0.4166666269302368
vt 0.125 0.4166666269302368
vt 0.125 0.4166666269302368
vt 0.1458333283662796 0.4166666269302368
vt 0.1458333283662796 0.5
vt 0.125 0.4166666269302368
vt 0.1458333283662796 0.5
vt 0.125 0.5
vt 0.1458333283662796 0.5
vt 0.1666666716337204 0.5
vt 0.1666666716337204 0.5833333134651184
vt 0.1458333283662796 0.5
vt 0.1666666716337204 0.5833333134651184
vt 0.1458333283662796 0.5833333134651184
vt 0.1458333283662796 0.5833333134651184
vt 0.1666666716337204 0.5833333134651184
vt 0.1666666716337204 0.6666666865348816
vt 0.1458333283662796 0.5833333134651184
vt 0.1666666716337204 0.6666666865348816
vt 0.1458333283662796 0.6666666865348816
vt 0.1458333283662796 0.6666666865348816
vt 0.1666666716337204 0.6666666865348816
vt 0.1666666716337204 0.75
vt 0.1458333283662796 0.6666666865348816
vt 0.1666666716337204 0.75
vt 0.1458333283662796 0.75
vt 0.1458333283662796 0.75
vt 0.1666666716337204 0.75
vt 0.1666666716337204 0.8333333134651184
vt 0.1458333283662796 0.75
vt 0.1666666716337204 0.8333333134651184
vt 0.1458333283662796 0.8333333134651184
vt 0.1458333283662796 0.8333333134651184
vt 0.1666666716337204 0.8333333134651184
vt 0.1666666716337204 0.9166666865348816
vt 0.1458333283662796 0.8333333134651184
vt 0.1666666716337204 0.9166666865348816
vt 0.1458333283662796 0.9166666865348816
vt 0.1458333283662796 0.9166666865348816
vt 0.1666666716337204 0.9166666865348816
vt 0.1666666716337204 1
vt 0.1458333283662796 0.9166666865348816
vt 0.1666666716337204 1
vt 0.1458333283662796 1
vt 0.1458333283662796 0
vt 0.1666666716337204 0
vt 0.1666666716337204 0.08333331346511841
vt 0.1458333283662796 0
vt 0.1666666716337204 0.08333331346511841
vt 0.1458333283662796 0.08333331346511841
vt 0.1458333283662796 0.08333331346511841
vt 0.1666666716337204 0.08333331346511841
vt 0.1666666716337204 0.1666666865348816
vt 0.1458333283662796 0.08333331346511841
vt 0.1666666716337204 0.1666666865348816
vt 0.1458333283662796 0.1666666865348816
vt 0.1458333283662796 0.1666666865348816
vt 0.1666666716337204 0.1666666865348816
vt 0.1666666716337204 0.25
vt 0.1458333283662796 0.1666666865348816
vt 0.1666666716337204 0.25
vt 0.1458333283662796 0.25
vt 0.1458333283662796 0.25
vt 0.1666666716337204 0.25
vt 0.1666666716337204 0.3333333730697632
vt 0.1458333283662796 0.25
vt 0.1666666716337204 0.3333333730697632
vt 0.1458333283662796 0.3333333730697632
vt 0.1458333283662796 0.3333333730697632
vt 0.1666666716337204 0.3333333730697632
vt 0.1666666716337204 0.4166666269302368
vt 0.1458333283662796 0.3333333730697632
vt 0.1666666716337204 0.4166666269302368
vt 0.1458333283662796 0.4166666269302368
vt 0.1458333283662796 0.4166666269302368
vt 0.1666666716337204 0.4166666269302368
vt 0.1666666716337204 0.5
vt 0.1458333283662796 0.4166666269302368
vt 0.1666666716337204 0.5
vt 0.1458333283662796 0.5
vt 0.1666666716337204 0.5
vt 0.1875 0.5
vt 0.1875 0.5833333134651184
vt 0.1666666716337204 0.5
vt 0.1875 0.5833333134651184
vt 0.1666666716337204 0.5833333134651184
vt 0.1666666716337204 0.5833333134651184
vt 0.1875 0.5833333134651184
vt 0.1875 0.6666666865348816
vt 0.1666666716337204 0.5833333134651184
vt 0.1875 0.6666666865348816
vt 0.1666666716337204 0.6666666865348816
vt 0.1666666716337204 0.6666666865348816
vt 0.1875 0.6666666865348816
vt 0.1875 0.75
vt 0.1666666716337204 0.6666666865348816
vt 0.1875 0.75
vt 0.1666666716337204 0.75
vt 0.1666666716337204 0.75
vt 0.1875 0.75
vt 0.1875 0.8333333134651184
vt 0.1666666716337204 0.75
vt 0.1875 0.8333333134651184
vt 0.1666666716337204 0.8333333134651184
vt 0.1666666716337204 0.8333333134651184
vt 0.1875 0.8333333134651184
vt 0.1875 0.9166666865348816
vt 0.1666666716337204 0.8333333134651184
vt 0.1875 0.9166666865348816
vt 0.1666666716337204 0.9166666865348816
vt 0.1666666716337204 0.9166666865348816
vt 0.1875 0.9166666865348816
vt 0.1875 1
vt 0.1666666716337204 0.9166666865348816
vt 0.1875 1
vt 0.1666666716337204 1
vt 0.1666666716337204 0
vt 0.1875 0
vt 0.1875 0.08333331346511841
vt 0.1666666716337204 0
vt 0.1875 0.08333331346511841
vt 0.1666666716337204 0.08333331346511841
vt 0.1666666716337204 0.08333331346511841
vt 0.1875 0.08333331346511841
vt 0.1875 0.1666666865348816
vt 0.1666666716337204 0.08333331346511841
vt 0.1875 0.1666666865348816
vt 0.1666666716337204 0.1666666865348816
vt 0.1666666716337204 0.1666666865348816
vt 0.1875 0.1666666865348816
vt 0.1875 0.25
vt 0.1666666716337204 0.1666666865348816
vt 0.1875 0.25
vt 0.1666666716337204 0.25
vt 0.1666666716337204 0.25
vt 0.1875 0.25
vt 0.1875 0.3333333730697632
vt 0.1666666716337204 0.25
vt 0.1875 0.3333333730697632
vt 0.1666666716337204 0.3333333730697632
vt 0.1666666716337204 0.3333333730697632
vt 0.1875 0.3333333730697632
vt 0.1875 0.4166666269302368
vt 0.1666666716337204 0.3333333730697632
vt 0.1875 0.4166666269302368
vt 0.1666666716337204 0.4166666269302368
vt 0.1666666716337204 0.4166666269302368
vt 0.1875 0.4166666269302368
vt 0.1875 0.5
vt 0.1666666716337204 0.4166666269302368
vt 0.1875 0.5
vt 0.1666666716337204 0.5
vt 0.1875 0.5
vt 0.2083333283662796 0.5
vt 0.2083333283662796 0.5833333134651184
vt 0.1875 0.5
vt 0.2083333283662796 0.5833333134651184
vt 0.1875 0.5833333134651184
vt 0.1875 0.5833333134651184
vt 0.2083333283662796 0.5833333134651184
vt 0.2083333283662796 0.6666666865348816
vt 0.1875 0.5833333134651184
vt 0.2083333283662796 0.6666666865348816
vt 0.1875 0.6666666865348816
vt 0.1875 0.6666666865348816
vt 0.2083333283662796 0.6666666865348816
vt 0.2083333283662796 0.75
vt 0.1875 0.6666666865348816
vt 0.2083333283662796 0.75
vt 0.1875 0.75
vt 0.1875 0.75
vt 0.2083333283662796 0.75
vt 0.2083333283662796 0.8333333134651184
vt 0.1875 0.75
vt 0.2083333283662796 0.8333333134651184
vt 0.1875 0.8333333134651184
vt 0.1875 0.8333333134651184
vt 0.2083333283662796 0.8333333134651184
vt 0.2083333283662796 0.9166666865348816
vt 0.1875 0.8333333134651184
vt 0.2083333283662796 0.9166666865348816
vt 0.1875 0.9166666865348816
vt 0.1875 0.9166666865348816
vt 0.2083333283662796 0.9166666865348816
vt 0.2083333283662796 1
vt 0.1875 0.9166666865348816
vt 0.2083333283662796 1
vt 0.1875 1
vt 0.1875 0
vt 0.2083333283662796 0
vt 0.2083333283662796 0.08333331346511841
vt 0.1875 0
vt 0.2083333283662796 0.08333331346511841
vt 0.1875 0.08333331346511841
vt 0.1875 0.08333331346511841
vt 0.2083333283662796 0.08333331346511841
vt 0.2083333283662796 0.1666666865348816
vt 0.1875 0.08333331346511841
vt 0.2083333283662796 0.1666666865348816
vt 0.1875 0.1666666865348816
vt 0.1875 0.1666666865348816
vt 0.2083333283662796 0.1666666865348816
vt 0.2083333283662796 0.25
vt 0.1875 0.1666666865348816
vt 0.2083333283662796 0.25
vt 0.1875 0.25
vt 0.1875 0.25
vt 0.2083333283662796 0.25
vt 0.2083333283662796 0.3333333730697632
vt 0.1875 0.25
vt 0.2083333283662796 0.3333333730697632
vt 0.1875 0.3333333730697632
vt 0.1875 0.3333333730697632
vt 0.2083333283662796 0.3333333730697632
vt 0.2083333283662796 0.4166666269302368
vt 0.1875 0.3333333730697632
vt 0.2083333283662796 0.4166666269302368
vt 0.1875 0.4166666269302368
vt 0.1875 0.4166666269302368
vt 0.2083333283662796 0.4166666269302368
vt 0.2083333283662796 0.5
vt 0.1875 0.4166666269302368
vt 0.2083333283662796 0.5
vt 0.1875 0.5
vt 0.2083333283662796 0.5
vt 0.2291666716337204 0.5
vt 0.2291666716337204 0.5833333134651184
vt 0.2083333283662796 0.5
vt 0.2291666716337204 0.5833333134651184
vt 0.2083333283662796 0.5833333134651184
vt 0.2083333283662796 0.5833333134651184
vt 0.2291666716337204 0.5833333134651184
vt 0.2291666716337204 0.6666666865348816
vt 0.2083333283662796 0.5833333134651184
vt 0.2291666716337204 0.6666666865348816
vt 0.2083333283662796 0.6666666865348816
vt 0.2083333283662796 0.6666666865348816
vt 0.2291666716337204 0.6666666865348816
vt 0.2291666716337204 0.75
vt 0.2083333283662796 0.6666666865348816
vt 0.2291666716337204 0.75
vt 0.2083333283662796 0.75
vt 0.2083333283662796 0.75
vt 0.2291666716337204 0.75
vt 0.2291666716337204 0.8333333134651184
vt 0.2083333283662796 0.75
vt 0.2291666716337204 0.8333333134651184
vt 0.2083333283662796 0.8333333134651184
vt 0.2083333283662796 0.8333333134651184
vt 0.2291666716337204 0.8333333134651184
vt 0.2291666716337204 0.9166666865348816
vt 0.2083333283662796 0.8333333134651184
vt 0.2291666716337204 0.9166666865348816
vt 0.2083333283662796 0.9166666865348816
vt 0.2083333283662796 0.9166666865348816
vt 0.2291666716337204 0.9166666865348816
vt 0.2291666716337204 1
vt 0.2083333283662796 0.9166666865348816
vt 0.2291666716337204 1
vt 0.2083333283662796 1
vt 0.2083333283662796 0
vt 0.2291666716337204 0
vt 0.2291666716337204 0.08333331346511841
vt 0.2083333283662796 0
vt 0.2291666716337204 0.08333331346511841
vt 0.2083333283662796 0.08333331346511841
vt 0.2083333283662796 0.08333331346511841
vt 0.2291666716337204 0.08333331346511841
vt 0.2291666716337204 0.1666666865348816
vt 0.2083333283662796 0.08333331346511841
vt 0.2291666716337204 0.1666666865348816
vt 0.2083333283662796 0.1666666865348816
vt 0.2083333283662796 0.1666666865348816
vt 0.2291666716337204 0.1666666865348816
vt 0.2291666716337204 0.25
vt 0.2083333283662796 0.1666666865348816
vt 0.2291666716337204 0.25
vt 0.2083333283662796 0.25
vt 0.2083333283662796 0.25
vt 0.2291666716337204 0.25
vt 0.2291666716337204 0.3333333730697632
vt 0.2083333283662796 0.25
vt 0.2291666716337204 0.3333333730697632
vt 0.2083333283662796 0.3333333730697632
vt 0.2083333283662796 0.3333333730697632
vt 0.2291666716337204 0.3333333730697632
vt 0.2291666716337204 0.4166666269302368
vt 0.2083333283662796 0.3333333730697632
vt 0.2291666716337204 0.4166666269302368
vt 0.2083333283662796 0.4166666269302368
vt 0.2083333283662796 0.4166666269302368
vt 0.2291666716337204 0.4166666269302368
vt 0.2291666716337204 0.5
vt 0.2083333283662796 0.4166666269302368
vt 0.2291666716337204 0.5
vt 0.2083333283662796 0.5
vt 0.2291666716337204 0.5
vt 0.25 0.5
vt 0.25 0.5833333134651184
vt 0.2291666716337204 0.5
vt 0.25 0.5833333134651184
vt 0.2291666716337204 0.5833333134651184
vt 0.2291666716337204 0.5833333134651184
vt 0.25 0.5833333134651184
vt 0.25 0.6666666865348816
vt 0.2291666716337204 0.5833333134651184
vt 0.25 0.6666666865348816
vt 0.2291666716337204 0.6666666865348816
vt 0.2291666716337204 0.6666666865348816
vt 0.25 0.6666666865348816
vt 0.25 0.75
vt 0.2291666716337204 0.6666666865348816
vt 0.25 0.75
vt 0.2291666716337204 0.75
vt 0.2291666716337204 0.75
vt 0.25 0.75
vt 0.25 0.8333333134651184
vt 0.2291666716337204 0.75
vt 0.25 0.8333333134651184
vt 0.2291666716337204 0.8333333134651184
vt 0.2291666716337204 0.8333333134651184
vt 0.25 0.8333333134651184
vt 0.25 0.9166666865348816
vt 0.2291666716337204 0.8333333134651184
vt 0.25 0.9166666865348816
vt 0.2291666716337204 0.9166666865348816
vt 0.2291666716337204 0.9166666865348816
vt 0.25 0.9166666865348816
vt 0.25 1
vt 0.2291666716337204 0.9166666865348816
vt 0.25 1
vt 0.2291666716337204 1
vt 0.2291666716337204 0
vt 0.25 0
vt 0.25 0.08333331346511841
vt 0.2291666716337204 0
vt 0.25 0.08333331346511841
vt 0.2291666716337204 0.08333331346511841
vt 0.2291666716337204 0.08333331346511841
vt 0.25 0.08333331346511841
vt 0.25 0.1666666865348816
vt 0.2291666716337204 0.08333331346511841
vt 0.25 0.1666666865348816
vt 0.2291666716337204 0.1666666865348816
vt 0.2291666716337204 0.1666666865348816
vt 0.25 0.1666666865348816
vt 0.25 0.25
vt 0.2291666716337204 0.1666666865348816
vt 0.25 0.25
vt 0.2291666716337204 0.25
vt 0.2291666716337204 0.25
vt 0.25 0.25
vt 0.25 0.3333333730697632
vt 0.2291666716337204 0.25
vt 0.25 0.3333333730697632
vt 0.2291666716337204 0.3333333730697632
vt 0.2291666716337204 0.3333333730697632
vt 0.25 0.3333333730697632
vt 0.25 0.4166666269302368
vt 0.2291666716337204 0.3333333730697632
vt 0.25 0.4166666269302368
vt 0.2291666716337204 0.4166666269302368
vt 0.2291666716337204 0.4166666269302368
vt 0.25 0.4166666269302368
vt 0.25 0.5
vt 0.2291666716337204 0.4166666269302368
vt 0.25 0.5
vt 0.2291666716337204 0.5
vt 0.25 0.5
vt 0.2708333432674408 0.5
vt 0.2708333432674408 0.5833333134651184
vt 0.25 0.5
vt 0.2708333432674408 0.5833333134651184
vt 0.25 0.5833333134651184
vt 0.25 0.5833333134651184
vt 0.2708333432674408 0.5833333134651184
vt 0.2708333432674408 0.6666666865348816
vt 0.25 0.5833333134651184
vt 0.2708333432674408 0.6666666865348816
vt 0.25 0.6666666865348816
vt 0.25 0.6666666865348816
vt 0.2708333432674408 0.6666666865348816
vt 0.2708333432674408 0.75
vt 0.25 0.6666666865348816
vt 0.2708333432674408 0.75
vt 0.25 0.75
vt 0.25 0.75
vt 0.2708333432674408 0.75
vt 0.2708333432674408 0.8333333134651184
vt 0.25 0.75
vt 0.2708333432674408 0.8333333134651184
vt 0.25 0.8333333134651184
vt 0.25 0.8333333134651184
vt 0.2708333432674408 0.8333333134651184
vt 0.2708333432674408 0.9166666865348816
vt 0.25 0.8333333134651184
vt 0.2708333432674408 0.9166666865348816
vt 0.25 0.9166666865348816
vt 0.25 0.9166666865348816
vt 0.2708333432674408 0.9166666865348816
vt 0.2708333432674408 1
vt 0.25 0.9166666865348816
vt 0.2708333432674408 1
vt 0.25 1
vt 0.25 0
vt 0.2708333432674408 0
vt 0.2708333432674408 0.08333331346511841
vt 0.25 0
vt 0.2708333432674408 0.08333331346511841
vt 0.25 0.08333331346511841
vt 0.25 0.08333331346511841
vt 0.2708333432674408 0.08333331346511841
vt 0.2708333432674408 0.1666666865348816
vt 0.25 0.08333331346511841
vt 0.2708333432674408 0.1666666865348816
vt 0.25 0.1666666865348816
vt 0.25 0.1666666865348816
vt 0.2708333432674408 0.1666666865348816
vt 0.2708333432674408 0.25
vt 0.25 0.1666666865348816
vt 0.2708333432674408 0.25
vt 0.25 0.25
vt 0.25 0.25
vt 0.2708333432674408 0.25
vt 0.2708333432674408 0.3333333730697632
vt 0.25 0.25
vt 0.2708333432674408 0.3333333730697632
vt 0.25 0.3333333730697632
vt 0.25 0.3333333730697632
vt 0.2708333432674408 0.3333333730697632
vt 0.2708333432674408 0.4166666269302368
vt 0.25 0.3333333730697632
vt 0.2708333432674408 0.4166666269302368
vt 0.25 0.4166666269302368
vt 0.25 0.4166666269302368
vt 0.2708333432674408 0.4166666269302368
vt 0.2708333432674408 0.5
vt 0.25 0.4166666269302368
vt 0.2708333432674408 0.5
vt 0.25 0.5
vt 0.2708333432674408 0.5
vt 0.2916666567325592 0.5
vt 0.2916666567325592 0.5833333134651184
vt 0.2708333432674408 0.5
vt 0.2916666567325592 0.5833333134651184
vt 0.2708333432674408 0.5833333134651184
vt 0.2708333432674408 0.5833333134651184
vt 0.2916666567325592 0.5833333134651184
vt 0.2916666567325592 0.6666666865348816
vt 0.2708333432674408 0.5833333134651184
vt 0.2916666567325592 0.6666666865348816
vt 0.2708333432674408 0.6666666865348816
vt 0.2708333432674408 0.6666666865348816
vt 0.2916666567325592 0.6666666865348816
vt 0.2916666567325592 0.75
vt 0.2708333432674408 0.6666666865348816
vt 0.2916666567325592 0.75
vt 0.2708333432674408 0.75
vt 0.2708333432674408 0.75
vt 0.2916666567325592 0.75
vt 0.2916666567325592 0.8333333134651184
vt 0.2708333432674408 0.75
vt 0.2916666567325592 0.8333333134651184
vt 0.2708333432674408 0.8333333134651184
vt 0.2708333432674408 0.8333333134651184
vt 0.2916666567325592 0.8333333134651184
vt 0.2916666567325592 0.9166666865348816
vt 0.2708333432674408 0.8333333134651184
vt 0.2916666567325592 0.9166666865348816
vt 0.2708333432674408 0.9166666865348816
vt 0.2708333432674408 0.9166666865348816
vt 0.2916666567325592 0.9166666865348816
vt 0.2916666567325592 1
vt 0.2708333432674408 0.9166666865348816
vt 0.2916666567325592 1
vt 0.2708333432674408 1
vt 0.2708333432674408 0
vt 0.2916666567325592 0
vt 0.2916666567325592 0.08333331346511841
vt 0.2708333432674408 0
vt 0.2916666567325592 0.08333331346511841
vt 0.2708333432674408 0.08333331346511841
vt 0.2708333432674408 0.08333331346511841
vt 0.2916666567325592 0.08333331346511841
vt 0.2916666567325592 0.1666666865348816
vt 0.2708333432674408 0.08333331346511841
vt 0.2916666567325592 0.1666666865348816
vt 0.2708333432674408 0.1666666865348816
vt 0.2708333432674408 0.1666666865348816
vt 0.2916666567325592 0.1666666865348816
vt 0.2916666567325592 0.25
vt 0.2708333432674408 0.1666666865348816
vt 0.2916666567325592 0.25
vt 0.2708333432674408 0.25
vt 0.2708333432674408 0.25
vt 0.2916666567325592 0.25
vt 0.2916666567325592 0.3333333730697632
vt 0.2708333432674408 0.25
vt 0.2916666567325592 0.3333333730697632
vt 0.2708333432674408 0.3333333730697632
vt 0.2708333432674408 0.3333333730697632
vt 0.2916666567325592 0.3333333730697632
vt 0.2916666567325592 0.4166666269302368
vt 0.2708333432674408 0.3333333730697632
vt 0.2916666567325592 0.4166666269302368
vt 0.2708333432674408 0.4166666269302368
vt 0.2708333432674408 0.4166666269302368
vt 0.2916666567325592 0.4166666269302368
vt 0.2916666567325592 0.5
vt 0.2708333432674408 0.4166666269302368
vt 0.2916666567325592 0.5
vt 0.2708333432674408 0.5
vt 0.2916666567325592 0.5
vt 0.3125 0.5
vt 0.3125 0.5833333134651184
vt 0.2916666567325592 0.5
vt 0.3125 0.5833333134651184
vt 0.2916666567325592 0.5833333134651184
vt 0.2916666567325592 0.5833333134651184
vt 0.3125 0.5833333134651184
vt 0.3125 0.6666666865348816
vt 0.2916666567325592 0.5833333134651184
vt 0.3125 0.6666666865348816
vt 0.2916666567325592 0.6666666865348816
vt 0.2916666567325592 0.6666666865348816
vt 0.3125 0.6666666865348816
vt 0.3125 0.75
vt 0.2916666567325592 0.6666666865348816
vt 0.3125 0.75
vt 0.2916666567325592 0.75
vt 0.2916666567325592 0.75
vt 0.3125 0.75
vt 0.3125 0.8333333134651184
vt 0.2916666567325592 0.75
vt 0.3125 0.8333333134651184
vt 0.2916666567325592 0.8333333134651184
vt 0.2916666567325592 0.8333333134651184
vt 0.3125 0.8333333134651184
vt 0.3125 0.9166666865348816
vt 0.2916666567325592 0.8333333134651184
vt 0.3125 0.9166666865348816
vt 0.2916666567325592 0.9166666865348816
vt 0.2916666567325592 0.9166666865348816
vt 0.3125 0.9166666865348816
vt 0.3125 1
vt 0.2916666567325592 0.9166666865348816
vt 0.3125 1
vt 0.2916666567325592 1
vt 0.2916666567325592 0
vt 0.3125 0
vt 0.3125 0.08333331346511841
vt 0.2916666567325592 0
vt 0.3125 0.08333331346511841
vt 0.2916666567325592 0.08333331346511841
vt 0.2916666567325592 0.08333331346511841
vt 0.3125 0.08333331346511841
vt 0.3125 0.1666666865348816
vt 0.2916666567325592 0.08333331346511841
vt 0.3125 0.1666666865348816
vt 0.2916666567325592 0.1666666865348816
vt 0.2916666567325592 0.1666666865348816
vt 0.3125 0.1666666865348816
vt 0.3125 0.25
vt 0.2916666567325592 0.1666666865348816
vt 0.3125 0.25
vt 0.2916666567325592 0.25
vt 0.2916666567325592 0.25
vt 0.3125 0.25
vt 0.3125 0.3333333730697632
vt 0.2916666567325592 0.25
vt 0.3125 0.3333333730697632
vt 0.2916666567325592 0.3333333730697632
vt 0.2916666567325592 0.3333333730697632
vt 0.3125 0.3333333730697632
vt 0.3125 0.4166666269302368
vt 0.2916666567325592 0.3333333730697632
vt 0.3125 0.4166666269302368
vt 0.2916666567325592 0.4166666269302368
vt 0.2916666567325592 0.4166666269302368
vt 0.3125 0.4166666269302368
vt 0.3125 0.5
vt 0.2916666567325592 0.4166666269302368
vt 0.3125 0.5
vt 0.2916666567325592 0.5
vt 0.3125 0.5
vt 0.3333333432674408 0.5
vt 0.3333333432674408 0.5833333134651184
vt 0.3125 0.5
vt 0.3333333432674408 0.5833333134651184
vt 0.3125 0.5833333134651184
vt 0.3125 0.5833333134651184
vt 0.3333333432674408 0.5833333134651184
vt 0.3333333432674408 0.6666666865348816
vt 0.3125 0.5833333134651184
vt 0.3333333432674408 0.6666666865348816
vt 0.3125 0.6666666865348816
vt 0.3125 0.6666666865348816
vt 0.3333333432674408 0.6666666865348816
vt 0.3333333432674408 0.75
vt 0.3125 0.6666666865348816
vt 0.3333333432674408 0.75
vt 0.3125 0.75
vt 0.3125 0.75
vt 0.3333333432674408 0.75
vt 0.3333333432674408 0.8333333134651184
vt 0.3125 0.75
vt 0.3333333432674408 0.8333333134651184
vt 0.3125 0.8333333134651184
vt 0.3125 0.8333333134651184
vt 0.3333333432674408 0.8333333134651184
vt 0.3333333432674408 0.9166666865348816
vt 0.3125 0.8333333134651184
vt 0.3333333432674408 0.9166666865348816
vt 0.3125 0.9166666865348816
vt 0.3125 0.9166666865348816
vt 0.3333333432674408 0.9166666865348816
vt 0.3333333432674408 1
vt 0.3125 0.9166666865348816
vt 0.3333333432674408 1
vt 0.3125 1
vt 0.3125 0
vt 0.3333333432674408 0
vt 0.3333333432674408 0.08333331346511841
vt 0.3125 0
vt 0.3333333432674408 0.08333331346511841
vt 0.3125 0.08333331346511841
vt 0.3125 0.08333331346511841
vt 0.3333333432674408 0.08333331346511841
vt 0.3333333432674408 0.1666666865348816
vt 0.3125 0.08333331346511841
vt 0.3333333432674408 0.1666666865348816
vt 0.3125 0.1666666865348816
vt 0.3125 0.1666666865348816
vt 0.3333333432674408 0.1666666865348816
vt 0.3333333432674408 0.25
vt 0.3125 0.1666666865348816
vt 0.3333333432674408 0.25
vt 0.3125 0.25
vt 0.3125 0.25
vt 0.3333333432674408 0.25
vt 0.3333333432674408 0.3333333730697632
vt 0.3125 0.25
vt 0.3333333432674408 0.3333333730697632
vt 0.3125 0.3333333730697632
vt 0.3125 0.3333333730697632
vt 0.3333333432674408 0.3333333730697632
vt 0.3333333432674408 0.4166666269302368
vt 0.3125 0.3333333730697632
vt 0.3333333432674408 0.4166666269302368
vt 0.3125 0.4166666269302368
vt 0.3125 0.4166666269302368
vt 0.3333333432674408 0.4166666269302368
vt 0.3333333432674408 0.5
vt 0.3125 0.4166666269302368
vt 0.3333333432674408 0.5
vt 0.3125 0.5
vt 0.3333333432674408 0.5
vt 0.3541666567325592 0.5
vt 0.3541666567325592 0.5833333134651184
vt 0.3333333432674408 0.5
vt 0.3541666567325592 0.5833333134651184
vt 0.3333333432674408 0.5833333134651184
vt 0.3333333432674408 0.5833333134651184
vt 0.3541666567325592 0.5833333134651184
vt 0.3541666567325592 0.6666666865348816
vt 0.3333333432674408 0.5833333134651184
vt 0.3541666567325592 0.6666666865348816
vt 0.3333333432674408 0.6666666865348816
vt 0.3333333432674408 0.6666666865348816
vt 0.3541666567325592 0.6666666865348816
vt 0.3541666567325592 0.75
vt 0.3333333432674408 0.6666666865348816
vt 0.3541666567325592 0.75
vt 0.3333333432674408 0.75
vt 0.3333333432674408 0.75
vt 0.3541666567325592 0.75
vt 0.3541666567325592 0.8333333134651184
vt 0.3333333432674408 0.75
vt 0.3541666567325592 0.8333333134651184
vt 0.3333333432674408 0.8333333134651184
vt 0.3333333432674408 0.8333333134651184
vt 0.3541666567325592 0.8333333134651184
vt 0.3541666567325592 0.9166666865348816
vt 0.3333333432674408 0.8333333134651184
vt 0.3541666567325592 0.9166666865348816
vt 0.3333333432674408 0.9166666865348816
vt 0.3333333432674408 0.9166666865348816
vt 0.3541666567325592 0.9166666865348816
vt 0.3541666567325592 1
vt 0.3333333432674408 0.9166666865348816
vt 0.3541666567325592 1
vt 0.3333333432674408 1
vt 0.3333333432674408 0
vt 0.3541666567325592 0
vt 0.3541666567325592 0.08333331346511841
vt 0.3333333432674408 0
vt 0.3541666567325592 0.08333331346511841
vt 0.3333333432674408 0.08333331346511841
vt 0.3333333432674408 0.08333331346511841
vt 0.3541666567325592 0.08333331346511841
vt 0.3541666567325592 0.1666666865348816
vt 0.3333333432674408 0.08333331346511841
vt 0.3541666567325592 0.1666666865348816
vt 0.3333333432674408 0.1666666865348816
vt 0.3333333432674408 0.1666666865348816
vt 0.3541666567325592 0.1666666865348816
vt 0.3541666567325592 0.25
vt 0.3333333432674408 0.1666666865348816
vt 0.3541666567325592 0.25
vt 0.3333333432674408 0.25
vt 0.3333333432674408 0.25
vt 0.3541666567325592 0.25
vt 0.3541666567325592 0.3333333730697632
vt 0.3333333432674408 0.25
vt 0.3541666567325592 0.3333333730697632
vt 0.3333333432674408 0.3333333730697632
vt 0.3333333432674408 0.3333333730697632
vt 0.3541666567325592 0.3333333730697632
vt 0.3541666567325592 0.4166666269302368
vt 0.3333333432674408 0.3333333730697632
vt 0.3541666567325592 0.4166666269302368
vt 0.3333333432674408 0.4166666269302368
vt 0.3333333432674408 0.4166666269302368
vt 0.3541666567325592 0.4166666269302368
vt 0.3541666567325592 0.5
vt 0.3333333432674408 0.4166666269302368
vt 0.3541666567325592 0.5
vt 0.3333333432674408 0.5
vt 0.3541666567325592 0.5
vt 0.375 0.5
vt 0.375 0.5833333134651184
vt 0.3541666567325592 0.5
vt 0.375 0.5833333134651184
vt 0.3541666567325592 0.5833333134651184
vt 0.3541666567325592 0.5833333134651184
vt 0.375 0.5833333134651184
vt 0.375 0.6666666865348816
vt 0.3541666567325592 0.5833333134651184
vt 0.375 0.6666666865348816
vt 0.3541666567325592 0.6666666865348816
vt 0.3541666567325592 0.6666666865348816
vt 0.375 0.6666666865348816
vt 0.375 0.75
vt 0.3541666567325592 0.6666666865348816
vt 0.375 0.75
vt 0.3541666567325592 0.75
vt 0.3541666567325592 0.75
vt 0.375 0.75
vt 0.375 0.8333333134651184
vt 0.3541666567325592 0.75
vt 0.375 0.8333333134651184
vt 0.3541666567325592 0.8333333134651184
vt 0.3541666567325592 0.8333333134651184
vt 0.375 0.8333333134651184
vt 0.375 0.9166666865348816
vt 0.3541666567325592 0.8333333134651184
vt 0.375 0.9166666865348816
vt 0.3541666567325592 0.9166666865348816
vt 0.3541666567325592 0.9166666865348816
vt 0.375 0.9166666865348816
vt 0.375 1
vt 0.3541666567325592 0.9166666865348816
vt 0.375 1
vt 0.3541666567325592 1
vt 0.3541666567325592 0
vt 0.375 0
vt 0.375 0.08333331346511841
vt 0.3541666567325592 0
vt 0.375 0.08333331346511841
vt 0.3541666567325592 0.08333331346511841
vt 0.3541666567325592 0.08333331346511841
vt 0.375 0.08333331346511841
vt 0.375 0.1666666865348816
vt 0.3541666567325592 0.08333331346511841
vt 0.375 0.1666666865348816
vt 0.3541666567325592 0.1666666865348816
vt 0.3541666567325592 0.1666666865348816
vt 0.375 0.1666666865348816
vt 0.375 0.25
vt 0.3541666567325592 0.1666666865348816
vt 0.375 0.25
vt 0.3541666567325592 0.25
vt 0.3541666567325592 0.25
vt 0.375 0.25
vt 0.375 0.3333333730697632
vt 0.3541666567325592 0.25
vt 0.375 0.3333333730697632
vt 0.3541666567325592 0.3333333730697632
vt 0.3541666567325592 0.3333333730697632
vt 0.375 0.3333333730697632
vt 0.375 0.4166666269302368
vt 0.3541666567325592 0.3333333730697632
vt 0.375 0.4166666269302368
vt 0.3541666567325592 0.4166666269302368
vt 0.3541666567325592 0.4166666269302368
vt 0.375 0.4166666269302368
vt 0.375 0.5
vt 0.3541666567325592 0.4166666269302368
vt 0.375 0.5
vt 0.3541666567325592 0.5
vt 0.375 0.5
vt 0.3958333432674408 0.5
vt 0.3958333432674408 0.5833333134651184
vt 0.375 0.5
vt 0.3958333432674408 0.5833333134651184
vt 0.375 0.5833333134651184
vt 0.375 0.5833333134651184
vt 0.3958333432674408 0.5833333134651184
vt 0.3958333432674408 0.6666666865348816
vt 0.375 0.5833333134651184
vt 0.3958333432674408 0.6666666865348816
vt 0.375 0.6666666865348816
vt 0.375 0.6666666865348816
vt 0.3958333432674408 0.6666666865348816
vt 0.3958333432674408 0.75
vt 0.375 0.6666666865348816
vt 0.3958333432674408 0.75
vt 0.375 0.75
vt 0.375 0.75
vt 0.3958333432674408 0.75
vt 0.3958333432674408 0.8333333134651184
vt 0.375 0.75
vt 0.3958333432674408 0.8333333134651184
vt 0.375 0.8333333134651184
vt 0.375 0.8333333134651184
vt 0.3958333432674408 0.8333333134651184
vt 0.3958333432674408 0.9166666865348816
vt 0.375 0.8333333134651184
vt 0.3958333432674408 0.9166666865348816
vt 0.375 0.9166666865348816
vt 0.375 0.9166666865348816
vt 0.3958333432674408 0.9166666865348816
vt 0.3958333432674408 1
vt 0.375 0.9166666865348816
vt 0.3958333432674408 1
vt 0.375 1
vt 0.375 0
vt 0.3958333432674408 0
vt 0.3958333432674408 0.08333331346511841
vt 0.375 0
vt 0.3958333432674408 0.08333331346511841
vt 0.375 0.08333331346511841
vt 0.375 0.08333331346511841
vt 0.3958333432674408 0.08333331346511841
vt 0.3958333432674408 0.1666666865348816
vt 0.375 0.08333331346511841
vt 0.3958333432674408 0.1666666865348816
vt 0.375 0.1666666865348816
vt 0.375 0.1666666865348816
vt 0.3958333432674408 0.1666666865348816
vt 0.3958333432674408 0.25
vt 0.375 0.1666666865348816
vt 0.3958333432674408 0.25
vt 0.375 0.25
vt 0.375 0.25
vt 0.3958333432674408 0.25
vt 0.3958333432674408 0.3333333730697632
vt 0.375 0.25
vt 0.3958333432674408 0.3333333730697632
vt 0.375 0.3333333730697632
vt 0.375 0.3333333730697632
vt 0.3958333432674408 0.3333333730697632
vt 0.3958333432674408 0.4166666269302368
vt 0.375 0.3333333730697632
vt 0.3958333432674408 0.4166666269302368
vt 0.375 0.4166666269302368
vt 0.375 0.4166666269302368
vt 0.3958333432674408 0.4166666269302368
vt 0.3958333432674408 0.5
vt 0.375 0.4166666269302368
vt 0.3958333432674408 0.5
vt 0.375 0.5
vt 0.3958333432674408 0.5
vt 0.4166666567325592 0.5
vt 0.4166666567325592 0.5833333134651184
vt 0.3958333432674408 0.5
vt 0.4166666567325592 0.5833333134651184
vt 0.3958333432674408 0.5833333134651184
vt 0.3958333432674408 0.5833333134651184
vt 0.4166666567325592 0.5833333134651184
vt 0.4166666567325592 0.6666666865348816
vt 0.3958333432674408 0.5833333134651184
vt 0.4166666567325592 0.6666666865348816
vt 0.3958333432674408 0.6666666865348816
vt 0.3958333432674408 0.6666666865348816
vt 0.4166666567325592 0.6666666865348816
vt 0.4166666567325592 0.75
vt 0.3958333432674408 0.6666666865348816
vt 0.4166666567325592 0.75
vt 0.3958333432674408 0.75
vt 0.3958333432674408 0.75
vt 0.4166666567325592 0.75
vt 0.4166666567325592 0.8333333134651184
vt 0.3958333432674408 0.75
vt 0.4166666567325592 0.8333333134651184
vt 0.3958333432674408 0.8333333134651184
vt 0.3958333432674408 0.8333333134651184
vt 0.4166666567325592 0.8333333134651184
vt 0.4166666567325592 0.9166666865348816
vt 0.3958333432674408 0.8333333134651184
vt 0.4166666567325592 0.9166666865348816
vt 0.3958333432674408 0.9166666865348816
vt 0.3958333432674408 0.9166666865348816
vt 0.4166666567325592 0.9166666865348816
vt 0.4166666567325592 1
vt 0.3958333432674408 0.9166666865348816
vt 0.4166666567325592 1
vt 0.3958333432674408 1
vt 0.3958333432674408 0
vt 0.4166666567325592 0
vt 0.4166666567325592 0.08333331346511841
vt 0.3958333432674408 0
vt 0.4166666567325592 0.08333331346511841
vt 0.3958333432674408 0.08333331346511841
vt 0.3958333432674408 0.08333331346511841
vt 0.4166666567325592 0.08333331346511841
vt 0.4166666567325592 0.1666666865348816
vt 0.3958333432674408 0.08333331346511841
vt 0.4166666567325592 0.1666666865348816
vt 0.3958333432674408 0.1666666865348816
vt 0.3958333432674408 0.1666666865348816
vt 0.4166666567325592 0.1666666865348816
vt 0.4166666567325592 0.25
vt 0.3958333432674408 0.1666666865348816
vt 0.4166666567325592 0.25
vt 0.3958333432674408 0.25
vt 0.3958333432674408 0.25
vt 0.4166666567325592 0.25
vt 0.4166666567325592 0.3333333730697632
vt 0.3958333432674408 0.25
vt 0.4166666567325592 0.3333333730697632
vt 0.3958333432674408 0.3333333730697632
vt 0.3958333432674408 0.3333333730697632
vt 0.4166666567325592 0.3333333730697632
vt 0.4166666567325592 0.4166666269302368
vt 0.3958333432674408 0.3333333730697632
vt 0.4166666567325592 0.4166666269302368
vt 0.3958333432674408 0.4166666269302368
vt 0.3958333432674408 0.4166666269302368
vt 0.4166666567325592 0.4166666269302368
vt 0.4166666567325592 0.5
vt 0.3958333432674408 0.4166666269302368
vt 0.4166666567325592 0.5
vt 0.3958333432674408 0.5
vt 0.4166666567325592 0.5
vt 0.4375 0.5
vt 0.4375 0.5833333134651184
vt 0.4166666567325592 0.5
vt 0.4375 0.5833333134651184
vt 0.4166666567325592 0.5833333134651184
vt 0.4166666567325592 0.5833333134651184
vt 0.4375 0.5833333134651184
vt 0.4375 0.6666666865348816
vt 0.4166666567325592 0.5833333134651184
vt 0.4375 0.6666666865348816
vt 0.4166666567325592 0.6666666865348816
vt 0.4166666567325592 0.6666666865348816
vt 0.4375 0.6666666865348816
vt 0.4375 0.75
vt 0.4166666567325592 0.6666666865348816
vt 0.4375 0.75
vt 0.4166666567325592 0.75
vt 0.4166666567325592 0.75
vt 0.4375 0.75
vt 0.4375 0.8333333134651184
vt 0.4166666567325592 0.75
vt 0.4375 0.8333333134651184
vt 0.4166666567325592 0.8333333134651184
vt 0.4166666567325592 0.8333333134651184
vt 0.4375 0.8333333134651184
vt 0.4375 0.9166666865348816
vt 0.4166666567325592 0.8333333134651184
vt 0.4375 0.9166666865348816
vt 0.4166666567325592 0.9166666865348816
vt 0.4166666567325592 0.9166666865348816
vt 0.4375 0.9166666865348816
vt 0.4375 1
vt 0.4166666567325592 0.9166666865348816
vt 0.4375 1
vt 0.4166666567325592 1
vt 0.4166666567325592 0
vt 0.4375 0
vt 0.4375 0.08333331346511841
vt 0.4166666567325592 0
vt 0.4375 0.08333331346511841
vt 0.4166666567325592 0.08333331346511841
vt 0.4166666567325592 0.08333331346511841
vt 0.4375 0.08333331346511841
vt 0.4375 0.1666666865348816
vt 0.4166666567325592 0.08333331346511841
vt 0.4375 0.1666666865348816
vt 0.4166666567325592 0.1666666865348816
vt 0.4166666567325592 0.1666666865348816
vt 0.4375 0.1666666865348816
vt 0.4375 0.25
vt 0.4166666567325592 0.1666666865348816
vt 0.4375 0.25
vt 0.4166666567325592 0.25
vt 0.4166666567325592 0.25
vt 0.4375 0.25
vt 0.4375 0.3333333730697632
vt 0.4166666567325592 0.25
vt 0.4375 0.3333333730697632
vt 0.4166666567325592 0.3333333730697632
vt 0.4166666567325592 0.3333333730697632
vt 0.4375 0.3333333730697632
vt 0.4375 0.4166666269302368
vt 0.4166666567325592 0.3333333730697632
vt 0.4375 0.4166666269302368
vt 0.4166666567325592 0.4166666269302368
vt 0.4166666567325592 0.4166666269302368
vt 0.4375 0.4166666269302368
vt 0.4375 0.5
vt 0.4166666567325592 0.4166666269302368
vt 0.4375 0.5
vt 0.4166666567325592 0.5
vt 0.4375 0.5
vt 0.4583333432674408 0.5
vt 0.4583333432674408 0.5833333134651184
vt 0.4375 0.5
vt 0.4583333432674408 0.5833333134651184
vt 0.4375 0.5833333134651184
vt 0.4375 0.5833333134651184
vt 0.4583333432674408 0.5833333134651184
vt 0.4583333432674408 0.6666666865348816
vt 0.4375 0.5833333134651184
vt 0.4583333432674408 0.6666666865348816
vt 0.4375 0.6666666865348816
vt 0.4375 0.6666666865348816
vt 0.4583333432674408 0.6666666865348816
vt 0.4583333432674408 0.75
vt 0.4375 0.6666666865348816
vt 0.4583333432674408 0.75
vt 0.4375 0.75
vt 0.4375 0.75
vt 0.4583333432674408 0.75
vt 0.4583333432674408 0.8333333134651184
vt 0.4375 0.75
vt 0.4583333432674408 0.8333333134651184
vt 0.4375 0.8333333134651184
vt 0.4375 0.8333333134651184
vt 0.4583333432674408 0.8333333134651184
vt 0.4583333432674408 0.9166666865348816
vt 0.4375 0.8333333134651184
vt 0.4583333432674408 0.9166666865348816
vt 0.4375 0.9166666865348816
vt 0.4375 0.9166666865348816
vt 0.4583333432674408 0.9166666865348816
vt 0.4583333432674408 1
vt 0.4375 0.9166666865348816
vt 0.4583333432674408 1
vt 0.4375 1
vt 0.4375 0
vt 0.4583333432674408 0
vt 0.4583333432674408 0.08333331346511841
vt 0.4375 0
vt 0.4583333432674408 0.08333331346511841
vt 0.4375 0.08333331346511841
vt 0.4375 0.08333331346511841
vt 0.4583333432674408 0.08333331346511841
vt 0.4583333432674408 0.1666666865348816
vt 0.4375 0.08333331346511841
vt 0.4583333432674408 0.1666666865348816
vt 0.4375 0.1666666865348816
vt 0.4375 0.1666666865348816
vt 0.4583333432674408 0.1666666865348816
vt 0.4583333432674408 0.25
vt 0.4375 0.1666666865348816
vt 0.4583333432674408 0.25
vt 0.4375 0.25
vt 0.4375 0.25
vt 0.4583333432674408 0.25
vt 0.4583333432674408 0.3333333730697632
vt 0.4375 0.25
vt 0.4583333432674408 0.3333333730697632
vt 0.4375 0.3333333730697632
vt 0.4375 0.3333333730697632
vt 0.4583333432674408 0.3333333730697632
vt 0.4583333432674408 0.4166666269302368
vt 0.4375 0.3333333730697632
vt 0.4583333432674408 0.4166666269302368
vt 0.4375 0.4166666269302368
vt 0.4375 0.4166666269302368
vt 0.4583333432674408 0.4166666269302368
vt 0.4583333432674408 0.5
vt 0.4375 0.4166666269302368
vt 0.4583333432674408 0.5
vt 0.4375 0.5
vt 0.4583333432674408 0.5
vt 0.4791666567325592 0.5
vt 0.4791666567325592 0.5833333134651184
vt 0.4583333432674408 0.5
vt 0.4791666567325592 0.5833333134651184
vt 0.4583333432674408 0.5833333134651184
vt 0.4583333432674408 0.5833333134651184
vt 0.4791666567325592 0.5833333134651184
vt 0.4791666567325592 0.6666666865348816
vt 0.4583333432674408 0.5833333134651184
vt 0.4791666567325592 0.6666666865348816
vt 0.4583333432674408 0.6666666865348816
vt 0.4583333432674408 0.6666666865348816
vt 0.4791666567325592 0.6666666865348816
vt 0.4791666567325592 0.75
vt 0.4583333432674408 0.6666666865348816
vt 0.4791666567325592 0.75
vt 0.4583333432674408 0.75
vt 0.4583333432674408 0.75
vt 0.4791666567325592 0.75
vt 0.4791666567325592 0.8333333134651184
vt 0.4583333432674408 0.75
vt 0.4791666567325592 0.8333333134651184
vt 0.4583333432674408 0.8333333134651184
vt 0.4583333432674408 0.8333333134651184
vt 0.4791666567325592 0.8333333134651184
vt 0.4791666567325592 0.9166666865348816
vt 0.4583333432674408 0.8333333134651184
vt 0.4791666567325592 0.9166666865348816
vt 0.4583333432674408 0.9166666865348816
vt 0.4583333432674408 0.9166666865348816
vt 0.4791666567325592 0.9166666865348816
vt 0.4791666567325592 1
vt 0.4583333432674408 0.9166666865348816
vt 0.4791666567325592 1
vt 0.4583333432674408 1
vt 0.4583333432674408 0
vt 0.4791666567325592 0
vt 0.4791666567325592 0.08333331346511841
vt 0.4583333432674408 0
vt 0.4791666567325592 0.08333331346511841
vt 0.4583333432674408 0.08333331346511841
vt 0.4583333432674408 0.08333331346511841
vt 0.4791666567325592 0.08333331346511841
vt 0.4791666567325592 0.1666666865348816
vt 0.4583333432674408 0.08333331346511841
vt 0.4791666567325592 0.1666666865348816
vt 0.4583333432674408 0.1666666865348816
vt 0.4583333432674408 0.1666666865348816
vt 0.4791666567325592 0.1666666865348816
vt 0.4791666567325592 0.25
vt 0.4583333432674408 0.1666666865348816
vt 0.4791666567325592 0.25
vt 0.4583333432674408 0.25
vt 0.4583333432674408 0.25
vt 0.4791666567325592 0.25
vt 0.4791666567325592 0.3333333730697632
vt 0.4583333432674408 0.25
vt 0.4791666567325592 0.3333333730697632
vt 0.4583333432674408 0.3333333730697632
vt 0.4583333432674408 0.3333333730697632
vt 0.4791666567325592 0.3333333730697632
vt 0.4791666567325592 0.4166666269302368
vt 0.4583333432674408 0.3333333730697632
vt 0.4791666567325592 0.4166666269302368
vt 0.4583333432674408 0.4166666269302368
vt 0.4583333432674408 0.4166666269302368
vt 0.4791666567325592 0.4166666269302368
vt 0.4791666567325592 0.5
vt 0.4583333432674408 0.4166666269302368
vt 0.4791666567325592 0.5
vt 0.4583333432674408 0.5
vt 0.4791666567325592 0.5
vt 0.5 0.5
vt 0.5 0.5833333134651184
vt 0.4791666567325592 0.5
vt 0.5 0.5833333134651184
vt 0.4791666567325592 0.5833333134651184
vt 0.4791666567325592 0.5833333134651184
vt 0.5 0.5833333134651184
vt 0.5 0.6666666865348816
vt 0.4791666567325592 0.5833333134651184
vt 0.5 0.6666666865348816
vt 0.4791666567325592 0.6666666865348816
vt 0.4791666567325592 0.6666666865348816
vt 0.5 0.6666666865348816
vt 0.5 0.75
vt 0.4791666567325592 0.6666666865348816
vt 0.5 0.75
vt 0.4791666567325592 0.75
vt 0.4791666567325592 0.75
vt 0.5 0.75
vt 0.5 0.8333333134651184
vt 0.4791666567325592 0.75
vt 0.5 0.8333333134651184
vt 0.4791666567325592 0.8333333134651184
vt 0.4791666567325592 0.8333333134651184
vt 0.5 0.8333333134651184
vt 0.5 0.9166666865348816
vt 0.4791666567325592 0.8333333134651184
vt 0.5 0.9166666865348816
vt 0.4791666567325592 0.9166666865348816
vt 0.4791666567325592 0.9166666865348816
vt 0.5 0.9166666865348816
vt 0.5 1
vt 0.4791666567325592 0.9166666865348816
vt 0.5 1
vt 0.4791666567325592 1
vt 0.4791666567325592 0
vt 0.5 0
vt 0.5 0.08333331346511841
vt 0.4791666567325592 0
vt 0.5 0.08333331346511841
vt 0.4791666567325592 0.08333331346511841
vt 0.4791666567325592 0.08333331346511841
vt 0.5 0.08333331346511841
vt 0.5 0.1666666865348816
vt 0.4791666567325592 0.08333331346511841
vt 0.5 0.1666666865348816
vt 0.4791666567325592 0.1666666865348816
vt 0.4791666567325592 0.1666666865348816
vt 0.5 0.1666666865348816
vt 0.5 0.25
vt 0.4791666567325592 0.1666666865348816
vt 0.5 0.25
vt 0.4791666567325592 0.25
vt 0.4791666567325592 0.25
vt 0.5 0.25
vt 0.5 0.3333333730697632
vt 0.4791666567325592 0.25
vt 0.5 0.3333333730697632
vt 0.4791666567325592 0.3333333730697632
vt 0.4791666567325592 0.3333333730697632
vt 0.5 0.3333333730697632
vt 0.5 0.4166666269302368
vt 0.4791666567325592 0.3333333730697632
vt 0.5 0.4166666269302368
vt 0.4791666567325592 0.4166666269302368
vt 0.4791666567325592 0.4166666269302368
vt 0.5 0.4166666269302368
vt 0.5 0.5
vt 0.4791666567325592 0.4166666269302368
vt 0.5 0.5
vt 0.4791666567325592 0.5
vn 1 0 0
vn 0.9914482708260455 -2.1261196099535358e-8 -0.13050029224505183
vn 0.8612439132434678 0.4953830663924111 -0.11337786129897745
vn 1 0 0
vn 0.8612439132434678 0.4953830663924111 -0.11337786129897745
vn 0.8686710276937794 0.4953893879015039 -8.070917498042635e-8
vn 0.8686710276937794 0.4953893879015039 -8.070917498042635e-8
vn 0.8612439132434678 0.4953830663924111 -0.11337786129897745
vn 0.5036505904993616 0.8613606323765653 -0.06628682886884815
vn 0.8686710276937794 0.4953893879015039 -8.070917498042635e-8
vn 0.5036505904993616 0.8613606323765653 -0.06628682886884815
vn 0.5079867673478533 0.8613648728613549 -1.4033414914326374e-7
vn 0.5079867673478533 0.8613648728613549 -1.4033414914326374e-7
vn 0.5036505904993616 0.8613606323765653 -0.06628682886884815
vn 0.010681510779822028 0.9999419653457249 -0.0014040185145945882
vn 0.5079867673478533 0.8613648728613549 -1.4033414914326374e-7
vn 0.010681510779822028 0.9999419653457249 -0.0014040185145945882
vn 0.010773066334277123 0.9999419688370574 -1.6291122358315077e-7
vn 0.010773066334277123 0.9999419688370574 -1.6291122358315077e-7
vn 0.010681510779822028 0.9999419653457249 -0.0014040185145945882
vn -0.48761356610532136 0.8706971770274011 0.06418283311420446
vn 0.010773066334277123 0.9999419688370574 -1.6291122358315077e-7
vn -0.48761356610532136 0.8706971770274011 0.06418283311420446
vn -0.4918239275661813 0.8706946791346296 -1.4185416750747006e-7
vn -0.4918239275661813 0.8706946791346296 -1.4185416750747006e-7
vn -0.48761356610532136 0.8706971770274011 0.06418283311420446
vn -0.8558987609847492 0.5047193382326043 0.11267519939548985
vn -0.4918239275661813 0.8706946791346296 -1.4185416750747006e-7
vn -0.8558987609847492 0.5047193382326043 0.11267519939548985
vn -0.8632836985973861 0.5047189868986607 -8.2229159575067e-8
vn -0.8632836985973861 0.5047189868986607 -8.2229159575067e-8
vn -0.8558987609847492 0.5047193382326043 0.11267519939548985
vn -0.9914482708260455 2.1261196099535358e-8 0.13050029224505183
vn -0.8632836985973861 0.5047189868986607 -8.2229159575067e-8
vn -0.9914482708260455 2.1261196099535358e-8 0.13050029224505183
vn -1 0 0
vn -1 0 0
vn -0.9914482708260455 2.1261196099535358e-8 0.13050029224505183
vn -0.8558987609847492 -0.5047193015183377 0.11267536385391749
vn -1 0 0
vn -0.8558987609847492 -0.5047193015183377 0.11267536385391749
vn -0.8632836985973861 -0.5047189868986607 8.2229159575067e-8
vn -0.8632836985973861 -0.5047189868986607 8.2229159575067e-8
vn -0.8558987609847492 -0.5047193015183377 0.11267536385391749
vn -0.48761356610532136 -0.8706971561139335 0.06418311682335
vn -0.8632836985973861 -0.5047189868986607 8.2229159575067e-8
vn -0.48761356610532136 -0.8706971561139335 0.06418311682335
vn -0.4918239275661813 -0.8706946791346296 1.4185416750747006e-7
vn -0.4918239275661813 -0.8706946791346296 1.4185416750747006e-7
vn -0.48761356610532136 -0.8706971561139335 0.06418311682335
vn 0.01068151077982203 -0.9999419658031591 -0.0014036926921484852
vn -0.4918239275661813 -0.8706946791346296 1.4185416750747006e-7
vn 0.01068151077982203 -0.9999419658031591 -0.0014036926921484852
vn 0.010773066334277123 -0.9999419688370574 1.6291122358315077e-7
vn 0.010773066334277123 -0.9999419688370574 1.6291122358315077e-7
vn 0.01068151077982203 -0.9999419658031591 -0.0014036926921484852
vn 0.5036505904993616 -0.8613606539755099 -0.06628654820192807
vn 0.010773066334277123 -0.9999419688370574 1.6291122358315077e-7
vn 0.5036505904993616 -0.8613606539755099 -0.06628654820192807
vn 0.5079867673478533 -0.8613648728613549 1.4033414914326374e-7
vn 0.5079867673478533 -0.8613648728613549 1.4033414914326374e-7
vn 0.5036505904993616 -0.8613606539755099 -0.06628654820192807
vn 0.8612439132434678 -0.4953831033355809 -0.11337769988268127
vn 0.5079867673478533 -0.8613648728613549 1.4033414914326374e-7
vn 0.8612439132434678 -0.4953831033355809 -0.11337769988268127
vn 0.8686710276937794 -0.4953893879015039 8.070917498042635e-8
vn 0.8686710276937794 -0.4953893879015039 8.070917498042635e-8
vn 0.8612439132434678 -0.4953831033355809 -0.11337769988268127
vn 0.9914482708260455 -2.1261196099535358e-8 -0.13050029224505183
vn 0.8686710276937794 -0.4953893879015039 8.070917498042635e-8
vn 0.9914482708260455 -2.1261196099535358e-8 -0.13050029224505183
vn 1 0 0
vn 0.9914482708260455 -2.1261196099535358e-8 -0.13050029224505183
vn 0.9659303426195032 -4.216422817050693e-8 -0.25880218933959465
vn 0.8390748713927585 0.49539381302615687 -0.22480731796947967
vn 0.9914482708260455 -2.1261196099535358e-8 -0.13050029224505183
vn 0.8390748713927585 0.49539381302615687 -0.22480731796947967
vn 0.8612439132434678 0.4953830663924111 -0.11337786129897745
vn 0.8612439132434678 0.4953830663924111 -0.11337786129897745
vn 0.8390748713927585 0.49539381302615687 -0.22480731796947967
vn 0.490681424097373 0.8613628854116101 -0.13147516754565938
vn 0.8612439132434678 0.4953830663924111 -0.11337786129897745
vn 0.490681424097373 0.8613628854116101 -0.13147516754565938
vn 0.5036505904993616 0.8613606323765653 -0.06628682886884815
vn 0.5036505904993616 0.8613606323765653 -0.06628682886884815
vn 0.490681424097373 0.8613628854116101 -0.13147516754565938
vn 0.010406843552299545 0.999941990268784 -0.0027773556813769037
vn 0.5036505904993616 0.8613606323765653 -0.06628682886884815
vn 0.010406843552299545 0.999941990268784 -0.0027773556813769037
vn 0.010681510779822028 0.9999419653457249 -0.0014040185145945882
vn 0.010681510779822028 0.9999419653457249 -0.0014040185145945882
vn 0.010406843552299545 0.999941990268784 -0.0027773556813769037
vn -0.4750676732439306 0.8706929310600157 0.12729699776788478
vn 0.010681510779822028 0.9999419653457249 -0.0014040185145945882
vn -0.4750676732439306 0.8706929310600157 0.12729699776788478
vn -0.48761356610532136 0.8706971770274011 0.06418283311420446
vn -0.48761356610532136 0.8706971770274011 0.06418283311420446
vn -0.4750676732439306 0.8706929310600157 0.12729699776788478
vn -0.8338679125893497 0.5047215853255748 0.22342879326604045
vn -0.48761356610532136 0.8706971770274011 0.06418283311420446
vn -0.8338679125893497 0.5047215853255748 0.22342879326604045
vn -0.8558987609847492 0.5047193382326043 0.11267519939548985
vn -0.8558987609847492 0.5047193382326043 0.11267519939548985
vn -0.8338679125893497 0.5047215853255748 0.22342879326604045
vn -0.9659303426195032 4.216422817050693e-8 0.25880218933959465
vn -0.8558987609847492 0.5047193382326043 0.11267519939548985
vn -0.9659303426195032 4.216422817050693e-8 0.25880218933959465
vn -0.9914482708260455 2.1261196099535358e-8 0.13050029224505183
vn -0.9914482708260455 2.1261196099535358e-8 0.13050029224505183
vn -0.9659303426195032 4.216422817050693e-8 0.25880218933959465
vn -0.8338679125893497 -0.5047215125232071 0.2234289577251944
vn -0.9914482708260455 2.1261196099535358e-8 0.13050029224505183
vn -0.8338679125893497 -0.5047215125232071 0.2234289577251944
vn -0.8558987609847492 -0.5047193015183377 0.11267536385391749
vn -0.8558987609847492 -0.5047193015183377 0.11267536385391749
vn -0.8338679125893497 -0.5047215125232071 0.2234289577251944
vn -0.4750676732439306 -0.870692889581343 0.12729728147564345
vn -0.8558987609847492 -0.5047193015183377 0.11267536385391749
vn -0.4750676732439306 -0.870692889581343 0.12729728147564345
vn -0.48761356610532136 -0.8706971561139335 0.06418311682335
vn -0.48761356610532136 -0.8706971561139335 0.06418311682335
vn -0.4750676732439306 -0.870692889581343 0.12729728147564345
vn 0.010406843552299544 -0.9999419911737082 -0.002777029858922606
vn -0.48761356610532136 -0.8706971561139335 0.06418311682335
vn 0.010406843552299544 -0.9999419911737082 -0.002777029858922606
vn 0.01068151077982203 -0.9999419658031591 -0.0014036926921484852
vn 0.01068151077982203 -0.9999419658031591 -0.0014036926921484852
vn 0.010406843552299544 -0.9999419911737082 -0.002777029858922606
vn 0.49068142409737303 -0.8613629282516113 -0.13147488687800168
vn 0.01068151077982203 -0.9999419658031591 -0.0014036926921484852
vn 0.49068142409737303 -0.8613629282516113 -0.13147488687800168
vn 0.5036505904993616 -0.8613606539755099 -0.06628654820192807
vn 0.5036505904993616 -0.8613606539755099 -0.06628654820192807
vn 0.49068142409737303 -0.8613629282516113 -0.13147488687800168
vn 0.8390748713927584 -0.4953938862776519 -0.2248071565496759
vn 0.5036505904993616 -0.8613606539755099 -0.06628654820192807
vn 0.8390748713927584 -0.4953938862776519 -0.2248071565496759
vn 0.8612439132434678 -0.4953831033355809 -0.11337769988268127
vn 0.8612439132434678 -0.4953831033355809 -0.11337769988268127
vn 0.8390748713927584 -0.4953938862776519 -0.2248071565496759
vn 0.9659303426195032 -4.216422817050693e-8 -0.25880218933959465
vn 0.8612439132434678 -0.4953831033355809 -0.11337769988268127
vn 0.9659303426195032 -4.216422817050693e-8 -0.25880218933959465
vn 0.9914482708260455 -2.1261196099535358e-8 -0.13050029224505183
vn 0.9659303426195032 -4.216422817050693e-8 -0.25880218933959465
vn 0.9238803165815193 -6.234673588752032e-8 -0.3826815394466105
vn 0.8025566876864015 0.49538343628518866 -0.3324124156888694
vn 0.9659303426195032 -4.216422817050693e-8 -0.25880218933959465
vn 0.8025566876864015 0.49538343628518866 -0.3324124156888694
vn 0.8390748713927585 0.49539381302615687 -0.22480731796947967
vn 0.8390748713927585 0.49539381302615687 -0.22480731796947967
vn 0.8025566876864015 0.49538343628518866 -0.3324124156888694
vn 0.4693185191939811 0.8613633381950105 -0.1944050594895024
vn 0.8390748713927585 0.49539381302615687 -0.22480731796947967
vn 0.4693185191939811 0.8613633381950105 -0.1944050594895024
vn 0.490681424097373 0.8613628854116101 -0.13147516754565938
vn 0.490681424097373 0.8613628854116101 -0.13147516754565938
vn 0.4693185191939811 0.8613633381950105 -0.1944050594895024
vn 0.009949064364298071 0.9999420184610103 -0.004120174073467321
vn 0.490681424097373 0.8613628854116101 -0.13147516754565938
vn 0.009949064364298071 0.9999420184610103 -0.004120174073467321
vn 0.010406843552299545 0.999941990268784 -0.0027773556813769037
vn 0.010406843552299545 0.999941990268784 -0.0027773556813769037
vn 0.009949064364298071 0.9999420184610103 -0.004120174073467321
vn -0.4543781780924469 0.8706982855192184 0.18821521422903678
vn 0.010406843552299545 0.999941990268784 -0.0027773556813769037
vn -0.4543781780924469 0.8706982855192184 0.18821521422903678
vn -0.4750676732439306 0.8706929310600157 0.12729699776788478
vn -0.4750676732439306 0.8706929310600157 0.12729699776788478
vn -0.4543781780924469 0.8706982855192184 0.18821521422903678
vn -0.797561222677729 0.5047284271473672 0.33037147411686585
vn -0.4750676732439306 0.8706929310600157 0.12729699776788478
vn -0.797561222677729 0.5047284271473672 0.33037147411686585
vn -0.8338679125893497 0.5047215853255748 0.22342879326604045
vn -0.8338679125893497 0.5047215853255748 0.22342879326604045
vn -0.797561222677729 0.5047284271473672 0.33037147411686585
vn -0.9238803165815193 6.234673588752032e-8 0.3826815394466105
vn -0.8338679125893497 0.5047215853255748 0.22342879326604045
vn -0.9238803165815193 6.234673588752032e-8 0.3826815394466105
vn -0.9659303426195032 4.216422817050693e-8 0.25880218933959465
vn -0.9659303426195032 4.216422817050693e-8 0.25880218933959465
vn -0.9238803165815193 6.234673588752032e-8 0.3826815394466105
vn -0.797561222677729 -0.5047283194986513 0.3303716385782435
vn -0.9659303426195032 4.216422817050693e-8 0.25880218933959465
vn -0.797561222677729 -0.5047283194986513 0.3303716385782435
vn -0.8338679125893497 -0.5047215125232071 0.2234289577251944
vn -0.8338679125893497 -0.5047215125232071 0.2234289577251944
vn -0.797561222677729 -0.5047283194986513 0.3303716385782435
vn -0.45437817809244696 -0.8706982241908715 0.18821549793853695
vn -0.8338679125893497 -0.5047215125232071 0.2234289577251944
vn -0.45437817809244696 -0.8706982241908715 0.18821549793853695
vn -0.4750676732439306 -0.870692889581343 0.12729728147564345
vn -0.4750676732439306 -0.870692889581343 0.12729728147564345
vn -0.45437817809244696 -0.8706982241908715 0.18821549793853695
vn 0.009949064364298071 -0.9999420198034803 -0.004119848251003766
vn -0.4750676732439306 -0.870692889581343 0.12729728147564345
vn 0.009949064364298071 -0.9999420198034803 -0.004119848251003766
vn 0.010406843552299544 -0.9999419911737082 -0.002777029858922606
vn 0.010406843552299544 -0.9999419911737082 -0.002777029858922606
vn 0.009949064364298071 -0.9999420198034803 -0.004119848251003766
vn 0.4693185191939811 -0.8613634015401729 -0.19440477882169388
vn 0.010406843552299544 -0.9999419911737082 -0.002777029858922606
vn 0.4693185191939811 -0.8613634015401729 -0.19440477882169388
vn 0.49068142409737303 -0.8613629282516113 -0.13147488687800168
vn 0.49068142409737303 -0.8613629282516113 -0.13147488687800168
vn 0.4693185191939811 -0.8613634015401729 -0.19440477882169388
vn 0.8025566876864018 -0.4953835445988748 -0.3324122542724412
vn 0.49068142409737303 -0.8613629282516113 -0.13147488687800168
vn 0.8025566876864018 -0.4953835445988748 -0.3324122542724412
vn 0.8390748713927584 -0.4953938862776519 -0.2248071565496759
vn 0.8390748713927584 -0.4953938862776519 -0.2248071565496759
vn 0.8025566876864018 -0.4953835445988748 -0.3324122542724412
vn 0.9238803165815193 -6.234673588752032e-8 -0.3826815394466105
vn 0.8390748713927584 -0.4953938862776519 -0.2248071565496759
vn 0.9238803165815193 -6.234673588752032e-8 -0.3826815394466105
vn 0.9659303426195032 -4.216422817050693e-8 -0.25880218933959465
vn 0.9238803165815193 -6.234673588752032e-8 -0.3826815394466105
vn 0.8660315843665726 -8.145859492562417e-8 -0.4999892947649152
vn 0.752300383533656 0.4953889653113247 -0.43432005017370434
vn 0.9238803165815193 -6.234673588752032e-8 -0.3826815394466105
vn 0.752300383533656 0.4953889653113247 -0.43432005017370434
vn 0.8025566876864015 0.49538343628518866 -0.3324124156888694
vn 0.8025566876864015 0.49538343628518866 -0.3324124156888694
vn 0.752300383533656 0.4953889653113247 -0.43432005017370434
vn 0.43993131222769744 0.861368097144143 -0.2539792151808775
vn 0.8025566876864015 0.49538343628518866 -0.3324124156888694
vn 0.43993131222769744 0.861368097144143 -0.2539792151808775
vn 0.4693185191939811 0.8613633381950105 -0.1944050594895024
vn 0.4693185191939811 0.8613633381950105 -0.1944050594895024
vn 0.43993131222769744 0.861368097144143 -0.2539792151808775
vn 0.009308175642843367 0.9999422510900557 -0.005371438462285717
vn 0.4693185191939811 0.8613633381950105 -0.1944050594895024
vn 0.009308175642843367 0.9999422510900557 -0.005371438462285717
vn 0.009949064364298071 0.9999420184610103 -0.004120174073467321
vn 0.009949064364298071 0.9999420184610103 -0.004120174073467321
vn 0.009308175642843367 0.9999422510900557 -0.005371438462285717
vn -0.4259336148367293 0.8706979857069042 0.24589748562776403
vn 0.009949064364298071 0.9999420184610103 -0.004120174073467321
vn -0.4259336148367293 0.8706979857069042 0.24589748562776403
vn -0.4543781780924469 0.8706982855192184 0.18821521422903678
vn -0.4543781780924469 0.8706982855192184 0.18821521422903678
vn -0.4259336148367293 0.8706979857069042 0.24589748562776403
vn -0.7476270288567191 0.5047253731697154 0.43163193047035575
vn -0.4543781780924469 0.8706982855192184 0.18821521422903678
vn -0.7476270288567191 0.5047253731697154 0.43163193047035575
vn -0.797561222677729 0.5047284271473672 0.33037147411686585
vn -0.797561222677729 0.5047284271473672 0.33037147411686585
vn -0.7476270288567191 0.5047253731697154 0.43163193047035575
vn -0.8660315843665726 8.145859492562417e-8 0.4999892947649152
vn -0.797561222677729 0.5047284271473672 0.33037147411686585
vn -0.8660315843665726 8.145859492562417e-8 0.4999892947649152
vn -0.9238803165815193 6.234673588752032e-8 0.3826815394466105
vn -0.9238803165815193 6.234673588752032e-8 0.3826815394466105
vn -0.8660315843665726 8.145859492562417e-8 0.4999892947649152
vn -0.7476270288567191 -0.5047252325261551 0.431632094930733
vn -0.9238803165815193 6.234673588752032e-8 0.3826815394466105
vn -0.7476270288567191 -0.5047252325261551 0.431632094930733
vn -0.797561222677729 -0.5047283194986513 0.3303716385782435
vn -0.797561222677729 -0.5047283194986513 0.3303716385782435
vn -0.7476270288567191 -0.5047252325261551 0.431632094930733
vn -0.4259336148367293 -0.8706979055832876 0.24589776933716342
vn -0.797561222677729 -0.5047283194986513 0.3303716385782435
vn -0.4259336148367293 -0.8706979055832876 0.24589776933716342
vn -0.45437817809244696 -0.8706982241908715 0.18821549793853695
vn -0.45437817809244696 -0.8706982241908715 0.18821549793853695
vn -0.4259336148367293 -0.8706979055832876 0.24589776933716342
vn 0.009308175642843367 -0.9999422528402393 -0.005371112639746296
vn -0.45437817809244696 -0.8706982241908715 0.18821549793853695
vn 0.009308175642843367 -0.9999422528402393 -0.005371112639746296
vn 0.009949064364298071 -0.9999420198034803 -0.004119848251003766
vn 0.009949064364298071 -0.9999420198034803 -0.004119848251003766
vn 0.009308175642843367 -0.9999422528402393 -0.005371112639746296
vn 0.4399313122276974 -0.8613681799010291 -0.2539789345115151
vn 0.009949064364298071 -0.9999420198034803 -0.004119848251003766
vn 0.4399313122276974 -0.8613681799010291 -0.2539789345115151
vn 0.4693185191939811 -0.8613634015401729 -0.19440477882169388
vn 0.4693185191939811 -0.8613634015401729 -0.19440477882169388
vn 0.4399313122276974 -0.8613681799010291 -0.2539789345115151
vn 0.752300383533656 -0.4953891068307326 -0.434319888755469
vn 0.4693185191939811 -0.8613634015401729 -0.19440477882169388
vn 0.752300383533656 -0.4953891068307326 -0.434319888755469
vn 0.8025566876864018 -0.4953835445988748 -0.3324122542724412
vn 0.8025566876864018 -0.4953835445988748 -0.3324122542724412
vn 0.752300383533656 -0.4953891068307326 -0.434319888755469
vn 0.8660315843665726 -8.145859492562417e-8 -0.4999892947649152
vn 0.8025566876864018 -0.4953835445988748 -0.3324122542724412
vn 0.8660315843665726 -8.145859492562417e-8 -0.4999892947649152
vn 0.9238803165815193 -6.234673588752032e-8 -0.3826815394466105
vn 0.8660315843665726 -8.145859492562417e-8 -0.4999892947649152
vn 0.7933484117927201 -9.918087121228208e-8 -0.6087678518991938
vn 0.6891615570462706 0.4953929645579914 -0.5288120261075808
vn 0.8660315843665726 -8.145859492562417e-8 -0.4999892947649152
vn 0.6891615570462706 0.4953929645579914 -0.5288120261075808
vn 0.752300383533656 0.4953889653113247 -0.43432005017370434
vn 0.752300383533656 0.4953889653113247 -0.43432005017370434
vn 0.6891615570462706 0.4953929645579914 -0.5288120261075808
vn 0.4030030082579545 0.8613673523016647 -0.3092488637389936
vn 0.752300383533656 0.4953889653113247 -0.43432005017370434
vn 0.4030030082579545 0.8613673523016647 -0.3092488637389936
vn 0.43993131222769744 0.861368097144143 -0.2539792151808775
vn 0.43993131222769744 0.861368097144143 -0.2539792151808775
vn 0.4030030082579545 0.8613673523016647 -0.3092488637389936
vn 0.008545207843043866 0.9999419603213742 -0.006561662256363547
vn 0.43993131222769744 0.861368097144143 -0.2539792151808775
vn 0.008545207843043866 0.9999419603213742 -0.006561662256363547
vn 0.009308175642843367 0.9999422510900557 -0.005371438462285717
vn 0.009308175642843367 0.9999422510900557 -0.005371438462285717
vn 0.008545207843043866 0.9999419603213742 -0.006561662256363547
vn -0.3901937212245844 0.8706950824046829 0.29939761754765803
vn 0.009308175642843367 0.9999422510900557 -0.005371438462285717
vn -0.3901937212245844 0.8706950824046829 0.29939761754765803
vn -0.4259336148367293 0.8706979857069042 0.24589748562776403
vn -0.4259336148367293 0.8706979857069042 0.24589748562776403
vn -0.3901937212245844 0.8706950824046829 0.29939761754765803
vn -0.6848799147086932 0.5047255094913069 0.5255394014699126
vn -0.4259336148367293 0.8706979857069042 0.24589748562776403
vn -0.6848799147086932 0.5047255094913069 0.5255394014699126
vn -0.7476270288567191 0.5047253731697154 0.43163193047035575
vn -0.7476270288567191 0.5047253731697154 0.43163193047035575
vn -0.6848799147086932 0.5047255094913069 0.5255394014699126
vn -0.7933484117927201 9.918087121228208e-8 0.6087678518991938
vn -0.7476270288567191 0.5047253731697154 0.43163193047035575
vn -0.7933484117927201 9.918087121228208e-8 0.6087678518991938
vn -0.8660315843665726 8.145859492562417e-8 0.4999892947649152
vn -0.8660315843665726 8.145859492562417e-8 0.4999892947649152
vn -0.7933484117927201 9.918087121228208e-8 0.6087678518991938
vn -0.6848799147086932 -0.5047253382488088 0.5255395659303291
vn -0.8660315843665726 8.145859492562417e-8 0.4999892947649152
vn -0.6848799147086932 -0.5047253382488088 0.5255395659303291
vn -0.7476270288567191 -0.5047252325261551 0.431632094930733
vn -0.7476270288567191 -0.5047252325261551 0.431632094930733
vn -0.6848799147086932 -0.5047253382488088 0.5255395659303291
vn -0.3901937212245844 -0.8706949848485109 0.2993979012561086
vn -0.7476270288567191 -0.5047252325261551 0.431632094930733
vn -0.3901937212245844 -0.8706949848485109 0.2993979012561086
vn -0.4259336148367293 -0.8706979055832876 0.24589776933716342
vn -0.4259336148367293 -0.8706979055832876 0.24589776933716342
vn -0.3901937212245844 -0.8706949848485109 0.2993979012561086
vn 0.008545207843043865 -0.999941962459382 -0.006561336433918806
vn -0.4259336148367293 -0.8706979055832876 0.24589776933716342
vn 0.008545207843043865 -0.999941962459382 -0.006561336433918806
vn 0.009308175642843367 -0.9999422528402393 -0.005371112639746296
vn 0.009308175642843367 -0.9999422528402393 -0.005371112639746296
vn 0.008545207843043865 -0.999941962459382 -0.006561336433918806
vn 0.4030030082579545 -0.8613674530676881 -0.30924858306987096
vn 0.009308175642843367 -0.9999422528402393 -0.005371112639746296
vn 0.4030030082579545 -0.8613674530676881 -0.30924858306987096
vn 0.4399313122276974 -0.8613681799010291 -0.2539789345115151
vn 0.4399313122276974 -0.8613681799010291 -0.2539789345115151
vn 0.4030030082579545 -0.8613674530676881 -0.30924858306987096
vn 0.6891615570462706 -0.49539313686679287 -0.5288118646880374
vn 0.4399313122276974 -0.8613681799010291 -0.2539789345115151
vn 0.6891615570462706 -0.49539313686679287 -0.5288118646880374
vn 0.752300383533656 -0.4953891068307326 -0.434319888755469
vn 0.752300383533656 -0.4953891068307326 -0.434319888755469
vn 0.6891615570462706 -0.49539313686679287 -0.5288118646880374
vn 0.7933484117927201 -9.918087121228208e-8 -0.6087678518991938
vn 0.752300383533656 -0.4953891068307326 -0.434319888755469
vn 0.7933484117927201 -9.918087121228208e-8 -0.6087678518991938
vn 0.8660315843665726 -8.145859492562417e-8 -0.4999892947649152
vn 0.7933484117927201 -9.918087121228208e-8 -0.6087678518991938
vn 0.7071067811865521 -1.1520231625142716e-7 -0.7071067811865334
vn 0.6142403126265049 0.49539638426004123 -0.6142403933368198
vn 0.7933484117927201 -9.918087121228208e-8 -0.6087678518991938
vn 0.6142403126265049 0.49539638426004123 -0.6142403933368198
vn 0.6891615570462706 0.4953929645579914 -0.5288120261075808
vn 0.6891615570462706 0.4953929645579914 -0.5288120261075808
vn 0.6142403126265049 0.49539638426004123 -0.6142403933368198
vn 0.3592055951474114 0.8613608883693359 -0.3592057354809114
vn 0.6891615570462706 0.4953929645579914 -0.5288120261075808
vn 0.3592055951474114 0.8613608883693359 -0.3592057354809114
vn 0.4030030082579545 0.8613673523016647 -0.3092488637389936
vn 0.4030030082579545 0.8613673523016647 -0.3092488637389936
vn 0.3592055951474114 0.8613608883693359 -0.3592057354809114
vn 0.00759913360903547 0.9999422502628783 -0.007599296520304902
vn 0.4030030082579545 0.8613673523016647 -0.3092488637389936
vn 0.00759913360903547 0.9999422502628783 -0.007599296520304902
vn 0.008545207843043866 0.9999419603213742 -0.006561662256363547
vn 0.008545207843043866 0.9999419603213742 -0.006561662256363547
vn 0.00759913360903547 0.9999422502628783 -0.007599296520304902
vn -0.3477714309443954 0.8706952178021133 0.34777128909014016
vn 0.008545207843043866 0.9999419603213742 -0.006561662256363547
vn -0.3477714309443954 0.8706952178021133 0.34777128909014016
vn -0.3901937212245844 0.8706950824046829 0.29939761754765803
vn -0.3901937212245844 0.8706950824046829 0.29939761754765803
vn -0.3477714309443954 0.8706952178021133 0.34777128909014016
vn -0.6104343216896493 0.5047177213030466 0.6104342394606959
vn -0.3901937212245844 0.8706950824046829 0.29939761754765803
vn -0.6104343216896493 0.5047177213030466 0.6104342394606959
vn -0.6848799147086932 0.5047255094913069 0.5255394014699126
vn -0.6848799147086932 0.5047255094913069 0.5255394014699126
vn -0.6104343216896493 0.5047177213030466 0.6104342394606959
vn -0.7071067811865521 1.1520231625142716e-7 0.7071067811865334
vn -0.6848799147086932 0.5047255094913069 0.5255394014699126
vn -0.7071067811865521 1.1520231625142716e-7 0.7071067811865334
vn -0.7933484117927201 9.918087121228208e-8 0.6087678518991938
vn -0.7933484117927201 9.918087121228208e-8 0.6087678518991938
vn -0.7071067811865521 1.1520231625142716e-7 0.7071067811865334
vn -0.6104343216896492 -0.5047175223982993 0.6104344039185701
vn -0.7933484117927201 9.918087121228208e-8 0.6087678518991938
vn -0.6104343216896492 -0.5047175223982993 0.6104344039185701
vn -0.6848799147086932 -0.5047253382488088 0.5255395659303291
vn -0.6848799147086932 -0.5047253382488088 0.5255395659303291
vn -0.6104343216896492 -0.5047175223982993 0.6104344039185701
vn -0.3477714309443954 -0.8706951044837988 0.34777157279863224
vn -0.6848799147086932 -0.5047253382488088 0.5255395659303291
vn -0.3477714309443954 -0.8706951044837988 0.34777157279863224
vn -0.3901937212245844 -0.8706949848485109 0.2993979012561086
vn -0.3901937212245844 -0.8706949848485109 0.2993979012561086
vn -0.3477714309443954 -0.8706951044837988 0.34777157279863224
vn 0.007599133609035471 -0.9999422527389903 -0.007598970697765634
vn -0.3901937212245844 -0.8706949848485109 0.2993979012561086
vn 0.007599133609035471 -0.9999422527389903 -0.007598970697765634
vn 0.008545207843043865 -0.999941962459382 -0.006561336433918806
vn 0.008545207843043865 -0.999941962459382 -0.006561336433918806
vn 0.007599133609035471 -0.9999422527389903 -0.007598970697765634
vn 0.35920559514741135 -0.8613610054133741 -0.3592054548138923
vn 0.008545207843043865 -0.999941962459382 -0.006561336433918806
vn 0.35920559514741135 -0.8613610054133741 -0.3592054548138923
vn 0.4030030082579545 -0.8613674530676881 -0.30924858306987096
vn 0.4030030082579545 -0.8613674530676881 -0.30924858306987096
vn 0.35920559514741135 -0.8613610054133741 -0.3592054548138923
vn 0.6142403126265049 -0.4953965844049377 -0.6142402319161574
vn 0.4030030082579545 -0.8613674530676881 -0.30924858306987096
vn 0.6142403126265049 -0.4953965844049377 -0.6142402319161574
vn 0.6891615570462706 -0.49539313686679287 -0.5288118646880374
vn 0.6891615570462706 -0.49539313686679287 -0.5288118646880374
vn 0.6142403126265049 -0.4953965844049377 -0.6142402319161574
vn 0.7071067811865521 -1.1520231625142716e-7 -0.7071067811865334
vn 0.6891615570462706 -0.49539313686679287 -0.5288118646880374
vn 0.7071067811865521 -1.1520231625142716e-7 -0.7071067811865334
vn 0.7933484117927201 -9.918087121228208e-8 -0.6087678518991938
vn 0.7071067811865521 -1.1520231625142716e-7 -0.7071067811865334
vn 0.608767851899212 -1.2925286118674673e-7 -0.7933484117927019
vn 0.5288119453978245 0.4953929384337252 -0.6891616377560258
vn 0.7071067811865521 -1.1520231625142716e-7 -0.7071067811865334
vn 0.5288119453978245 0.4953929384337252 -0.6891616377560258
vn 0.6142403126265049 0.49539638426004123 -0.6142403933368198
vn 0.6142403126265049 0.49539638426004123 -0.6142403933368198
vn 0.5288119453978245 0.4953929384337252 -0.6891616377560258
vn 0.3092487234044408 0.861367337027154 -0.4030031485925055
vn 0.6142403126265049 0.49539638426004123 -0.6142403933368198
vn 0.3092487234044408 0.861367337027154 -0.4030031485925055
vn 0.3592055951474114 0.8613608883693359 -0.3592057354809114
vn 0.3592055951474114 0.8613608883693359 -0.3592057354809114
vn 0.3092487234044408 0.861367337027154 -0.4030031485925055
vn 0.006561499345141352 0.9999419599981871 -0.008545370754266009
vn 0.3592055951474114 0.8613608883693359 -0.3592057354809114
vn 0.006561499345141352 0.9999419599981871 -0.008545370754266009
vn 0.00759913360903547 0.9999422502628783 -0.007599296520304902
vn 0.00759913360903547 0.9999422502628783 -0.007599296520304902
vn 0.006561499345141352 0.9999419599981871 -0.008545370754266009
vn -0.2993977594018915 0.8706950971972234 0.39019357937034915
vn 0.00759913360903547 0.9999422502628783 -0.007599296520304902
vn -0.2993977594018915 0.8706950971972234 0.39019357937034915
vn -0.3477714309443954 0.8706952178021133 0.34777128909014016
vn -0.3477714309443954 0.8706952178021133 0.34777128909014016
vn -0.2993977594018915 0.8706950971972234 0.39019357937034915
vn -0.5255394837001361 0.5047255354511593 0.6848798324784684
vn -0.3477714309443954 0.8706952178021133 0.34777128909014016
vn -0.5255394837001361 0.5047255354511593 0.6848798324784684
vn -0.6104343216896493 0.5047177213030466 0.6104342394606959
vn -0.6104343216896493 0.5047177213030466 0.6104342394606959
vn -0.5255394837001361 0.5047255354511593 0.6848798324784684
vn -0.608767851899212 1.2925286118674673e-7 0.7933484117927019
vn -0.6104343216896493 0.5047177213030466 0.6104342394606959
vn -0.608767851899212 1.2925286118674673e-7 0.7933484117927019
vn -0.7071067811865521 1.1520231625142716e-7 0.7071067811865334
vn -0.7071067811865521 1.1520231625142716e-7 0.7071067811865334
vn -0.608767851899212 1.2925286118674673e-7 0.7933484117927019
vn -0.5255394837001361 -0.504725312288959 0.6848799969388849
vn -0.7071067811865521 1.1520231625142716e-7 0.7071067811865334
vn -0.5255394837001361 -0.504725312288959 0.6848799969388849
vn -0.6104343216896492 -0.5047175223982993 0.6104344039185701
vn -0.6104343216896492 -0.5047175223982993 0.6104344039185701
vn -0.5255394837001361 -0.504725312288959 0.6848799969388849
vn -0.2993977594018915 -0.870694970055972 0.39019386307879966
vn -0.6104343216896492 -0.5047175223982993 0.6104344039185701
vn -0.2993977594018915 -0.870694970055972 0.39019386307879966
vn -0.3477714309443954 -0.8706951044837988 0.34777157279863224
vn -0.3477714309443954 -0.8706951044837988 0.34777157279863224
vn -0.2993977594018915 -0.870694970055972 0.39019386307879966
vn 0.006561499345141351 -0.9999419627825691 -0.00854504493182127
vn -0.3477714309443954 -0.8706951044837988 0.34777157279863224
vn 0.006561499345141351 -0.9999419627825691 -0.00854504493182127
vn 0.007599133609035471 -0.9999422527389903 -0.007598970697765634
vn 0.007599133609035471 -0.9999422527389903 -0.007598970697765634
vn 0.006561499345141351 -0.9999419627825691 -0.00854504493182127
vn 0.3092487234044408 -0.8613674683422007 -0.4030028679233829
vn 0.007599133609035471 -0.9999422527389903 -0.007598970697765634
vn 0.3092487234044408 -0.8613674683422007 -0.4030028679233829
vn 0.35920559514741135 -0.8613610054133741 -0.3592054548138923
vn 0.35920559514741135 -0.8613610054133741 -0.3592054548138923
vn 0.3092487234044408 -0.8613674683422007 -0.4030028679233829
vn 0.5288119453978245 -0.49539316299106156 -0.6891614763364823
vn 0.35920559514741135 -0.8613610054133741 -0.3592054548138923
vn 0.5288119453978245 -0.49539316299106156 -0.6891614763364823
vn 0.6142403126265049 -0.4953965844049377 -0.6142402319161574
vn 0.6142403126265049 -0.4953965844049377 -0.6142402319161574
vn 0.5288119453978245 -0.49539316299106156 -0.6891614763364823
vn 0.608767851899212 -1.2925286118674673e-7 -0.7933484117927019
vn 0.6142403126265049 -0.4953965844049377 -0.6142402319161574
vn 0.608767851899212 -1.2925286118674673e-7 -0.7933484117927019
vn 0.7071067811865521 -1.1520231625142716e-7 -0.7071067811865334
vn 0.608767851899212 -1.2925286118674673e-7 -0.7933484117927019
vn 0.4999892947649318 -1.410944529459994e-7 -0.8660315843665555
vn 0.43431996946460044 0.4953889135057426 -0.7523004642427574
vn 0.608767851899212 -1.2925286118674673e-7 -0.7933484117927019
vn 0.43431996946460044 0.4953889135057426 -0.7523004642427574
vn 0.5288119453978245 0.4953929384337252 -0.6891616377560258
vn 0.5288119453978245 0.4953929384337252 -0.6891616377560258
vn 0.43431996946460044 0.4953889135057426 -0.7523004642427574
vn 0.25397907484620347 0.8613680668486797 -0.43993145256236765
vn 0.5288119453978245 0.4953929384337252 -0.6891616377560258
vn 0.25397907484620347 0.8613680668486797 -0.43993145256236765
vn 0.3092487234044408 0.861367337027154 -0.4030031485925055
vn 0.3092487234044408 0.861367337027154 -0.4030031485925055
vn 0.25397907484620347 0.8613680668486797 -0.43993145256236765
vn 0.0053712755510161485 0.9999422504486531 -0.009308338554112831
vn 0.3092487234044408 0.861367337027154 -0.4030031485925055
vn 0.0053712755510161485 0.9999422504486531 -0.009308338554112831
vn 0.006561499345141352 0.9999419599981871 -0.008545370754266009
vn 0.006561499345141352 0.9999419599981871 -0.008545370754266009
vn 0.0053712755510161485 0.9999422504486531 -0.009308338554112831
vn -0.24589762748247065 0.8706980150384905 0.425933472982019
vn 0.006561499345141352 0.9999419599981871 -0.008545370754266009
vn -0.24589762748247065 0.8706980150384905 0.425933472982019
vn -0.2993977594018915 0.8706950971972234 0.39019357937034915
vn -0.2993977594018915 0.8706950971972234 0.39019357937034915
vn -0.24589762748247065 0.8706980150384905 0.425933472982019
vn -0.431632012700558 0.5047254246518402 0.7476269466265143
vn -0.2993977594018915 0.8706950971972234 0.39019357937034915
vn -0.431632012700558 0.5047254246518402 0.7476269466265143
vn -0.5255394837001361 0.5047255354511593 0.6848798324784684
vn -0.5255394837001361 0.5047255354511593 0.6848798324784684
vn -0.431632012700558 0.5047254246518402 0.7476269466265143
vn -0.4999892947649318 1.410944529459994e-7 0.8660315843665555
vn -0.5255394837001361 0.5047255354511593 0.6848798324784684
vn -0.4999892947649318 1.410944529459994e-7 0.8660315843665555
vn -0.608767851899212 1.2925286118674673e-7 0.7933484117927019
vn -0.608767851899212 1.2925286118674673e-7 0.7933484117927019
vn -0.4999892947649318 1.410944529459994e-7 0.8660315843665555
vn -0.431632012700558 -0.5047251810440353 0.7476271110868916
vn -0.608767851899212 1.2925286118674673e-7 0.7933484117927019
vn -0.431632012700558 -0.5047251810440353 0.7476271110868916
vn -0.5255394837001361 -0.504725312288959 0.6848799969388849
vn -0.5255394837001361 -0.504725312288959 0.6848799969388849
vn -0.431632012700558 -0.5047251810440353 0.7476271110868916
vn -0.2458976274824707 -0.870697876251704 0.42593375669141836
vn -0.5255394837001361 -0.504725312288959 0.6848799969388849
vn -0.2458976274824707 -0.870697876251704 0.42593375669141836
vn -0.2993977594018915 -0.870694970055972 0.39019386307879966
vn -0.2993977594018915 -0.870694970055972 0.39019386307879966
vn -0.2458976274824707 -0.870697876251704 0.42593375669141836
vn 0.0053712755510161485 -0.9999422534816418 -0.00930801273157341
vn -0.2993977594018915 -0.870694970055972 0.39019386307879966
vn 0.0053712755510161485 -0.9999422534816418 -0.00930801273157341
vn 0.006561499345141351 -0.9999419627825691 -0.00854504493182127
vn 0.006561499345141351 -0.9999419627825691 -0.00854504493182127
vn 0.0053712755510161485 -0.9999422534816418 -0.00930801273157341
vn 0.25397907484620347 -0.8613682101964951 -0.4399311718930054
vn 0.006561499345141351 -0.9999419627825691 -0.00854504493182127
vn 0.25397907484620347 -0.8613682101964951 -0.4399311718930054
vn 0.3092487234044408 -0.8613674683422007 -0.4030028679233829
vn 0.3092487234044408 -0.8613674683422007 -0.4030028679233829
vn 0.25397907484620347 -0.8613682101964951 -0.4399311718930054
vn 0.43431996946460044 -0.49538915863631977 -0.7523003028245222
vn 0.3092487234044408 -0.8613674683422007 -0.4030028679233829
vn 0.43431996946460044 -0.49538915863631977 -0.7523003028245222
vn 0.5288119453978245 -0.49539316299106156 -0.6891614763364823
vn 0.5288119453978245 -0.49539316299106156 -0.6891614763364823
vn 0.43431996946460044 -0.49538915863631977 -0.7523003028245222
vn 0.4999892947649318 -1.410944529459994e-7 -0.8660315843665555
vn 0.5288119453978245 -0.49539316299106156 -0.6891614763364823
vn 0.4999892947649318 -1.410944529459994e-7 -0.8660315843665555
vn 0.608767851899212 -1.2925286118674673e-7 -0.7933484117927019
vn 0.4999892947649318 -1.410944529459994e-7 -0.8660315843665555
vn 0.38268153944662425 -1.50519207623345e-7 -0.9238803165815035
vn 0.33241233498066647 0.4953833596889555 -0.8025567683946003
vn 0.4999892947649318 -1.410944529459994e-7 -0.8660315843665555
vn 0.33241233498066647 0.4953833596889555 -0.8025567683946003
vn 0.43431996946460044 0.4953889135057426 -0.7523004642427574
vn 0.43431996946460044 0.4953889135057426 -0.7523004642427574
vn 0.33241233498066647 0.4953833596889555 -0.8025567683946003
vn 0.1944049191556038 0.8613632934059023 -0.46931865952787405
vn 0.43431996946460044 0.4953889135057426 -0.7523004642427574
vn 0.1944049191556038 0.8613632934059023 -0.46931865952787405
vn 0.25397907484620347 0.8613680668486797 -0.43993145256236765
vn 0.25397907484620347 0.8613680668486797 -0.43993145256236765
vn 0.1944049191556038 0.8613632934059023 -0.46931865952787405
vn 0.0041200111622356535 0.999942017511337 -0.009949227275529585
vn 0.25397907484620347 0.8613680668486797 -0.43993145256236765
vn 0.0041200111622356535 0.999942017511337 -0.009949227275529585
vn 0.0053712755510161485 0.9999422504486531 -0.009308338554112831
vn 0.0053712755510161485 0.9999422504486531 -0.009308338554112831
vn 0.0041200111622356535 0.999942017511337 -0.009949227275529585
vn -0.18821535608379225 0.8706983288826478 0.45437803623768586
vn 0.0053712755510161485 0.9999422504486531 -0.009308338554112831
vn -0.18821535608379225 0.8706983288826478 0.45437803623768586
vn -0.24589762748247065 0.8706980150384905 0.425933472982019
vn -0.24589762748247065 0.8706980150384905 0.425933472982019
vn -0.18821535608379225 0.8706983288826478 0.45437803623768586
vn -0.3303715563475657 0.5047285032622278 0.7975611404470245
vn -0.24589762748247065 0.8706980150384905 0.425933472982019
vn -0.3303715563475657 0.5047285032622278 0.7975611404470245
vn -0.431632012700558 0.5047254246518402 0.7476269466265143
vn -0.431632012700558 0.5047254246518402 0.7476269466265143
vn -0.3303715563475657 0.5047285032622278 0.7975611404470245
vn -0.38268153944662425 1.50519207623345e-7 0.9238803165815035
vn -0.431632012700558 0.5047254246518402 0.7476269466265143
vn -0.38268153944662425 1.50519207623345e-7 0.9238803165815035
vn -0.4999892947649318 1.410944529459994e-7 0.8660315843665555
vn -0.4999892947649318 1.410944529459994e-7 0.8660315843665555
vn -0.38268153944662425 1.50519207623345e-7 0.9238803165815035
vn -0.3303715563475657 -0.5047282433837975 0.7975613049084023
vn -0.4999892947649318 1.410944529459994e-7 0.8660315843665555
vn -0.3303715563475657 -0.5047282433837975 0.7975613049084023
vn -0.431632012700558 -0.5047251810440353 0.7476271110868916
vn -0.431632012700558 -0.5047251810440353 0.7476271110868916
vn -0.3303715563475657 -0.5047282433837975 0.7975613049084023
vn -0.18821535608379228 -0.8706981808274461 0.454378319947186
vn -0.431632012700558 -0.5047251810440353 0.7476271110868916
vn -0.18821535608379228 -0.8706981808274461 0.454378319947186
vn -0.2458976274824707 -0.870697876251704 0.42593375669141836
vn -0.2458976274824707 -0.870697876251704 0.42593375669141836
vn -0.18821535608379228 -0.8706981808274461 0.454378319947186
vn 0.004120011162235653 -0.9999420207531536 -0.009948901453066029
vn -0.2458976274824707 -0.870697876251704 0.42593375669141836
vn 0.004120011162235653 -0.9999420207531536 -0.009948901453066029
vn 0.0053712755510161485 -0.9999422534816418 -0.00930801273157341
vn 0.0053712755510161485 -0.9999422534816418 -0.00930801273157341
vn 0.004120011162235653 -0.9999420207531536 -0.009948901453066029
vn 0.1944049191556038 -0.8613634463292852 -0.46931837886006544
vn 0.0053712755510161485 -0.9999422534816418 -0.00930801273157341
vn 0.1944049191556038 -0.8613634463292852 -0.46931837886006544
vn 0.25397907484620347 -0.8613682101964951 -0.4399311718930054
vn 0.25397907484620347 -0.8613682101964951 -0.4399311718930054
vn 0.1944049191556038 -0.8613634463292852 -0.46931837886006544
vn 0.33241233498066647 -0.4953836211951149 -0.8025566069781721
vn 0.25397907484620347 -0.8613682101964951 -0.4399311718930054
vn 0.33241233498066647 -0.4953836211951149 -0.8025566069781721
vn 0.43431996946460044 -0.49538915863631977 -0.7523003028245222
vn 0.43431996946460044 -0.49538915863631977 -0.7523003028245222
vn 0.33241233498066647 -0.4953836211951149 -0.8025566069781721
vn 0.38268153944662425 -1.50519207623345e-7 -0.9238803165815035
vn 0.43431996946460044 -0.49538915863631977 -0.7523003028245222
vn 0.38268153944662425 -1.50519207623345e-7 -0.9238803165815035
vn 0.4999892947649318 -1.410944529459994e-7 -0.8660315843665555
vn 0.38268153944662425 -1.50519207623345e-7 -0.9238803165815035
vn 0.2588021893396045 -1.5737002637787596e-7 -0.9659303426194887
vn 0.22480723725958565 0.4953937129492617 -0.8390749521026454
vn 0.38268153944662425 -1.50519207623345e-7 -0.9238803165815035
vn 0.22480723725958565 0.4953937129492617 -0.8390749521026454
vn 0.33241233498066647 0.4953833596889555 -0.8025567683946003
vn 0.33241233498066647 0.4953833596889555 -0.8025567683946003
vn 0.22480723725958565 0.4953937129492617 -0.8390749521026454
vn 0.13147502721183443 0.861362826889463 -0.4906815644311903
vn 0.33241233498066647 0.4953833596889555 -0.8025567683946003
vn 0.13147502721183443 0.861362826889463 -0.4906815644311903
vn 0.1944049191556038 0.8613632934059023 -0.46931865952787405
vn 0.1944049191556038 0.8613632934059023 -0.46931865952787405
vn 0.13147502721183443 0.861362826889463 -0.4906815644311903
vn 0.0027771927701498284 0.9999419890257562 -0.010407006463526417
vn 0.1944049191556038 0.8613632934059023 -0.46931865952787405
vn 0.0027771927701498284 0.9999419890257562 -0.010407006463526417
vn 0.0041200111622356535 0.999942017511337 -0.009949227275529585
vn 0.0041200111622356535 0.999942017511337 -0.009949227275529585
vn 0.0027771927701498284 0.9999419890257562 -0.010407006463526417
vn -0.12729713962176784 0.8706929877190291 0.47506753139004
vn 0.0041200111622356535 0.999942017511337 -0.009949227275529585
vn -0.12729713962176784 0.8706929877190291 0.47506753139004
vn -0.18821535608379225 0.8706983288826478 0.45437803623768586
vn -0.18821535608379225 0.8706983288826478 0.45437803623768586
vn -0.12729713962176784 0.8706929877190291 0.47506753139004
vn -0.22342887549562532 0.504721684778721 0.8338678303597578
vn -0.18821535608379225 0.8706983288826478 0.45437803623768586
vn -0.22342887549562532 0.504721684778721 0.8338678303597578
vn -0.3303715563475657 0.5047285032622278 0.7975611404470245
vn -0.3303715563475657 0.5047285032622278 0.7975611404470245
vn -0.22342887549562532 0.504721684778721 0.8338678303597578
vn -0.2588021893396045 1.5737002637787596e-7 0.9659303426194887
vn -0.3303715563475657 0.5047285032622278 0.7975611404470245
vn -0.2588021893396045 1.5737002637787596e-7 0.9659303426194887
vn -0.38268153944662425 1.50519207623345e-7 0.9238803165815035
vn -0.38268153944662425 1.50519207623345e-7 0.9238803165815035
vn -0.2588021893396045 1.5737002637787596e-7 0.9659303426194887
vn -0.22342887549562532 -0.5047214130700696 0.8338679948189117
vn -0.38268153944662425 1.50519207623345e-7 0.9238803165815035
vn -0.22342887549562532 -0.5047214130700696 0.8338679948189117
vn -0.3303715563475657 -0.5047282433837975 0.7975613049084023
vn -0.3303715563475657 -0.5047282433837975 0.7975613049084023
vn -0.22342887549562532 -0.5047214130700696 0.8338679948189117
vn -0.12729713962176784 -0.8706928329223341 0.47506781509779866
vn -0.3303715563475657 -0.5047282433837975 0.7975613049084023
vn -0.12729713962176784 -0.8706928329223341 0.47506781509779866
vn -0.18821535608379228 -0.8706981808274461 0.454378319947186
vn -0.18821535608379228 -0.8706981808274461 0.454378319947186
vn -0.12729713962176784 -0.8706928329223341 0.47506781509779866
vn 0.0027771927701498284 -0.9999419924167362 -0.01040668064107212
vn -0.18821535608379228 -0.8706981808274461 0.454378319947186
vn 0.0027771927701498284 -0.9999419924167362 -0.01040668064107212
vn 0.004120011162235653 -0.9999420207531536 -0.009948901453066029
vn 0.004120011162235653 -0.9999420207531536 -0.009948901453066029
vn 0.0027771927701498284 -0.9999419924167362 -0.01040668064107212
vn 0.13147502721183443 -0.8613629867737637 -0.49068128376353265
vn 0.004120011162235653 -0.9999420207531536 -0.009948901453066029
vn 0.13147502721183443 -0.8613629867737637 -0.49068128376353265
vn 0.1944049191556038 -0.8613634463292852 -0.46931837886006544
vn 0.1944049191556038 -0.8613634463292852 -0.46931837886006544
vn 0.13147502721183443 -0.8613629867737637 -0.49068128376353265
vn 0.22480723725958568 -0.49539398635455567 -0.8390747906828416
vn 0.1944049191556038 -0.8613634463292852 -0.46931837886006544
vn 0.22480723725958568 -0.49539398635455567 -0.8390747906828416
vn 0.33241233498066647 -0.4953836211951149 -0.8025566069781721
vn 0.33241233498066647 -0.4953836211951149 -0.8025566069781721
vn 0.22480723725958568 -0.49539398635455567 -0.8390747906828416
vn 0.2588021893396045 -1.5737002637787596e-7 -0.9659303426194887
vn 0.33241233498066647 -0.4953836211951149 -0.8025566069781721
vn 0.2588021893396045 -1.5737002637787596e-7 -0.9659303426194887
vn 0.38268153944662425 -1.50519207623345e-7 -0.9238803165815035
vn 0.2588021893396045 -1.5737002637787596e-7 -0.9659303426194887
vn 0.13050029224505694 -1.6152742454396127e-7 -0.9914482708260318
vn 0.11337778059083345 0.49538294454955845 -0.8612439939516012
vn 0.2588021893396045 -1.5737002637787596e-7 -0.9659303426194887
vn 0.11337778059083345 0.49538294454955845 -0.8612439939516012
vn 0.22480723725958565 0.4953937129492617 -0.8390749521026454
vn 0.22480723725958565 0.4953937129492617 -0.8390749521026454
vn 0.11337778059083345 0.49538294454955845 -0.8612439939516012
vn 0.06628668853539009 0.8613605611209446 -0.5036507308328099
vn 0.22480723725958565 0.4953937129492617 -0.8390749521026454
vn 0.06628668853539009 0.8613605611209446 -0.5036507308328099
vn 0.13147502721183443 0.861362826889463 -0.4906815644311903
vn 0.13147502721183443 0.861362826889463 -0.4906815644311903
vn 0.06628668853539009 0.8613605611209446 -0.5036507308328099
vn 0.0014038556033715744 0.9999419638342033 -0.0106816736910448
vn 0.13147502721183443 0.861362826889463 -0.4906815644311903
vn 0.0014038556033715744 0.9999419638342033 -0.0106816736910448
vn 0.0027771927701498284 0.9999419890257562 -0.010407006463526417
vn 0.0027771927701498284 0.9999419890257562 -0.010407006463526417
vn 0.0014038556033715744 0.9999419638342033 -0.0106816736910448
vn -0.06418297496877913 0.8706972460130029 0.48761342425073717
vn 0.0027771927701498284 0.9999419890257562 -0.010407006463526417
vn -0.06418297496877913 0.8706972460130029 0.48761342425073717
vn -0.12729713962176784 0.8706929877190291 0.47506753139004
vn -0.12729713962176784 0.8706929877190291 0.47506753139004
vn -0.06418297496877913 0.8706972460130029 0.48761342425073717
vn -0.11267528162470773 0.5047194593190824 0.8558986787555207
vn -0.12729713962176784 0.8706929877190291 0.47506753139004
vn -0.11267528162470773 0.5047194593190824 0.8558986787555207
vn -0.22342887549562532 0.504721684778721 0.8338678303597578
vn -0.22342887549562532 0.504721684778721 0.8338678303597578
vn -0.11267528162470773 0.5047194593190824 0.8558986787555207
vn -0.13050029224505694 1.6152742454396127e-7 0.9914482708260318
vn -0.22342887549562532 0.504721684778721 0.8338678303597578
vn -0.13050029224505694 1.6152742454396127e-7 0.9914482708260318
vn -0.2588021893396045 1.5737002637787596e-7 0.9659303426194887
vn -0.2588021893396045 1.5737002637787596e-7 0.9659303426194887
vn -0.13050029224505694 1.6152742454396127e-7 0.9914482708260318
vn -0.11267528162470773 -0.5047191804318693 0.8558988432139484
vn -0.2588021893396045 1.5737002637787596e-7 0.9659303426194887
vn -0.11267528162470773 -0.5047191804318693 0.8558988432139484
vn -0.22342887549562532 -0.5047214130700696 0.8338679948189117
vn -0.22342887549562532 -0.5047214130700696 0.8338679948189117
vn -0.11267528162470773 -0.5047191804318693 0.8558988432139484
vn -0.06418297496877914 -0.8706970871283373 0.4876137079598828
vn -0.22342887549562532 -0.5047214130700696 0.8338679948189117
vn -0.06418297496877914 -0.8706970871283373 0.4876137079598828
vn -0.12729713962176784 -0.8706928329223341 0.47506781509779866
vn -0.12729713962176784 -0.8706928329223341 0.47506781509779866
vn -0.06418297496877914 -0.8706970871283373 0.4876137079598828
vn 0.0014038556033715741 -0.9999419673146811 -0.010681347868598695
vn -0.12729713962176784 -0.8706928329223341 0.47506781509779866
vn 0.0014038556033715741 -0.9999419673146811 -0.010681347868598695
vn 0.0027771927701498284 -0.9999419924167362 -0.01040668064107212
vn 0.0027771927701498284 -0.9999419924167362 -0.01040668064107212
vn 0.0014038556033715741 -0.9999419673146811 -0.010681347868598695
vn 0.06628668853539009 -0.861360725231136 -0.5036504501658898
vn 0.0027771927701498284 -0.9999419924167362 -0.01040668064107212
vn 0.06628668853539009 -0.861360725231136 -0.5036504501658898
vn 0.13147502721183443 -0.8613629867737637 -0.49068128376353265
vn 0.13147502721183443 -0.8613629867737637 -0.49068128376353265
vn 0.06628668853539009 -0.861360725231136 -0.5036504501658898
vn 0.11337778059083348 -0.4953832251784431 -0.8612438325353051
vn 0.13147502721183443 -0.8613629867737637 -0.49068128376353265
vn 0.11337778059083348 -0.4953832251784431 -0.8612438325353051
vn 0.22480723725958568 -0.49539398635455567 -0.8390747906828416
vn 0.22480723725958568 -0.49539398635455567 -0.8390747906828416
vn 0.11337778059083348 -0.4953832251784431 -0.8612438325353051
vn 0.13050029224505694 -1.6152742454396127e-7 -0.9914482708260318
vn 0.22480723725958568 -0.49539398635455567 -0.8390747906828416
vn 0.13050029224505694 -1.6152742454396127e-7 -0.9914482708260318
vn 0.2588021893396045 -1.5737002637787596e-7 -0.9659303426194887
vn 0.13050029224505694 -1.6152742454396127e-7 -0.9914482708260318
vn 0 -1.629206780595638e-7 -0.9999999999999868
vn 0 0.4953892463770361 -0.86867110840294
vn 0.13050029224505694 -1.6152742454396127e-7 -0.9914482708260318
vn 0 0.4953892463770361 -0.86867110840294
vn 0.11337778059083345 0.49538294454955845 -0.8612439939516012
vn 0.11337778059083345 0.49538294454955845 -0.8612439939516012
vn 0 0.4953892463770361 -0.86867110840294
vn 0 0.8613647900998093 -0.5079869076819907
vn 0.11337778059083345 0.49538294454955845 -0.8612439939516012
vn 0 0.8613647900998093 -0.5079869076819907
vn 0.06628668853539009 0.8613605611209446 -0.5036507308328099
vn 0.06628668853539009 0.8613605611209446 -0.5036507308328099
vn 0 0.8613647900998093 -0.5079869076819907
vn 0 0.9999419670819022 -0.010773229245500419
vn 0.06628668853539009 0.8613605611209446 -0.5036507308328099
vn 0 0.9999419670819022 -0.010773229245500419
vn 0.0014038556033715744 0.9999419638342033 -0.0106816736910448
vn 0.0014038556033715744 0.9999419638342033 -0.0106816736910448
vn 0 0.9999419670819022 -0.010773229245500419
vn 0 0.8706947592629201 0.49182378571200225
vn 0.0014038556033715744 0.9999419638342033 -0.0106816736910448
vn 0 0.8706947592629201 0.49182378571200225
vn -0.06418297496877913 0.8706972460130029 0.48761342425073717
vn -0.06418297496877913 0.8706972460130029 0.48761342425073717
vn 0 0.8706947592629201 0.49182378571200225
vn 0 0.5047191275454314 0.8632836163682123
vn -0.06418297496877913 0.8706972460130029 0.48761342425073717
vn 0 0.5047191275454314 0.8632836163682123
vn -0.11267528162470773 0.5047194593190824 0.8558986787555207
vn -0.11267528162470773 0.5047194593190824 0.8558986787555207
vn 0 0.5047191275454314 0.8632836163682123
vn 0 1.629206780595638e-7 0.9999999999999868
vn -0.11267528162470773 0.5047194593190824 0.8558986787555207
vn 0 1.629206780595638e-7 0.9999999999999868
vn -0.13050029224505694 1.6152742454396127e-7 0.9914482708260318
vn -0.13050029224505694 1.6152742454396127e-7 0.9914482708260318
vn 0 1.629206780595638e-7 0.9999999999999868
vn 0 -0.5047188462519002 0.8632837808265313
vn -0.13050029224505694 1.6152742454396127e-7 0.9914482708260318
vn 0 -0.5047188462519002 0.8632837808265313
vn -0.11267528162470773 -0.5047191804318693 0.8558988432139484
vn -0.11267528162470773 -0.5047191804318693 0.8558988432139484
vn 0 -0.5047188462519002 0.8632837808265313
vn 0 -0.8706945990063445 0.4918240694203374
vn -0.11267528162470773 -0.5047191804318693 0.8558988432139484
vn 0 -0.8706945990063445 0.4918240694203374
vn -0.06418297496877914 -0.8706970871283373 0.4876137079598828
vn -0.06418297496877914 -0.8706970871283373 0.4876137079598828
vn 0 -0.8706945990063445 0.4918240694203374
vn 0 -0.9999419705922127 -0.010772903423053252
vn -0.06418297496877914 -0.8706970871283373 0.4876137079598828
vn 0 -0.9999419705922127 -0.010772903423053252
vn 0.0014038556033715741 -0.9999419673146811 -0.010681347868598695
vn 0.0014038556033715741 -0.9999419673146811 -0.010681347868598695
vn 0 -0.9999419705922127 -0.010772903423053252
vn 0 -0.8613649556229065 -0.5079866270136925
vn 0.0014038556033715741 -0.9999419673146811 -0.010681347868598695
vn 0 -0.8613649556229065 -0.5079866270136925
vn 0.06628668853539009 -0.861360725231136 -0.5036504501658898
vn 0.06628668853539009 -0.861360725231136 -0.5036504501658898
vn 0 -0.8613649556229065 -0.5079866270136925
vn 0 -0.49538952942598163 -0.8686709469845899
vn 0.06628668853539009 -0.861360725231136 -0.5036504501658898
vn 0 -0.49538952942598163 -0.8686709469845899
vn 0.11337778059083348 -0.4953832251784431 -0.8612438325353051
vn 0.11337778059083348 -0.4953832251784431 -0.8612438325353051
vn 0 -0.49538952942598163 -0.8686709469845899
vn 0 -1.629206780595638e-7 -0.9999999999999868
vn 0.11337778059083348 -0.4953832251784431 -0.8612438325353051
vn 0 -1.629206780595638e-7 -0.9999999999999868
vn 0.13050029224505694 -1.6152742454396127e-7 -0.9914482708260318
vn 0 -1.629206780595638e-7 -0.9999999999999868
vn -0.13050029224505694 -1.6152742454396127e-7 -0.9914482708260318
vn -0.11337778059083345 0.49538294454955845 -0.8612439939516012
vn 0 -1.629206780595638e-7 -0.9999999999999868
vn -0.11337778059083345 0.49538294454955845 -0.8612439939516012
vn 0 0.4953892463770361 -0.86867110840294
vn 0 0.4953892463770361 -0.86867110840294
vn -0.11337778059083345 0.49538294454955845 -0.8612439939516012
vn -0.06628668853539009 0.8613605611209446 -0.5036507308328099
vn 0 0.4953892463770361 -0.86867110840294
vn -0.06628668853539009 0.8613605611209446 -0.5036507308328099
vn 0 0.8613647900998093 -0.5079869076819907
vn 0 0.8613647900998093 -0.5079869076819907
vn -0.06628668853539009 0.8613605611209446 -0.5036507308328099
vn -0.0014038556033715744 0.9999419638342033 -0.0106816736910448
vn 0 0.8613647900998093 -0.5079869076819907
vn -0.0014038556033715744 0.9999419638342033 -0.0106816736910448
vn 0 0.9999419670819022 -0.010773229245500419
vn 0 0.9999419670819022 -0.010773229245500419
vn -0.0014038556033715744 0.9999419638342033 -0.0106816736910448
vn 0.06418297496877913 0.8706972460130029 0.48761342425073717
vn 0 0.9999419670819022 -0.010773229245500419
vn 0.06418297496877913 0.8706972460130029 0.48761342425073717
vn 0 0.8706947592629201 0.49182378571200225
vn 0 0.8706947592629201 0.49182378571200225
vn 0.06418297496877913 0.8706972460130029 0.48761342425073717
vn 0.11267528162470773 0.5047194593190824 0.8558986787555207
vn 0 0.8706947592629201 0.49182378571200225
vn 0.11267528162470773 0.5047194593190824 0.8558986787555207
vn 0 0.5047191275454314 0.8632836163682123
vn 0 0.5047191275454314 0.8632836163682123
vn 0.11267528162470773 0.5047194593190824 0.8558986787555207
vn 0.13050029224505694 1.6152742454396127e-7 0.9914482708260318
vn 0 0.5047191275454314 0.8632836163682123
vn 0.13050029224505694 1.6152742454396127e-7 0.9914482708260318
vn 0 1.629206780595638e-7 0.9999999999999868
vn 0 1.629206780595638e-7 0.9999999999999868
vn 0.13050029224505694 1.6152742454396127e-7 0.9914482708260318
vn 0.11267528162470773 -0.5047191804318693 0.8558988432139484
vn 0 1.629206780595638e-7 0.9999999999999868
vn 0.11267528162470773 -0.5047191804318693 0.8558988432139484
vn 0 -0.5047188462519002 0.8632837808265313
vn 0 -0.5047188462519002 0.8632837808265313
vn 0.11267528162470773 -0.5047191804318693 0.8558988432139484
vn 0.06418297496877914 -0.8706970871283373 0.4876137079598828
vn 0 -0.5047188462519002 0.8632837808265313
vn 0.06418297496877914 -0.8706970871283373 0.4876137079598828
vn 0 -0.8706945990063445 0.4918240694203374
vn 0 -0.8706945990063445 0.4918240694203374
vn 0.06418297496877914 -0.8706970871283373 0.4876137079598828
vn -0.0014038556033715741 -0.9999419673146811 -0.010681347868598695
vn 0 -0.8706945990063445 0.4918240694203374
vn -0.0014038556033715741 -0.9999419673146811 -0.010681347868598695
vn 0 -0.9999419705922127 -0.010772903423053252
vn 0 -0.9999419705922127 -0.010772903423053252
vn -0.0014038556033715741 -0.9999419673146811 -0.010681347868598695
vn -0.06628668853539009 -0.861360725231136 -0.5036504501658898
vn 0 -0.9999419705922127 -0.010772903423053252
vn -0.06628668853539009 -0.861360725231136 -0.5036504501658898
vn 0 -0.8613649556229065 -0.5079866270136925
vn 0 -0.8613649556229065 -0.5079866270136925
vn -0.06628668853539009 -0.861360725231136 -0.5036504501658898
vn -0.11337778059083348 -0.4953832251784431 -0.8612438325353051
vn 0 -0.8613649556229065 -0.5079866270136925
vn -0.11337778059083348 -0.4953832251784431 -0.8612438325353051
vn 0 -0.49538952942598163 -0.8686709469845899
vn 0 -0.49538952942598163 -0.8686709469845899
vn -0.11337778059083348 -0.4953832251784431 -0.8612438325353051
vn -0.13050029224505694 -1.6152742454396127e-7 -0.9914482708260318
vn 0 -0.49538952942598163 -0.8686709469845899
vn -0.13050029224505694 -1.6152742454396127e-7 -0.9914482708260318
vn 0 -1.629206780595638e-7 -0.9999999999999868
vn -0.13050029224505694 -1.6152742454396127e-7 -0.9914482708260318
vn -0.2588021893396045 -1.5737002637787596e-7 -0.9659303426194887
vn -0.22480723725958565 0.4953937129492617 -0.8390749521026454
vn -0.13050029224505694 -1.6152742454396127e-7 -0.9914482708260318
vn -0.22480723725958565 0.4953937129492617 -0.8390749521026454
vn -0.11337778059083345 0.49538294454955845 -0.8612439939516012
vn -0.11337778059083345 0.49538294454955845 -0.8612439939516012
vn -0.22480723725958565 0.4953937129492617 -0.8390749521026454
vn -0.13147502721183443 0.861362826889463 -0.4906815644311903
vn -0.11337778059083345 0.49538294454955845 -0.8612439939516012
vn -0.13147502721183443 0.861362826889463 -0.4906815644311903
vn -0.06628668853539009 0.8613605611209446 -0.5036507308328099
vn -0.06628668853539009 0.8613605611209446 -0.5036507308328099
vn -0.13147502721183443 0.861362826889463 -0.4906815644311903
vn -0.0027771927701498284 0.9999419890257562 -0.010407006463526417
vn -0.06628668853539009 0.8613605611209446 -0.5036507308328099
vn -0.0027771927701498284 0.9999419890257562 -0.010407006463526417
vn -0.0014038556033715744 0.9999419638342033 -0.0106816736910448
vn -0.0014038556033715744 0.9999419638342033 -0.0106816736910448
vn -0.0027771927701498284 0.9999419890257562 -0.010407006463526417
vn 0.12729713962176784 0.8706929877190291 0.47506753139004
vn -0.0014038556033715744 0.9999419638342033 -0.0106816736910448
vn 0.12729713962176784 0.8706929877190291 0.47506753139004
vn 0.06418297496877913 0.8706972460130029 0.48761342425073717
vn 0.06418297496877913 0.8706972460130029 0.48761342425073717
vn 0.12729713962176784 0.8706929877190291 0.47506753139004
vn 0.22342887549562532 0.504721684778721 0.8338678303597578
vn 0.06418297496877913 0.8706972460130029 0.48761342425073717
vn 0.22342887549562532 0.504721684778721 0.8338678303597578
vn 0.11267528162470773 0.5047194593190824 0.8558986787555207
vn 0.11267528162470773 0.5047194593190824 0.8558986787555207
vn 0.22342887549562532 0.504721684778721 0.8338678303597578
vn 0.2588021893396045 1.5737002637787596e-7 0.9659303426194887
vn 0.11267528162470773 0.5047194593190824 0.8558986787555207
vn 0.2588021893396045 1.5737002637787596e-7 0.9659303426194887
vn 0.13050029224505694 1.6152742454396127e-7 0.9914482708260318
vn 0.13050029224505694 1.6152742454396127e-7 0.9914482708260318
vn 0.2588021893396045 1.5737002637787596e-7 0.9659303426194887
vn 0.22342887549562532 -0.5047214130700696 0.8338679948189117
vn 0.13050029224505694 1.6152742454396127e-7 0.9914482708260318
vn 0.22342887549562532 -0.5047214130700696 0.8338679948189117
vn 0.11267528162470773 -0.5047191804318693 0.8558988432139484
vn 0.11267528162470773 -0.5047191804318693 0.8558988432139484
vn 0.22342887549562532 -0.5047214130700696 0.8338679948189117
vn 0.12729713962176784 -0.8706928329223341 0.47506781509779866
vn 0.11267528162470773 -0.5047191804318693 0.8558988432139484
vn 0.12729713962176784 -0.8706928329223341 0.47506781509779866
vn 0.06418297496877914 -0.8706970871283373 0.4876137079598828
vn 0.06418297496877914 -0.8706970871283373 0.4876137079598828
vn 0.12729713962176784 -0.8706928329223341 0.47506781509779866
vn -0.0027771927701498284 -0.9999419924167362 -0.01040668064107212
vn 0.06418297496877914 -0.8706970871283373 0.4876137079598828
vn -0.0027771927701498284 -0.9999419924167362 -0.01040668064107212
vn -0.0014038556033715741 -0.9999419673146811 -0.010681347868598695
vn -0.0014038556033715741 -0.9999419673146811 -0.010681347868598695
vn -0.0027771927701498284 -0.9999419924167362 -0.01040668064107212
vn -0.13147502721183443 -0.8613629867737637 -0.49068128376353265
vn -0.0014038556033715741 -0.9999419673146811 -0.010681347868598695
vn -0.13147502721183443 -0.8613629867737637 -0.49068128376353265
vn -0.06628668853539009 -0.861360725231136 -0.5036504501658898
vn -0.06628668853539009 -0.861360725231136 -0.5036504501658898
vn -0.13147502721183443 -0.8613629867737637 -0.49068128376353265
vn -0.22480723725958568 -0.49539398635455567 -0.8390747906828416
vn -0.06628668853539009 -0.861360725231136 -0.5036504501658898
vn -0.22480723725958568 -0.49539398635455567 -0.8390747906828416
vn -0.11337778059083348 -0.4953832251784431 -0.8612438325353051
vn -0.11337778059083348 -0.4953832251784431 -0.8612438325353051
vn -0.22480723725958568 -0.49539398635455567 -0.8390747906828416
vn -0.2588021893396045 -1.5737002637787596e-7 -0.9659303426194887
vn -0.11337778059083348 -0.4953832251784431 -0.8612438325353051
vn -0.2588021893396045 -1.5737002637787596e-7 -0.9659303426194887
vn -0.13050029224505694 -1.6152742454396127e-7 -0.9914482708260318
vn -0.2588021893396045 -1.5737002637787596e-7 -0.9659303426194887
vn -0.38268153944662425 -1.50519207623345e-7 -0.9238803165815035
vn -0.33241233498066647 0.4953833596889555 -0.8025567683946003
vn -0.2588021893396045 -1.5737002637787596e-7 -0.9659303426194887
vn -0.33241233498066647 0.4953833596889555 -0.8025567683946003
vn -0.22480723725958565 0.4953937129492617 -0.8390749521026454
vn -0.22480723725958565 0.4953937129492617 -0.8390749521026454
vn -0.33241233498066647 0.4953833596889555 -0.8025567683946003
vn -0.1944049191556038 0.8613632934059023 -0.46931865952787405
vn -0.22480723725958565 0.4953937129492617 -0.8390749521026454
vn -0.1944049191556038 0.8613632934059023 -0.46931865952787405
vn -0.13147502721183443 0.861362826889463 -0.4906815644311903
vn -0.13147502721183443 0.861362826889463 -0.4906815644311903
vn -0.1944049191556038 0.8613632934059023 -0.46931865952787405
vn -0.0041200111622356535 0.999942017511337 -0.009949227275529585
vn -0.13147502721183443 0.861362826889463 -0.4906815644311903
vn -0.0041200111622356535 0.999942017511337 -0.009949227275529585
vn -0.0027771927701498284 0.9999419890257562 -0.010407006463526417
vn -0.0027771927701498284 0.9999419890257562 -0.010407006463526417
vn -0.0041200111622356535 0.999942017511337 -0.009949227275529585
vn 0.18821535608379225 0.8706983288826478 0.45437803623768586
vn -0.0027771927701498284 0.9999419890257562 -0.010407006463526417
vn 0.18821535608379225 0.8706983288826478 0.45437803623768586
vn 0.12729713962176784 0.8706929877190291 0.47506753139004
vn 0.12729713962176784 0.8706929877190291 0.47506753139004
vn 0.18821535608379225 0.8706983288826478 0.45437803623768586
vn 0.3303715563475657 0.5047285032622278 0.7975611404470245
vn 0.12729713962176784 0.8706929877190291 0.47506753139004
vn 0.3303715563475657 0.5047285032622278 0.7975611404470245
vn 0.22342887549562532 0.504721684778721 0.8338678303597578
vn 0.22342887549562532 0.504721684778721 0.8338678303597578
vn 0.3303715563475657 0.5047285032622278 0.7975611404470245
vn 0.38268153944662425 1.50519207623345e-7 0.9238803165815035
vn 0.22342887549562532 0.504721684778721 0.8338678303597578
vn 0.38268153944662425 1.50519207623345e-7 0.9238803165815035
vn 0.2588021893396045 1.5737002637787596e-7 0.9659303426194887
vn 0.2588021893396045 1.5737002637787596e-7 0.9659303426194887
vn 0.38268153944662425 1.50519207623345e-7 0.9238803165815035
vn 0.3303715563475657 -0.5047282433837975 0.7975613049084023
vn 0.2588021893396045 1.5737002637787596e-7 0.9659303426194887
vn 0.3303715563475657 -0.5047282433837975 0.7975613049084023
vn 0.22342887549562532 -0.5047214130700696 0.8338679948189117
vn 0.22342887549562532 -0.5047214130700696 0.8338679948189117
vn 0.3303715563475657 -0.5047282433837975 0.7975613049084023
vn 0.18821535608379228 -0.8706981808274461 0.454378319947186
vn 0.22342887549562532 -0.5047214130700696 0.8338679948189117
vn 0.18821535608379228 -0.8706981808274461 0.454378319947186
vn 0.12729713962176784 -0.8706928329223341 0.47506781509779866
vn 0.12729713962176784 -0.8706928329223341 0.47506781509779866
vn 0.18821535608379228 -0.8706981808274461 0.454378319947186
vn -0.004120011162235653 -0.9999420207531536 -0.009948901453066029
vn 0.12729713962176784 -0.8706928329223341 0.47506781509779866
vn -0.004120011162235653 -0.9999420207531536 -0.009948901453066029
vn -0.0027771927701498284 -0.9999419924167362 -0.01040668064107212
vn -0.0027771927701498284 -0.9999419924167362 -0.01040668064107212
vn -0.004120011162235653 -0.9999420207531536 -0.009948901453066029
vn -0.1944049191556038 -0.8613634463292852 -0.46931837886006544
vn -0.0027771927701498284 -0.9999419924167362 -0.01040668064107212
vn -0.1944049191556038 -0.8613634463292852 -0.46931837886006544
vn -0.13147502721183443 -0.8613629867737637 -0.49068128376353265
vn -0.13147502721183443 -0.8613629867737637 -0.49068128376353265
vn -0.1944049191556038 -0.8613634463292852 -0.46931837886006544
vn -0.33241233498066647 -0.4953836211951149 -0.8025566069781721
vn -0.13147502721183443 -0.8613629867737637 -0.49068128376353265
vn -0.33241233498066647 -0.4953836211951149 -0.8025566069781721
vn -0.22480723725958568 -0.49539398635455567 -0.8390747906828416
vn -0.22480723725958568 -0.49539398635455567 -0.8390747906828416
vn -0.33241233498066647 -0.4953836211951149 -0.8025566069781721
vn -0.38268153944662425 -1.50519207623345e-7 -0.9238803165815035
vn -0.22480723725958568 -0.49539398635455567 -0.8390747906828416
vn -0.38268153944662425 -1.50519207623345e-7 -0.9238803165815035
vn -0.2588021893396045 -1.5737002637787596e-7 -0.9659303426194887
vn -0.38268153944662425 -1.50519207623345e-7 -0.9238803165815035
vn -0.4999892947649318 -1.410944529459994e-7 -0.8660315843665555
vn -0.43431996946460044 0.4953889135057426 -0.7523004642427574
vn -0.38268153944662425 -1.50519207623345e-7 -0.9238803165815035
vn -0.43431996946460044 0.4953889135057426 -0.7523004642427574
vn -0.33241233498066647 0.4953833596889555 -0.8025567683946003
vn -0.33241233498066647 0.4953833596889555 -0.8025567683946003
vn -0.43431996946460044 0.4953889135057426 -0.7523004642427574
vn -0.25397907484620347 0.8613680668486797 -0.43993145256236765
vn -0.33241233498066647 0.4953833596889555 -0.8025567683946003
vn -0.25397907484620347 0.8613680668486797 -0.43993145256236765
vn -0.1944049191556038 0.8613632934059023 -0.46931865952787405
vn -0.1944049191556038 0.8613632934059023 -0.46931865952787405
vn -0.25397907484620347 0.8613680668486797 -0.43993145256236765
vn -0.0053712755510161485 0.9999422504486531 -0.009308338554112831
vn -0.1944049191556038 0.8613632934059023 -0.46931865952787405
vn -0.0053712755510161485 0.9999422504486531 -0.009308338554112831
vn -0.0041200111622356535 0.999942017511337 -0.009949227275529585
vn -0.0041200111622356535 0.999942017511337 -0.009949227275529585
vn -0.0053712755510161485 0.9999422504486531 -0.009308338554112831
vn 0.24589762748247065 0.8706980150384905 0.425933472982019
vn -0.0041200111622356535 0.999942017511337 -0.009949227275529585
vn 0.24589762748247065 0.8706980150384905 0.425933472982019
vn 0.18821535608379225 0.8706983288826478 0.45437803623768586
vn 0.18821535608379225 0.8706983288826478 0.45437803623768586
vn 0.24589762748247065 0.8706980150384905 0.425933472982019
vn 0.431632012700558 0.5047254246518402 0.7476269466265143
vn 0.18821535608379225 0.8706983288826478 0.45437803623768586
vn 0.431632012700558 0.5047254246518402 0.7476269466265143
vn 0.3303715563475657 0.5047285032622278 0.7975611404470245
vn 0.3303715563475657 0.5047285032622278 0.7975611404470245
vn 0.431632012700558 0.5047254246518402 0.7476269466265143
vn 0.4999892947649318 1.410944529459994e-7 0.8660315843665555
vn 0.3303715563475657 0.5047285032622278 0.7975611404470245
vn 0.4999892947649318 1.410944529459994e-7 0.8660315843665555
vn 0.38268153944662425 1.50519207623345e-7 0.9238803165815035
vn 0.38268153944662425 1.50519207623345e-7 0.9238803165815035
vn 0.4999892947649318 1.410944529459994e-7 0.8660315843665555
vn 0.431632012700558 -0.5047251810440353 0.7476271110868916
vn 0.38268153944662425 1.50519207623345e-7 0.9238803165815035
vn 0.431632012700558 -0.5047251810440353 0.7476271110868916
vn 0.3303715563475657 -0.5047282433837975 0.7975613049084023
vn 0.3303715563475657 -0.5047282433837975 0.7975613049084023
vn 0.431632012700558 -0.5047251810440353 0.7476271110868916
vn 0.2458976274824707 -0.870697876251704 0.42593375669141836
vn 0.3303715563475657 -0.5047282433837975 0.7975613049084023
vn 0.2458976274824707 -0.870697876251704 0.42593375669141836
vn 0.18821535608379228 -0.8706981808274461 0.454378319947186
vn 0.18821535608379228 -0.8706981808274461 0.454378319947186
vn 0.2458976274824707 -0.870697876251704 0.42593375669141836
vn -0.0053712755510161485 -0.9999422534816418 -0.00930801273157341
vn 0.18821535608379228 -0.8706981808274461 0.454378319947186
vn -0.0053712755510161485 -0.9999422534816418 -0.00930801273157341
vn -0.004120011162235653 -0.9999420207531536 -0.009948901453066029
vn -0.004120011162235653 -0.9999420207531536 -0.009948901453066029
vn -0.0053712755510161485 -0.9999422534816418 -0.00930801273157341
vn -0.25397907484620347 -0.8613682101964951 -0.4399311718930054
vn -0.004120011162235653 -0.9999420207531536 -0.009948901453066029
vn -0.25397907484620347 -0.8613682101964951 -0.4399311718930054
vn -0.1944049191556038 -0.8613634463292852 -0.46931837886006544
vn -0.1944049191556038 -0.8613634463292852 -0.46931837886006544
vn -0.25397907484620347 -0.8613682101964951 -0.4399311718930054
vn -0.43431996946460044 -0.49538915863631977 -0.7523003028245222
vn -0.1944049191556038 -0.8613634463292852 -0.46931837886006544
vn -0.43431996946460044 -0.49538915863631977 -0.7523003028245222
vn -0.33241233498066647 -0.4953836211951149 -0.8025566069781721
vn -0.33241233498066647 -0.4953836211951149 -0.8025566069781721
vn -0.43431996946460044 -0.49538915863631977 -0.7523003028245222
vn -0.4999892947649318 -1.410944529459994e-7 -0.8660315843665555
vn -0.33241233498066647 -0.4953836211951149 -0.8025566069781721
vn -0.4999892947649318 -1.410944529459994e-7 -0.8660315843665555
vn -0.38268153944662425 -1.50519207623345e-7 -0.9238803165815035
vn -0.4999892947649318 -1.410944529459994e-7 -0.8660315843665555
vn -0.608767851899212 -1.2925286118674673e-7 -0.7933484117927019
vn -0.5288119453978245 0.4953929384337252 -0.6891616377560258
vn -0.4999892947649318 -1.410944529459994e-7 -0.8660315843665555
vn -0.5288119453978245 0.4953929384337252 -0.6891616377560258
vn -0.43431996946460044 0.4953889135057426 -0.7523004642427574
vn -0.43431996946460044 0.4953889135057426 -0.7523004642427574
vn -0.5288119453978245 0.4953929384337252 -0.6891616377560258
vn -0.3092487234044408 0.861367337027154 -0.4030031485925055
vn -0.43431996946460044 0.4953889135057426 -0.7523004642427574
vn -0.3092487234044408 0.861367337027154 -0.4030031485925055
vn -0.25397907484620347 0.8613680668486797 -0.43993145256236765
vn -0.25397907484620347 0.8613680668486797 -0.43993145256236765
vn -0.3092487234044408 0.861367337027154 -0.4030031485925055
vn -0.006561499345141352 0.9999419599981871 -0.008545370754266009
vn -0.25397907484620347 0.8613680668486797 -0.43993145256236765
vn -0.006561499345141352 0.9999419599981871 -0.008545370754266009
vn -0.0053712755510161485 0.9999422504486531 -0.009308338554112831
vn -0.0053712755510161485 0.9999422504486531 -0.009308338554112831
vn -0.006561499345141352 0.9999419599981871 -0.008545370754266009
vn 0.2993977594018915 0.8706950971972234 0.39019357937034915
vn -0.0053712755510161485 0.9999422504486531 -0.009308338554112831
vn 0.2993977594018915 0.8706950971972234 0.39019357937034915
vn 0.24589762748247065 0.8706980150384905 0.425933472982019
vn 0.24589762748247065 0.8706980150384905 0.425933472982019
vn 0.2993977594018915 0.8706950971972234 0.39019357937034915
vn 0.5255394837001361 0.5047255354511593 0.6848798324784684
vn 0.24589762748247065 0.8706980150384905 0.425933472982019
vn 0.5255394837001361 0.5047255354511593 0.6848798324784684
vn 0.431632012700558 0.5047254246518402 0.7476269466265143
vn 0.431632012700558 0.5047254246518402 0.7476269466265143
vn 0.5255394837001361 0.5047255354511593 0.6848798324784684
vn 0.608767851899212 1.2925286118674673e-7 0.7933484117927019
vn 0.431632012700558 0.5047254246518402 0.7476269466265143
vn 0.608767851899212 1.2925286118674673e-7 0.7933484117927019
vn 0.4999892947649318 1.410944529459994e-7 0.8660315843665555
vn 0.4999892947649318 1.410944529459994e-7 0.8660315843665555
vn 0.608767851899212 1.2925286118674673e-7 0.7933484117927019
vn 0.5255394837001361 -0.504725312288959 0.6848799969388849
vn 0.4999892947649318 1.410944529459994e-7 0.8660315843665555
vn 0.5255394837001361 -0.504725312288959 0.6848799969388849
vn 0.431632012700558 -0.5047251810440353 0.7476271110868916
vn 0.431632012700558 -0.5047251810440353 0.7476271110868916
vn 0.5255394837001361 -0.504725312288959 0.6848799969388849
vn 0.2993977594018915 -0.870694970055972 0.39019386307879966
vn 0.431632012700558 -0.5047251810440353 0.7476271110868916
vn 0.2993977594018915 -0.870694970055972 0.39019386307879966
vn 0.2458976274824707 -0.870697876251704 0.42593375669141836
vn 0.2458976274824707 -0.870697876251704 0.42593375669141836
vn 0.2993977594018915 -0.870694970055972 0.39019386307879966
vn -0.006561499345141351 -0.9999419627825691 -0.00854504493182127
vn 0.2458976274824707 -0.870697876251704 0.42593375669141836
vn -0.006561499345141351 -0.9999419627825691 -0.00854504493182127
vn -0.0053712755510161485 -0.9999422534816418 -0.00930801273157341
vn -0.0053712755510161485 -0.9999422534816418 -0.00930801273157341
vn -0.006561499345141351 -0.9999419627825691 -0.00854504493182127
vn -0.3092487234044408 -0.8613674683422007 -0.4030028679233829
vn -0.0053712755510161485 -0.9999422534816418 -0.00930801273157341
vn -0.3092487234044408 -0.8613674683422007 -0.4030028679233829
vn -0.25397907484620347 -0.8613682101964951 -0.4399311718930054
vn -0.25397907484620347 -0.8613682101964951 -0.4399311718930054
vn -0.3092487234044408 -0.8613674683422007 -0.4030028679233829
vn -0.5288119453978245 -0.49539316299106156 -0.6891614763364823
vn -0.25397907484620347 -0.8613682101964951 -0.4399311718930054
vn -0.5288119453978245 -0.49539316299106156 -0.6891614763364823
vn -0.43431996946460044 -0.49538915863631977 -0.7523003028245222
vn -0.43431996946460044 -0.49538915863631977 -0.7523003028245222
vn -0.5288119453978245 -0.49539316299106156 -0.6891614763364823
vn -0.608767851899212 -1.2925286118674673e-7 -0.7933484117927019
vn -0.43431996946460044 -0.49538915863631977 -0.7523003028245222
vn -0.608767851899212 -1.2925286118674673e-7 -0.7933484117927019
vn -0.4999892947649318 -1.410944529459994e-7 -0.8660315843665555
vn -0.608767851899212 -1.2925286118674673e-7 -0.7933484117927019
vn -0.7071067811865521 -1.1520231625142716e-7 -0.7071067811865334
vn -0.6142403126265049 0.49539638426004123 -0.6142403933368198
vn -0.608767851899212 -1.2925286118674673e-7 -0.7933484117927019
vn -0.6142403126265049 0.49539638426004123 -0.6142403933368198
vn -0.5288119453978245 0.4953929384337252 -0.6891616377560258
vn -0.5288119453978245 0.4953929384337252 -0.6891616377560258
vn -0.6142403126265049 0.49539638426004123 -0.6142403933368198
vn -0.3592055951474114 0.8613608883693359 -0.3592057354809114
vn -0.5288119453978245 0.4953929384337252 -0.6891616377560258
vn -0.3592055951474114 0.8613608883693359 -0.3592057354809114
vn -0.3092487234044408 0.861367337027154 -0.4030031485925055
vn -0.3092487234044408 0.861367337027154 -0.4030031485925055
vn -0.3592055951474114 0.8613608883693359 -0.3592057354809114
vn -0.00759913360903547 0.9999422502628783 -0.007599296520304902
vn -0.3092487234044408 0.861367337027154 -0.4030031485925055
vn -0.00759913360903547 0.9999422502628783 -0.007599296520304902
vn -0.006561499345141352 0.9999419599981871 -0.008545370754266009
vn -0.006561499345141352 0.9999419599981871 -0.008545370754266009
vn -0.00759913360903547 0.9999422502628783 -0.007599296520304902
vn 0.3477714309443954 0.8706952178021133 0.34777128909014016
vn -0.006561499345141352 0.9999419599981871 -0.008545370754266009
vn 0.3477714309443954 0.8706952178021133 0.34777128909014016
vn 0.2993977594018915 0.8706950971972234 0.39019357937034915
vn 0.2993977594018915 0.8706950971972234 0.39019357937034915
vn 0.3477714309443954 0.8706952178021133 0.34777128909014016
vn 0.6104343216896493 0.5047177213030466 0.6104342394606959
vn 0.2993977594018915 0.8706950971972234 0.39019357937034915
vn 0.6104343216896493 0.5047177213030466 0.6104342394606959
vn 0.5255394837001361 0.5047255354511593 0.6848798324784684
vn 0.5255394837001361 0.5047255354511593 0.6848798324784684
vn 0.6104343216896493 0.5047177213030466 0.6104342394606959
vn 0.7071067811865521 1.1520231625142716e-7 0.7071067811865334
vn 0.5255394837001361 0.5047255354511593 0.6848798324784684
vn 0.7071067811865521 1.1520231625142716e-7 0.7071067811865334
vn 0.608767851899212 1.2925286118674673e-7 0.7933484117927019
vn 0.608767851899212 1.2925286118674673e-7 0.7933484117927019
vn 0.7071067811865521 1.1520231625142716e-7 0.7071067811865334
vn 0.6104343216896492 -0.5047175223982993 0.6104344039185701
vn 0.608767851899212 1.2925286118674673e-7 0.7933484117927019
vn 0.6104343216896492 -0.5047175223982993 0.6104344039185701
vn 0.5255394837001361 -0.504725312288959 0.6848799969388849
vn 0.5255394837001361 -0.504725312288959 0.6848799969388849
vn 0.6104343216896492 -0.5047175223982993 0.6104344039185701
vn 0.3477714309443954 -0.8706951044837988 0.34777157279863224
vn 0.5255394837001361 -0.504725312288959 0.6848799969388849
vn 0.3477714309443954 -0.8706951044837988 0.34777157279863224
vn 0.2993977594018915 -0.870694970055972 0.39019386307879966
vn 0.2993977594018915 -0.870694970055972 0.39019386307879966
vn 0.3477714309443954 -0.8706951044837988 0.34777157279863224
vn -0.007599133609035471 -0.9999422527389903 -0.007598970697765634
vn 0.2993977594018915 -0.870694970055972 0.39019386307879966
vn -0.007599133609035471 -0.9999422527389903 -0.007598970697765634
vn -0.006561499345141351 -0.9999419627825691 -0.00854504493182127
vn -0.006561499345141351 -0.9999419627825691 -0.00854504493182127
vn -0.007599133609035471 -0.9999422527389903 -0.007598970697765634
vn -0.35920559514741135 -0.8613610054133741 -0.3592054548138923
vn -0.006561499345141351 -0.9999419627825691 -0.00854504493182127
vn -0.35920559514741135 -0.8613610054133741 -0.3592054548138923
vn -0.3092487234044408 -0.8613674683422007 -0.4030028679233829
vn -0.3092487234044408 -0.8613674683422007 -0.4030028679233829
vn -0.35920559514741135 -0.8613610054133741 -0.3592054548138923
vn -0.6142403126265049 -0.4953965844049377 -0.6142402319161574
vn -0.3092487234044408 -0.8613674683422007 -0.4030028679233829
vn -0.6142403126265049 -0.4953965844049377 -0.6142402319161574
vn -0.5288119453978245 -0.49539316299106156 -0.6891614763364823
vn -0.5288119453978245 -0.49539316299106156 -0.6891614763364823
vn -0.6142403126265049 -0.4953965844049377 -0.6142402319161574
vn -0.7071067811865521 -1.1520231625142716e-7 -0.7071067811865334
vn -0.5288119453978245 -0.49539316299106156 -0.6891614763364823
vn -0.7071067811865521 -1.1520231625142716e-7 -0.7071067811865334
vn -0.608767851899212 -1.2925286118674673e-7 -0.7933484117927019
vn -0.7071067811865521 -1.1520231625142716e-7 -0.7071067811865334
vn -0.7933484117927201 -9.918087121228208e-8 -0.6087678518991938
vn -0.6891615570462706 0.4953929645579914 -0.5288120261075808
vn -0.7071067811865521 -1.1520231625142716e-7 -0.7071067811865334
vn -0.6891615570462706 0.4953929645579914 -0.5288120261075808
vn -0.6142403126265049 0.49539638426004123 -0.6142403933368198
vn -0.6142403126265049 0.49539638426004123 -0.6142403933368198
vn -0.6891615570462706 0.4953929645579914 -0.5288120261075808
vn -0.4030030082579545 0.8613673523016647 -0.3092488637389936
vn -0.6142403126265049 0.49539638426004123 -0.6142403933368198
vn -0.4030030082579545 0.8613673523016647 -0.3092488637389936
vn -0.3592055951474114 0.8613608883693359 -0.3592057354809114
vn -0.3592055951474114 0.8613608883693359 -0.3592057354809114
vn -0.4030030082579545 0.8613673523016647 -0.3092488637389936
vn -0.008545207843043866 0.9999419603213742 -0.006561662256363547
vn -0.3592055951474114 0.8613608883693359 -0.3592057354809114
vn -0.008545207843043866 0.9999419603213742 -0.006561662256363547
vn -0.00759913360903547 0.9999422502628783 -0.007599296520304902
vn -0.00759913360903547 0.9999422502628783 -0.007599296520304902
vn -0.008545207843043866 0.9999419603213742 -0.006561662256363547
vn 0.3901937212245844 0.8706950824046829 0.29939761754765803
vn -0.00759913360903547 0.9999422502628783 -0.007599296520304902
vn 0.3901937212245844 0.8706950824046829 0.29939761754765803
vn 0.3477714309443954 0.8706952178021133 0.34777128909014016
vn 0.3477714309443954 0.8706952178021133 0.34777128909014016
vn 0.3901937212245844 0.8706950824046829 0.29939761754765803
vn 0.6848799147086932 0.5047255094913069 0.5255394014699126
vn 0.3477714309443954 0.8706952178021133 0.34777128909014016
vn 0.6848799147086932 0.5047255094913069 0.5255394014699126
vn 0.6104343216896493 0.5047177213030466 0.6104342394606959
vn 0.6104343216896493 0.5047177213030466 0.6104342394606959
vn 0.6848799147086932 0.5047255094913069 0.5255394014699126
vn 0.7933484117927201 9.918087121228208e-8 0.6087678518991938
vn 0.6104343216896493 0.5047177213030466 0.6104342394606959
vn 0.7933484117927201 9.918087121228208e-8 0.6087678518991938
vn 0.7071067811865521 1.1520231625142716e-7 0.7071067811865334
vn 0.7071067811865521 1.1520231625142716e-7 0.7071067811865334
vn 0.7933484117927201 9.918087121228208e-8 0.6087678518991938
vn 0.6848799147086932 -0.5047253382488088 0.5255395659303291
vn 0.7071067811865521 1.1520231625142716e-7 0.7071067811865334
vn 0.6848799147086932 -0.5047253382488088 0.5255395659303291
vn 0.6104343216896492 -0.5047175223982993 0.6104344039185701
vn 0.6104343216896492 -0.5047175223982993 0.6104344039185701
vn 0.6848799147086932 -0.5047253382488088 0.5255395659303291
vn 0.3901937212245844 -0.8706949848485109 0.2993979012561086
vn 0.6104343216896492 -0.5047175223982993 0.6104344039185701
vn 0.3901937212245844 -0.8706949848485109 0.2993979012561086
vn 0.3477714309443954 -0.8706951044837988 0.34777157279863224
vn 0.3477714309443954 -0.8706951044837988 0.34777157279863224
vn 0.3901937212245844 -0.8706949848485109 0.2993979012561086
vn -0.008545207843043865 -0.999941962459382 -0.006561336433918806
vn 0.3477714309443954 -0.8706951044837988 0.34777157279863224
vn -0.008545207843043865 -0.999941962459382 -0.006561336433918806
vn -0.007599133609035471 -0.9999422527389903 -0.007598970697765634
vn -0.007599133609035471 -0.9999422527389903 -0.007598970697765634
vn -0.008545207843043865 -0.999941962459382 -0.006561336433918806
vn -0.4030030082579545 -0.8613674530676881 -0.30924858306987096
vn -0.007599133609035471 -0.9999422527389903 -0.007598970697765634
vn -0.4030030082579545 -0.8613674530676881 -0.30924858306987096
vn -0.35920559514741135 -0.8613610054133741 -0.3592054548138923
vn -0.35920559514741135 -0.8613610054133741 -0.3592054548138923
vn -0.4030030082579545 -0.8613674530676881 -0.30924858306987096
vn -0.6891615570462706 -0.49539313686679287 -0.5288118646880374
vn -0.35920559514741135 -0.8613610054133741 -0.3592054548138923
vn -0.6891615570462706 -0.49539313686679287 -0.5288118646880374
vn -0.6142403126265049 -0.4953965844049377 -0.6142402319161574
vn -0.6142403126265049 -0.4953965844049377 -0.6142402319161574
vn -0.6891615570462706 -0.49539313686679287 -0.5288118646880374
vn -0.7933484117927201 -9.918087121228208e-8 -0.6087678518991938
vn -0.6142403126265049 -0.4953965844049377 -0.6142402319161574
vn -0.7933484117927201 -9.918087121228208e-8 -0.6087678518991938
vn -0.7071067811865521 -1.1520231625142716e-7 -0.7071067811865334
vn -0.7933484117927201 -9.918087121228208e-8 -0.6087678518991938
vn -0.8660315843665726 -8.145859492562417e-8 -0.4999892947649152
vn -0.752300383533656 0.4953889653113247 -0.43432005017370434
vn -0.7933484117927201 -9.918087121228208e-8 -0.6087678518991938
vn -0.752300383533656 0.4953889653113247 -0.43432005017370434
vn -0.6891615570462706 0.4953929645579914 -0.5288120261075808
vn -0.6891615570462706 0.4953929645579914 -0.5288120261075808
vn -0.752300383533656 0.4953889653113247 -0.43432005017370434
vn -0.43993131222769744 0.861368097144143 -0.2539792151808775
vn -0.6891615570462706 0.4953929645579914 -0.5288120261075808
vn -0.43993131222769744 0.861368097144143 -0.2539792151808775
vn -0.4030030082579545 0.8613673523016647 -0.3092488637389936
vn -0.4030030082579545 0.8613673523016647 -0.3092488637389936
vn -0.43993131222769744 0.861368097144143 -0.2539792151808775
vn -0.009308175642843367 0.9999422510900557 -0.005371438462285717
vn -0.4030030082579545 0.8613673523016647 -0.3092488637389936
vn -0.009308175642843367 0.9999422510900557 -0.005371438462285717
vn -0.008545207843043866 0.9999419603213742 -0.006561662256363547
vn -0.008545207843043866 0.9999419603213742 -0.006561662256363547
vn -0.009308175642843367 0.9999422510900557 -0.005371438462285717
vn 0.4259336148367293 0.8706979857069042 0.24589748562776403
vn -0.008545207843043866 0.9999419603213742 -0.006561662256363547
vn 0.4259336148367293 0.8706979857069042 0.24589748562776403
vn 0.3901937212245844 0.8706950824046829 0.29939761754765803
vn 0.3901937212245844 0.8706950824046829 0.29939761754765803
vn 0.4259336148367293 0.8706979857069042 0.24589748562776403
vn 0.7476270288567191 0.5047253731697154 0.43163193047035575
vn 0.3901937212245844 0.8706950824046829 0.29939761754765803
vn 0.7476270288567191 0.5047253731697154 0.43163193047035575
vn 0.6848799147086932 0.5047255094913069 0.5255394014699126
vn 0.6848799147086932 0.5047255094913069 0.5255394014699126
vn 0.7476270288567191 0.5047253731697154 0.43163193047035575
vn 0.8660315843665726 8.145859492562417e-8 0.4999892947649152
vn 0.6848799147086932 0.5047255094913069 0.5255394014699126
vn 0.8660315843665726 8.145859492562417e-8 0.4999892947649152
vn 0.7933484117927201 9.918087121228208e-8 0.6087678518991938
vn 0.7933484117927201 9.918087121228208e-8 0.6087678518991938
vn 0.8660315843665726 8.145859492562417e-8 0.4999892947649152
vn 0.7476270288567191 -0.5047252325261551 0.431632094930733
vn 0.7933484117927201 9.918087121228208e-8 0.6087678518991938
vn 0.7476270288567191 -0.5047252325261551 0.431632094930733
vn 0.6848799147086932 -0.5047253382488088 0.5255395659303291
vn 0.6848799147086932 -0.5047253382488088 0.5255395659303291
vn 0.7476270288567191 -0.5047252325261551 0.431632094930733
vn 0.4259336148367293 -0.8706979055832876 0.24589776933716342
vn 0.6848799147086932 -0.5047253382488088 0.5255395659303291
vn 0.4259336148367293 -0.8706979055832876 0.24589776933716342
vn 0.3901937212245844 -0.8706949848485109 0.2993979012561086
vn 0.3901937212245844 -0.8706949848485109 0.2993979012561086
vn 0.4259336148367293 -0.8706979055832876 0.24589776933716342
vn -0.009308175642843367 -0.9999422528402393 -0.005371112639746296
vn 0.3901937212245844 -0.8706949848485109 0.2993979012561086
vn -0.009308175642843367 -0.9999422528402393 -0.005371112639746296
vn -0.008545207843043865 -0.999941962459382 -0.006561336433918806
vn -0.008545207843043865 -0.999941962459382 -0.006561336433918806
vn -0.009308175642843367 -0.9999422528402393 -0.005371112639746296
vn -0.4399313122276974 -0.8613681799010291 -0.2539789345115151
vn -0.008545207843043865 -0.999941962459382 -0.006561336433918806
vn -0.4399313122276974 -0.8613681799010291 -0.2539789345115151
vn -0.4030030082579545 -0.8613674530676881 -0.30924858306987096
vn -0.4030030082579545 -0.8613674530676881 -0.30924858306987096
vn -0.4399313122276974 -0.8613681799010291 -0.2539789345115151
vn -0.752300383533656 -0.4953891068307326 -0.434319888755469
vn -0.4030030082579545 -0.8613674530676881 -0.30924858306987096
vn -0.752300383533656 -0.4953891068307326 -0.434319888755469
vn -0.6891615570462706 -0.49539313686679287 -0.5288118646880374
vn -0.6891615570462706 -0.49539313686679287 -0.5288118646880374
vn -0.752300383533656 -0.4953891068307326 -0.434319888755469
vn -0.8660315843665726 -8.145859492562417e-8 -0.4999892947649152
vn -0.6891615570462706 -0.49539313686679287 -0.5288118646880374
vn -0.8660315843665726 -8.145859492562417e-8 -0.4999892947649152
vn -0.7933484117927201 -9.918087121228208e-8 -0.6087678518991938
vn -0.8660315843665726 -8.145859492562417e-8 -0.4999892947649152
vn -0.9238803165815193 -6.234673588752032e-8 -0.3826815394466105
vn -0.8025566876864015 0.49538343628518866 -0.3324124156888694
vn -0.8660315843665726 -8.145859492562417e-8 -0.4999892947649152
vn -0.8025566876864015 0.49538343628518866 -0.3324124156888694
vn -0.752300383533656 0.4953889653113247 -0.43432005017370434
vn -0.752300383533656 0.4953889653113247 -0.43432005017370434
vn -0.8025566876864015 0.49538343628518866 -0.3324124156888694
vn -0.4693185191939811 0.8613633381950105 -0.1944050594895024
vn -0.752300383533656 0.4953889653113247 -0.43432005017370434
vn -0.4693185191939811 0.8613633381950105 -0.1944050594895024
vn -0.43993131222769744 0.861368097144143 -0.2539792151808775
vn -0.43993131222769744 0.861368097144143 -0.2539792151808775
vn -0.4693185191939811 0.8613633381950105 -0.1944050594895024
vn -0.009949064364298071 0.9999420184610103 -0.004120174073467321
vn -0.43993131222769744 0.861368097144143 -0.2539792151808775
vn -0.009949064364298071 0.9999420184610103 -0.004120174073467321
vn -0.009308175642843367 0.9999422510900557 -0.005371438462285717
vn -0.009308175642843367 0.9999422510900557 -0.005371438462285717
vn -0.009949064364298071 0.9999420184610103 -0.004120174073467321
vn 0.4543781780924469 0.8706982855192184 0.18821521422903678
vn -0.009308175642843367 0.9999422510900557 -0.005371438462285717
vn 0.4543781780924469 0.8706982855192184 0.18821521422903678
vn 0.4259336148367293 0.8706979857069042 0.24589748562776403
vn 0.4259336148367293 0.8706979857069042 0.24589748562776403
vn 0.4543781780924469 0.8706982855192184 0.18821521422903678
vn 0.797561222677729 0.5047284271473672 0.33037147411686585
vn 0.4259336148367293 0.8706979857069042 0.24589748562776403
vn 0.797561222677729 0.5047284271473672 0.33037147411686585
vn 0.7476270288567191 0.5047253731697154 0.43163193047035575
vn 0.7476270288567191 0.5047253731697154 0.43163193047035575
vn 0.797561222677729 0.5047284271473672 0.33037147411686585
vn 0.9238803165815193 6.234673588752032e-8 0.3826815394466105
vn 0.7476270288567191 0.5047253731697154 0.43163193047035575
vn 0.9238803165815193 6.234673588752032e-8 0.3826815394466105
vn 0.8660315843665726 8.145859492562417e-8 0.4999892947649152
vn 0.8660315843665726 8.145859492562417e-8 0.4999892947649152
vn 0.9238803165815193 6.234673588752032e-8 0.3826815394466105
vn 0.797561222677729 -0.5047283194986513 0.3303716385782435
vn 0.8660315843665726 8.145859492562417e-8 0.4999892947649152
vn 0.797561222677729 -0.5047283194986513 0.3303716385782435
vn 0.7476270288567191 -0.5047252325261551 0.431632094930733
vn 0.7476270288567191 -0.5047252325261551 0.431632094930733
vn 0.797561222677729 -0.5047283194986513 0.3303716385782435
vn 0.45437817809244696 -0.8706982241908715 0.18821549793853695
vn 0.7476270288567191 -0.5047252325261551 0.431632094930733
vn 0.45437817809244696 -0.8706982241908715 0.18821549793853695
vn 0.4259336148367293 -0.8706979055832876 0.24589776933716342
vn 0.4259336148367293 -0.8706979055832876 0.24589776933716342
vn 0.45437817809244696 -0.8706982241908715 0.18821549793853695
vn -0.009949064364298071 -0.9999420198034803 -0.004119848251003766
vn 0.4259336148367293 -0.8706979055832876 0.24589776933716342
vn -0.009949064364298071 -0.9999420198034803 -0.004119848251003766
vn -0.009308175642843367 -0.9999422528402393 -0.005371112639746296
vn -0.009308175642843367 -0.9999422528402393 -0.005371112639746296
vn -0.009949064364298071 -0.9999420198034803 -0.004119848251003766
vn -0.4693185191939811 -0.8613634015401729 -0.19440477882169388
vn -0.009308175642843367 -0.9999422528402393 -0.005371112639746296
vn -0.4693185191939811 -0.8613634015401729 -0.19440477882169388
vn -0.4399313122276974 -0.8613681799010291 -0.2539789345115151
vn -0.4399313122276974 -0.8613681799010291 -0.2539789345115151
vn -0.4693185191939811 -0.8613634015401729 -0.19440477882169388
vn -0.8025566876864018 -0.4953835445988748 -0.3324122542724412
vn -0.4399313122276974 -0.8613681799010291 -0.2539789345115151
vn -0.8025566876864018 -0.4953835445988748 -0.3324122542724412
vn -0.752300383533656 -0.4953891068307326 -0.434319888755469
vn -0.752300383533656 -0.4953891068307326 -0.434319888755469
vn -0.8025566876864018 -0.4953835445988748 -0.3324122542724412
vn -0.9238803165815193 -6.234673588752032e-8 -0.3826815394466105
vn -0.752300383533656 -0.4953891068307326 -0.434319888755469
vn -0.9238803165815193 -6.234673588752032e-8 -0.3826815394466105
vn -0.8660315843665726 -8.145859492562417e-8 -0.4999892947649152
vn -0.9238803165815193 -6.234673588752032e-8 -0.3826815394466105
vn -0.9659303426195032 -4.216422817050693e-8 -0.25880218933959465
vn -0.8390748713927585 0.49539381302615687 -0.22480731796947967
vn -0.9238803165815193 -6.234673588752032e-8 -0.3826815394466105
vn -0.8390748713927585 0.49539381302615687 -0.22480731796947967
vn -0.8025566876864015 0.49538343628518866 -0.3324124156888694
vn -0.8025566876864015 0.49538343628518866 -0.3324124156888694
vn -0.8390748713927585 0.49539381302615687 -0.22480731796947967
vn -0.490681424097373 0.8613628854116101 -0.13147516754565938
vn -0.8025566876864015 0.49538343628518866 -0.3324124156888694
vn -0.490681424097373 0.8613628854116101 -0.13147516754565938
vn -0.4693185191939811 0.8613633381950105 -0.1944050594895024
vn -0.4693185191939811 0.8613633381950105 -0.1944050594895024
vn -0.490681424097373 0.8613628854116101 -0.13147516754565938
vn -0.010406843552299545 0.999941990268784 -0.0027773556813769037
vn -0.4693185191939811 0.8613633381950105 -0.1944050594895024
vn -0.010406843552299545 0.999941990268784 -0.0027773556813769037
vn -0.009949064364298071 0.9999420184610103 -0.004120174073467321
vn -0.009949064364298071 0.9999420184610103 -0.004120174073467321
vn -0.010406843552299545 0.999941990268784 -0.0027773556813769037
vn 0.4750676732439306 0.8706929310600157 0.12729699776788478
vn -0.009949064364298071 0.9999420184610103 -0.004120174073467321
vn 0.4750676732439306 0.8706929310600157 0.12729699776788478
vn 0.4543781780924469 0.8706982855192184 0.18821521422903678
vn 0.4543781780924469 0.8706982855192184 0.18821521422903678
vn 0.4750676732439306 0.8706929310600157 0.12729699776788478
vn 0.8338679125893497 0.5047215853255748 0.22342879326604045
vn 0.4543781780924469 0.8706982855192184 0.18821521422903678
vn 0.8338679125893497 0.5047215853255748 0.22342879326604045
vn 0.797561222677729 0.5047284271473672 0.33037147411686585
vn 0.797561222677729 0.5047284271473672 0.33037147411686585
vn 0.8338679125893497 0.5047215853255748 0.22342879326604045
vn 0.9659303426195032 4.216422817050693e-8 0.25880218933959465
vn 0.797561222677729 0.5047284271473672 0.33037147411686585
vn 0.9659303426195032 4.216422817050693e-8 0.25880218933959465
vn 0.9238803165815193 6.234673588752032e-8 0.3826815394466105
vn 0.9238803165815193 6.234673588752032e-8 0.3826815394466105
vn 0.9659303426195032 4.216422817050693e-8 0.25880218933959465
vn 0.8338679125893497 -0.5047215125232071 0.2234289577251944
vn 0.9238803165815193 6.234673588752032e-8 0.3826815394466105
vn 0.8338679125893497 -0.5047215125232071 0.2234289577251944
vn 0.797561222677729 -0.5047283194986513 0.3303716385782435
vn 0.797561222677729 -0.5047283194986513 0.3303716385782435
vn 0.8338679125893497 -0.5047215125232071 0.2234289577251944
vn 0.4750676732439306 -0.870692889581343 0.12729728147564345
vn 0.797561222677729 -0.5047283194986513 0.3303716385782435
vn 0.4750676732439306 -0.870692889581343 0.12729728147564345
vn 0.45437817809244696 -0.8706982241908715 0.18821549793853695
vn 0.45437817809244696 -0.8706982241908715 0.18821549793853695
vn 0.4750676732439306 -0.870692889581343 0.12729728147564345
vn -0.010406843552299544 -0.9999419911737082 -0.002777029858922606
vn 0.45437817809244696 -0.8706982241908715 0.18821549793853695
vn -0.010406843552299544 -0.9999419911737082 -0.002777029858922606
vn -0.009949064364298071 -0.9999420198034803 -0.004119848251003766
vn -0.009949064364298071 -0.9999420198034803 -0.004119848251003766
vn -0.010406843552299544 -0.9999419911737082 -0.002777029858922606
vn -0.49068142409737303 -0.8613629282516113 -0.13147488687800168
vn -0.009949064364298071 -0.9999420198034803 -0.004119848251003766
vn -0.49068142409737303 -0.8613629282516113 -0.13147488687800168
vn -0.4693185191939811 -0.8613634015401729 -0.19440477882169388
vn -0.4693185191939811 -0.8613634015401729 -0.19440477882169388
vn -0.49068142409737303 -0.8613629282516113 -0.13147488687800168
vn -0.8390748713927584 -0.4953938862776519 -0.2248071565496759
vn -0.4693185191939811 -0.8613634015401729 -0.19440477882169388
vn -0.8390748713927584 -0.4953938862776519 -0.2248071565496759
vn -0.8025566876864018 -0.4953835445988748 -0.3324122542724412
vn -0.8025566876864018 -0.4953835445988748 -0.3324122542724412
vn -0.8390748713927584 -0.4953938862776519 -0.2248071565496759
vn -0.9659303426195032 -4.216422817050693e-8 -0.25880218933959465
vn -0.8025566876864018 -0.4953835445988748 -0.3324122542724412
vn -0.9659303426195032 -4.216422817050693e-8 -0.25880218933959465
vn -0.9238803165815193 -6.234673588752032e-8 -0.3826815394466105
vn -0.9659303426195032 -4.216422817050693e-8 -0.25880218933959465
vn -0.9914482708260455 -2.1261196099535358e-8 -0.13050029224505183
vn -0.8612439132434678 0.4953830663924111 -0.11337786129897745
vn -0.9659303426195032 -4.216422817050693e-8 -0.25880218933959465
vn -0.8612439132434678 0.4953830663924111 -0.11337786129897745
vn -0.8390748713927585 0.49539381302615687 -0.22480731796947967
vn -0.8390748713927585 0.49539381302615687 -0.22480731796947967
vn -0.8612439132434678 0.4953830663924111 -0.11337786129897745
vn -0.5036505904993616 0.8613606323765653 -0.06628682886884815
vn -0.8390748713927585 0.49539381302615687 -0.22480731796947967
vn -0.5036505904993616 0.8613606323765653 -0.06628682886884815
vn -0.490681424097373 0.8613628854116101 -0.13147516754565938
vn -0.490681424097373 0.8613628854116101 -0.13147516754565938
vn -0.5036505904993616 0.8613606323765653 -0.06628682886884815
vn -0.010681510779822028 0.9999419653457249 -0.0014040185145945882
vn -0.490681424097373 0.8613628854116101 -0.13147516754565938
vn -0.010681510779822028 0.9999419653457249 -0.0014040185145945882
vn -0.010406843552299545 0.999941990268784 -0.0027773556813769037
vn -0.010406843552299545 0.999941990268784 -0.0027773556813769037
vn -0.010681510779822028 0.9999419653457249 -0.0014040185145945882
vn 0.48761356610532136 0.8706971770274011 0.06418283311420446
vn -0.010406843552299545 0.999941990268784 -0.0027773556813769037
vn 0.48761356610532136 0.8706971770274011 0.06418283311420446
vn 0.4750676732439306 0.8706929310600157 0.12729699776788478
vn 0.4750676732439306 0.8706929310600157 0.12729699776788478
vn 0.48761356610532136 0.8706971770274011 0.06418283311420446
vn 0.8558987609847492 0.5047193382326043 0.11267519939548985
vn 0.4750676732439306 0.8706929310600157 0.12729699776788478
vn 0.8558987609847492 0.5047193382326043 0.11267519939548985
vn 0.8338679125893497 0.5047215853255748 0.22342879326604045
vn 0.8338679125893497 0.5047215853255748 0.22342879326604045
vn 0.8558987609847492 0.5047193382326043 0.11267519939548985
vn 0.9914482708260455 2.1261196099535358e-8 0.13050029224505183
vn 0.8338679125893497 0.5047215853255748 0.22342879326604045
vn 0.9914482708260455 2.1261196099535358e-8 0.13050029224505183
vn 0.9659303426195032 4.216422817050693e-8 0.25880218933959465
vn 0.9659303426195032 4.216422817050693e-8 0.25880218933959465
vn 0.9914482708260455 2.1261196099535358e-8 0.13050029224505183
vn 0.8558987609847492 -0.5047193015183377 0.11267536385391749
vn 0.9659303426195032 4.216422817050693e-8 0.25880218933959465
vn 0.8558987609847492 -0.5047193015183377 0.11267536385391749
vn 0.8338679125893497 -0.5047215125232071 0.2234289577251944
vn 0.8338679125893497 -0.5047215125232071 0.2234289577251944
vn 0.8558987609847492 -0.5047193015183377 0.11267536385391749
vn 0.48761356610532136 -0.8706971561139335 0.06418311682335
vn 0.8338679125893497 -0.5047215125232071 0.2234289577251944
vn 0.48761356610532136 -0.8706971561139335 0.06418311682335
vn 0.4750676732439306 -0.870692889581343 0.12729728147564345
vn 0.4750676732439306 -0.870692889581343 0.12729728147564345
vn 0.48761356610532136 -0.8706971561139335 0.06418311682335
vn -0.01068151077982203 -0.9999419658031591 -0.0014036926921484852
vn 0.4750676732439306 -0.870692889581343 0.12729728147564345
vn -0.01068151077982203 -0.9999419658031591 -0.0014036926921484852
vn -0.010406843552299544 -0.9999419911737082 -0.002777029858922606
vn -0.010406843552299544 -0.9999419911737082 -0.002777029858922606
vn -0.01068151077982203 -0.9999419658031591 -0.0014036926921484852
vn -0.5036505904993616 -0.8613606539755099 -0.06628654820192807
vn -0.010406843552299544 -0.9999419911737082 -0.002777029858922606
vn -0.5036505904993616 -0.8613606539755099 -0.06628654820192807
vn -0.49068142409737303 -0.8613629282516113 -0.13147488687800168
vn -0.49068142409737303 -0.8613629282516113 -0.13147488687800168
vn -0.5036505904993616 -0.8613606539755099 -0.06628654820192807
vn -0.8612439132434678 -0.4953831033355809 -0.11337769988268127
vn -0.49068142409737303 -0.8613629282516113 -0.13147488687800168
vn -0.8612439132434678 -0.4953831033355809 -0.11337769988268127
vn -0.8390748713927584 -0.4953938862776519 -0.2248071565496759
vn -0.8390748713927584 -0.4953938862776519 -0.2248071565496759
vn -0.8612439132434678 -0.4953831033355809 -0.11337769988268127
vn -0.9914482708260455 -2.1261196099535358e-8 -0.13050029224505183
vn -0.8390748713927584 -0.4953938862776519 -0.2248071565496759
vn -0.9914482708260455 -2.1261196099535358e-8 -0.13050029224505183
vn -0.9659303426195032 -4.216422817050693e-8 -0.25880218933959465
vn -0.9914482708260455 -2.1261196099535358e-8 -0.13050029224505183
vn -1 0 0
vn -0.8686710276937794 0.4953893879015039 -8.070917498042635e-8
vn -0.9914482708260455 -2.1261196099535358e-8 -0.13050029224505183
vn -0.8686710276937794 0.4953893879015039 -8.070917498042635e-8
vn -0.8612439132434678 0.4953830663924111 -0.11337786129897745
vn -0.8612439132434678 0.4953830663924111 -0.11337786129897745
vn -0.8686710276937794 0.4953893879015039 -8.070917498042635e-8
vn -0.5079867673478533 0.8613648728613549 -1.4033414914326374e-7
vn -0.8612439132434678 0.4953830663924111 -0.11337786129897745
vn -0.5079867673478533 0.8613648728613549 -1.4033414914326374e-7
vn -0.5036505904993616 0.8613606323765653 -0.06628682886884815
vn -0.5036505904993616 0.8613606323765653 -0.06628682886884815
vn -0.5079867673478533 0.8613648728613549 -1.4033414914326374e-7
vn -0.010773066334277123 0.9999419688370574 -1.6291122358315077e-7
vn -0.5036505904993616 0.8613606323765653 -0.06628682886884815
vn -0.010773066334277123 0.9999419688370574 -1.6291122358315077e-7
vn -0.010681510779822028 0.9999419653457249 -0.0014040185145945882
vn -0.010681510779822028 0.9999419653457249 -0.0014040185145945882
vn -0.010773066334277123 0.9999419688370574 -1.6291122358315077e-7
vn 0.4918239275661813 0.8706946791346296 -1.4185416750747006e-7
vn -0.010681510779822028 0.9999419653457249 -0.0014040185145945882
vn 0.4918239275661813 0.8706946791346296 -1.4185416750747006e-7
vn 0.48761356610532136 0.8706971770274011 0.06418283311420446
vn 0.48761356610532136 0.8706971770274011 0.06418283311420446
vn 0.4918239275661813 0.8706946791346296 -1.4185416750747006e-7
vn 0.8632836985973861 0.5047189868986607 -8.2229159575067e-8
vn 0.48761356610532136 0.8706971770274011 0.06418283311420446
vn 0.8632836985973861 0.5047189868986607 -8.2229159575067e-8
vn 0.8558987609847492 0.5047193382326043 0.11267519939548985
vn 0.8558987609847492 0.5047193382326043 0.11267519939548985
vn 0.8632836985973861 0.5047189868986607 -8.2229159575067e-8
vn 1 0 0
vn 0.8558987609847492 0.5047193382326043 0.11267519939548985
vn 1 0 0
vn 0.9914482708260455 2.1261196099535358e-8 0.13050029224505183
vn 0.9914482708260455 2.1261196099535358e-8 0.13050029224505183
vn 1 0 0
vn 0.8632836985973861 -0.5047189868986607 8.2229159575067e-8
vn 0.9914482708260455 2.1261196099535358e-8 0.13050029224505183
vn 0.8632836985973861 -0.5047189868986607 8.2229159575067e-8
vn 0.8558987609847492 -0.5047193015183377 0.11267536385391749
vn 0.8558987609847492 -0.5047193015183377 0.11267536385391749
vn 0.8632836985973861 -0.5047189868986607 8.2229159575067e-8
vn 0.4918239275661813 -0.8706946791346296 1.4185416750747006e-7
vn 0.8558987609847492 -0.5047193015183377 0.11267536385391749
vn 0.4918239275661813 -0.8706946791346296 1.4185416750747006e-7
vn 0.48761356610532136 -0.8706971561139335 0.06418311682335
vn 0.48761356610532136 -0.8706971561139335 0.06418311682335
vn 0.4918239275661813 -0.8706946791346296 1.4185416750747006e-7
vn -0.010773066334277123 -0.9999419688370574 1.6291122358315077e-7
vn 0.48761356610532136 -0.8706971561139335 0.06418311682335
vn -0.010773066334277123 -0.9999419688370574 1.6291122358315077e-7
vn -0.01068151077982203 -0.9999419658031591 -0.0014036926921484852
vn -0.01068151077982203 -0.9999419658031591 -0.0014036926921484852
vn -0.010773066334277123 -0.9999419688370574 1.6291122358315077e-7
vn -0.5079867673478533 -0.8613648728613549 1.4033414914326374e-7
vn -0.01068151077982203 -0.9999419658031591 -0.0014036926921484852
vn -0.5079867673478533 -0.8613648728613549 1.4033414914326374e-7
vn -0.5036505904993616 -0.8613606539755099 -0.06628654820192807
vn -0.5036505904993616 -0.8613606539755099 -0.06628654820192807
vn -0.5079867673478533 -0.8613648728613549 1.4033414914326374e-7
vn -0.8686710276937794 -0.4953893879015039 8.070917498042635e-8
vn -0.5036505904993616 -0.8613606539755099 -0.06628654820192807
vn -0.8686710276937794 -0.4953893879015039 8.070917498042635e-8
vn -0.8612439132434678 -0.4953831033355809 -0.11337769988268127
vn -0.8612439132434678 -0.4953831033355809 -0.11337769988268127
vn -0.8686710276937794 -0.4953893879015039 8.070917498042635e-8
vn -1 0 0
vn -0.8612439132434678 -0.4953831033355809 -0.11337769988268127
vn -1 0 0
vn -0.9914482708260455 -2.1261196099535358e-8 -0.13050029224505183
vn -1 0 0
vn -0.9914482708260455 2.1261196099535358e-8 0.13050029224505183
vn -0.8612439132434678 0.4953831033355809 0.11337769988268127
vn -1 0 0
vn -0.8612439132434678 0.4953831033355809 0.11337769988268127
vn -0.8686710276937794 0.4953893879015039 -8.070917498042635e-8
vn -0.8686710276937794 0.4953893879015039 -8.070917498042635e-8
vn -0.8612439132434678 0.4953831033355809 0.11337769988268127
vn -0.5036505904993616 0.8613606539755099 0.06628654820192807
vn -0.8686710276937794 0.4953893879015039 -8.070917498042635e-8
vn -0.5036505904993616 0.8613606539755099 0.06628654820192807
vn -0.5079867673478533 0.8613648728613549 -1.4033414914326374e-7
vn -0.5079867673478533 0.8613648728613549 -1.4033414914326374e-7
vn -0.5036505904993616 0.8613606539755099 0.06628654820192807
vn -0.01068151077982203 0.9999419658031591 0.0014036926921484852
vn -0.5079867673478533 0.8613648728613549 -1.4033414914326374e-7
vn -0.01068151077982203 0.9999419658031591 0.0014036926921484852
vn -0.010773066334277123 0.9999419688370574 -1.6291122358315077e-7
vn -0.010773066334277123 0.9999419688370574 -1.6291122358315077e-7
vn -0.01068151077982203 0.9999419658031591 0.0014036926921484852
vn 0.48761356610532136 0.8706971561139335 -0.06418311682335
vn -0.010773066334277123 0.9999419688370574 -1.6291122358315077e-7
vn 0.48761356610532136 0.8706971561139335 -0.06418311682335
vn 0.4918239275661813 0.8706946791346296 -1.4185416750747006e-7
vn 0.4918239275661813 0.8706946791346296 -1.4185416750747006e-7
vn 0.48761356610532136 0.8706971561139335 -0.06418311682335
vn 0.8558987609847492 0.5047193015183377 -0.11267536385391749
vn 0.4918239275661813 0.8706946791346296 -1.4185416750747006e-7
vn 0.8558987609847492 0.5047193015183377 -0.11267536385391749
vn 0.8632836985973861 0.5047189868986607 -8.2229159575067e-8
vn 0.8632836985973861 0.5047189868986607 -8.2229159575067e-8
vn 0.8558987609847492 0.5047193015183377 -0.11267536385391749
vn 0.9914482708260455 -2.1261196099535358e-8 -0.13050029224505183
vn 0.8632836985973861 0.5047189868986607 -8.2229159575067e-8
vn 0.9914482708260455 -2.1261196099535358e-8 -0.13050029224505183
vn 1 0 0
vn 1 0 0
vn 0.9914482708260455 -2.1261196099535358e-8 -0.13050029224505183
vn 0.8558987609847492 -0.5047193382326043 -0.11267519939548985
vn 1 0 0
vn 0.8558987609847492 -0.5047193382326043 -0.11267519939548985
vn 0.8632836985973861 -0.5047189868986607 8.2229159575067e-8
vn 0.8632836985973861 -0.5047189868986607 8.2229159575067e-8
vn 0.8558987609847492 -0.5047193382326043 -0.11267519939548985
vn 0.48761356610532136 -0.8706971770274011 -0.06418283311420446
vn 0.8632836985973861 -0.5047189868986607 8.2229159575067e-8
vn 0.48761356610532136 -0.8706971770274011 -0.06418283311420446
vn 0.4918239275661813 -0.8706946791346296 1.4185416750747006e-7
vn 0.4918239275661813 -0.8706946791346296 1.4185416750747006e-7
vn 0.48761356610532136 -0.8706971770274011 -0.06418283311420446
vn -0.010681510779822028 -0.9999419653457249 0.0014040185145945882
vn 0.4918239275661813 -0.8706946791346296 1.4185416750747006e-7
vn -0.010681510779822028 -0.9999419653457249 0.0014040185145945882
vn -0.010773066334277123 -0.9999419688370574 1.6291122358315077e-7
vn -0.010773066334277123 -0.9999419688370574 1.6291122358315077e-7
vn -0.010681510779822028 -0.9999419653457249 0.0014040185145945882
vn -0.5036505904993616 -0.8613606323765653 0.06628682886884815
vn -0.010773066334277123 -0.9999419688370574 1.6291122358315077e-7
vn -0.5036505904993616 -0.8613606323765653 0.06628682886884815
vn -0.5079867673478533 -0.8613648728613549 1.4033414914326374e-7
vn -0.5079867673478533 -0.8613648728613549 1.4033414914326374e-7
vn -0.5036505904993616 -0.8613606323765653 0.06628682886884815
vn -0.8612439132434678 -0.4953830663924111 0.11337786129897745
vn -0.5079867673478533 -0.8613648728613549 1.4033414914326374e-7
vn -0.8612439132434678 -0.4953830663924111 0.11337786129897745
vn -0.8686710276937794 -0.4953893879015039 8.070917498042635e-8
vn -0.8686710276937794 -0.4953893879015039 8.070917498042635e-8
vn -0.8612439132434678 -0.4953830663924111 0.11337786129897745
vn -0.9914482708260455 2.1261196099535358e-8 0.13050029224505183
vn -0.8686710276937794 -0.4953893879015039 8.070917498042635e-8
vn -0.9914482708260455 2.1261196099535358e-8 0.13050029224505183
vn -1 0 0
vn -0.9914482708260455 2.1261196099535358e-8 0.13050029224505183
vn -0.9659303426195032 4.216422817050693e-8 0.25880218933959465
vn -0.8390748713927584 0.4953938862776519 0.2248071565496759
vn -0.9914482708260455 2.1261196099535358e-8 0.13050029224505183
vn -0.8390748713927584 0.4953938862776519 0.2248071565496759
vn -0.8612439132434678 0.4953831033355809 0.11337769988268127
vn -0.8612439132434678 0.4953831033355809 0.11337769988268127
vn -0.8390748713927584 0.4953938862776519 0.2248071565496759
vn -0.49068142409737303 0.8613629282516113 0.13147488687800168
vn -0.8612439132434678 0.4953831033355809 0.11337769988268127
vn -0.49068142409737303 0.8613629282516113 0.13147488687800168
vn -0.5036505904993616 0.8613606539755099 0.06628654820192807
vn -0.5036505904993616 0.8613606539755099 0.06628654820192807
vn -0.49068142409737303 0.8613629282516113 0.13147488687800168
vn -0.010406843552299544 0.9999419911737082 0.002777029858922606
vn -0.5036505904993616 0.8613606539755099 0.06628654820192807
vn -0.010406843552299544 0.9999419911737082 0.002777029858922606
vn -0.01068151077982203 0.9999419658031591 0.0014036926921484852
vn -0.01068151077982203 0.9999419658031591 0.0014036926921484852
vn -0.010406843552299544 0.9999419911737082 0.002777029858922606
vn 0.4750676732439306 0.870692889581343 -0.12729728147564345
vn -0.01068151077982203 0.9999419658031591 0.0014036926921484852
vn 0.4750676732439306 0.870692889581343 -0.12729728147564345
vn 0.48761356610532136 0.8706971561139335 -0.06418311682335
vn 0.48761356610532136 0.8706971561139335 -0.06418311682335
vn 0.4750676732439306 0.870692889581343 -0.12729728147564345
vn 0.8338679125893497 0.5047215125232071 -0.2234289577251944
vn 0.48761356610532136 0.8706971561139335 -0.06418311682335
vn 0.8338679125893497 0.5047215125232071 -0.2234289577251944
vn 0.8558987609847492 0.5047193015183377 -0.11267536385391749
vn 0.8558987609847492 0.5047193015183377 -0.11267536385391749
vn 0.8338679125893497 0.5047215125232071 -0.2234289577251944
vn 0.9659303426195032 -4.216422817050693e-8 -0.25880218933959465
vn 0.8558987609847492 0.5047193015183377 -0.11267536385391749
vn 0.9659303426195032 -4.216422817050693e-8 -0.25880218933959465
vn 0.9914482708260455 -2.1261196099535358e-8 -0.13050029224505183
vn 0.9914482708260455 -2.1261196099535358e-8 -0.13050029224505183
vn 0.9659303426195032 -4.216422817050693e-8 -0.25880218933959465
vn 0.8338679125893497 -0.5047215853255748 -0.22342879326604045
vn 0.9914482708260455 -2.1261196099535358e-8 -0.13050029224505183
vn 0.8338679125893497 -0.5047215853255748 -0.22342879326604045
vn 0.8558987609847492 -0.5047193382326043 -0.11267519939548985
vn 0.8558987609847492 -0.5047193382326043 -0.11267519939548985
vn 0.8338679125893497 -0.5047215853255748 -0.22342879326604045
vn 0.4750676732439306 -0.8706929310600157 -0.12729699776788478
vn 0.8558987609847492 -0.5047193382326043 -0.11267519939548985
vn 0.4750676732439306 -0.8706929310600157 -0.12729699776788478
vn 0.48761356610532136 -0.8706971770274011 -0.06418283311420446
vn 0.48761356610532136 -0.8706971770274011 -0.06418283311420446
vn 0.4750676732439306 -0.8706929310600157 -0.12729699776788478
vn -0.010406843552299545 -0.999941990268784 0.0027773556813769037
vn 0.48761356610532136 -0.8706971770274011 -0.06418283311420446
vn -0.010406843552299545 -0.999941990268784 0.0027773556813769037
vn -0.010681510779822028 -0.9999419653457249 0.0014040185145945882
vn -0.010681510779822028 -0.9999419653457249 0.0014040185145945882
vn -0.010406843552299545 -0.999941990268784 0.0027773556813769037
vn -0.490681424097373 -0.8613628854116101 0.13147516754565938
vn -0.010681510779822028 -0.9999419653457249 0.0014040185145945882
vn -0.490681424097373 -0.8613628854116101 0.13147516754565938
vn -0.5036505904993616 -0.8613606323765653 0.06628682886884815
vn -0.5036505904993616 -0.8613606323765653 0.06628682886884815
vn -0.490681424097373 -0.8613628854116101 0.13147516754565938
vn -0.8390748713927585 -0.49539381302615687 0.22480731796947967
vn -0.5036505904993616 -0.8613606323765653 0.06628682886884815
vn -0.8390748713927585 -0.49539381302615687 0.22480731796947967
vn -0.8612439132434678 -0.4953830663924111 0.11337786129897745
vn -0.8612439132434678 -0.4953830663924111 0.11337786129897745
vn -0.8390748713927585 -0.49539381302615687 0.22480731796947967
vn -0.9659303426195032 4.216422817050693e-8 0.25880218933959465
vn -0.8612439132434678 -0.4953830663924111 0.11337786129897745
vn -0.9659303426195032 4.216422817050693e-8 0.25880218933959465
vn -0.9914482708260455 2.1261196099535358e-8 0.13050029224505183
vn -0.9659303426195032 4.216422817050693e-8 0.25880218933959465
vn -0.9238803165815193 6.234673588752032e-8 0.3826815394466105
vn -0.8025566876864018 0.4953835445988748 0.3324122542724412
vn -0.9659303426195032 4.216422817050693e-8 0.25880218933959465
vn -0.8025566876864018 0.4953835445988748 0.3324122542724412
vn -0.8390748713927584 0.4953938862776519 0.2248071565496759
vn -0.8390748713927584 0.4953938862776519 0.2248071565496759
vn -0.8025566876864018 0.4953835445988748 0.3324122542724412
vn -0.4693185191939811 0.8613634015401729 0.19440477882169388
vn -0.8390748713927584 0.4953938862776519 0.2248071565496759
vn -0.4693185191939811 0.8613634015401729 0.19440477882169388
vn -0.49068142409737303 0.8613629282516113 0.13147488687800168
vn -0.49068142409737303 0.8613629282516113 0.13147488687800168
vn -0.4693185191939811 0.8613634015401729 0.19440477882169388
vn -0.009949064364298071 0.9999420198034803 0.004119848251003766
vn -0.49068142409737303 0.8613629282516113 0.13147488687800168
vn -0.009949064364298071 0.9999420198034803 0.004119848251003766
vn -0.010406843552299544 0.9999419911737082 0.002777029858922606
vn -0.010406843552299544 0.9999419911737082 0.002777029858922606
vn -0.009949064364298071 0.9999420198034803 0.004119848251003766
vn 0.45437817809244696 0.8706982241908715 -0.18821549793853695
vn -0.010406843552299544 0.9999419911737082 0.002777029858922606
vn 0.45437817809244696 0.8706982241908715 -0.18821549793853695
vn 0.4750676732439306 0.870692889581343 -0.12729728147564345
vn 0.4750676732439306 0.870692889581343 -0.12729728147564345
vn 0.45437817809244696 0.8706982241908715 -0.18821549793853695
vn 0.797561222677729 0.5047283194986513 -0.3303716385782435
vn 0.4750676732439306 0.870692889581343 -0.12729728147564345
vn 0.797561222677729 0.5047283194986513 -0.3303716385782435
vn 0.8338679125893497 0.5047215125232071 -0.2234289577251944
vn 0.8338679125893497 0.5047215125232071 -0.2234289577251944
vn 0.797561222677729 0.5047283194986513 -0.3303716385782435
vn 0.9238803165815193 -6.234673588752032e-8 -0.3826815394466105
vn 0.8338679125893497 0.5047215125232071 -0.2234289577251944
vn 0.9238803165815193 -6.234673588752032e-8 -0.3826815394466105
vn 0.9659303426195032 -4.216422817050693e-8 -0.25880218933959465
vn 0.9659303426195032 -4.216422817050693e-8 -0.25880218933959465
vn 0.9238803165815193 -6.234673588752032e-8 -0.3826815394466105
vn 0.797561222677729 -0.5047284271473672 -0.33037147411686585
vn 0.9659303426195032 -4.216422817050693e-8 -0.25880218933959465
vn 0.797561222677729 -0.5047284271473672 -0.33037147411686585
vn 0.8338679125893497 -0.5047215853255748 -0.22342879326604045
vn 0.8338679125893497 -0.5047215853255748 -0.22342879326604045
vn 0.797561222677729 -0.5047284271473672 -0.33037147411686585
vn 0.4543781780924469 -0.8706982855192184 -0.18821521422903678
vn 0.8338679125893497 -0.5047215853255748 -0.22342879326604045
vn 0.4543781780924469 -0.8706982855192184 -0.18821521422903678
vn 0.4750676732439306 -0.8706929310600157 -0.12729699776788478
vn 0.4750676732439306 -0.8706929310600157 -0.12729699776788478
vn 0.4543781780924469 -0.8706982855192184 -0.18821521422903678
vn -0.009949064364298071 -0.9999420184610103 0.004120174073467321
vn 0.4750676732439306 -0.8706929310600157 -0.12729699776788478
vn -0.009949064364298071 -0.9999420184610103 0.004120174073467321
vn -0.010406843552299545 -0.999941990268784 0.0027773556813769037
vn -0.010406843552299545 -0.999941990268784 0.0027773556813769037
vn -0.009949064364298071 -0.9999420184610103 0.004120174073467321
vn -0.4693185191939811 -0.8613633381950105 0.1944050594895024
vn -0.010406843552299545 -0.999941990268784 0.0027773556813769037
vn -0.4693185191939811 -0.8613633381950105 0.1944050594895024
vn -0.490681424097373 -0.8613628854116101 0.13147516754565938
vn -0.490681424097373 -0.8613628854116101 0.13147516754565938
vn -0.4693185191939811 -0.8613633381950105 0.1944050594895024
vn -0.8025566876864015 -0.49538343628518866 0.3324124156888694
vn -0.490681424097373 -0.8613628854116101 0.13147516754565938
vn -0.8025566876864015 -0.49538343628518866 0.3324124156888694
vn -0.8390748713927585 -0.49539381302615687 0.22480731796947967
vn -0.8390748713927585 -0.49539381302615687 0.22480731796947967
vn -0.8025566876864015 -0.49538343628518866 0.3324124156888694
vn -0.9238803165815193 6.234673588752032e-8 0.3826815394466105
vn -0.8390748713927585 -0.49539381302615687 0.22480731796947967
vn -0.9238803165815193 6.234673588752032e-8 0.3826815394466105
vn -0.9659303426195032 4.216422817050693e-8 0.25880218933959465
vn -0.9238803165815193 6.234673588752032e-8 0.3826815394466105
vn -0.8660315843665726 8.145859492562417e-8 0.4999892947649152
vn -0.752300383533656 0.4953891068307326 0.434319888755469
vn -0.9238803165815193 6.234673588752032e-8 0.3826815394466105
vn -0.752300383533656 0.4953891068307326 0.434319888755469
vn -0.8025566876864018 0.4953835445988748 0.3324122542724412
vn -0.8025566876864018 0.4953835445988748 0.3324122542724412
vn -0.752300383533656 0.4953891068307326 0.434319888755469
vn -0.4399313122276974 0.8613681799010291 0.2539789345115151
vn -0.8025566876864018 0.4953835445988748 0.3324122542724412
vn -0.4399313122276974 0.8613681799010291 0.2539789345115151
vn -0.4693185191939811 0.8613634015401729 0.19440477882169388
vn -0.4693185191939811 0.8613634015401729 0.19440477882169388
vn -0.4399313122276974 0.8613681799010291 0.2539789345115151
vn -0.009308175642843367 0.9999422528402393 0.005371112639746296
vn -0.4693185191939811 0.8613634015401729 0.19440477882169388
vn -0.009308175642843367 0.9999422528402393 0.005371112639746296
vn -0.009949064364298071 0.9999420198034803 0.004119848251003766
vn -0.009949064364298071 0.9999420198034803 0.004119848251003766
vn -0.009308175642843367 0.9999422528402393 0.005371112639746296
vn 0.4259336148367293 0.8706979055832876 -0.24589776933716342
vn -0.009949064364298071 0.9999420198034803 0.004119848251003766
vn 0.4259336148367293 0.8706979055832876 -0.24589776933716342
vn 0.45437817809244696 0.8706982241908715 -0.18821549793853695
vn 0.45437817809244696 0.8706982241908715 -0.18821549793853695
vn 0.4259336148367293 0.8706979055832876 -0.24589776933716342
vn 0.7476270288567191 0.5047252325261551 -0.431632094930733
vn 0.45437817809244696 0.8706982241908715 -0.18821549793853695
vn 0.7476270288567191 0.5047252325261551 -0.431632094930733
vn 0.797561222677729 0.5047283194986513 -0.3303716385782435
vn 0.797561222677729 0.5047283194986513 -0.3303716385782435
vn 0.7476270288567191 0.5047252325261551 -0.431632094930733
vn 0.8660315843665726 -8.145859492562417e-8 -0.4999892947649152
vn 0.797561222677729 0.5047283194986513 -0.3303716385782435
vn 0.8660315843665726 -8.145859492562417e-8 -0.4999892947649152
vn 0.9238803165815193 -6.234673588752032e-8 -0.3826815394466105
vn 0.9238803165815193 -6.234673588752032e-8 -0.3826815394466105
vn 0.8660315843665726 -8.145859492562417e-8 -0.4999892947649152
vn 0.7476270288567191 -0.5047253731697154 -0.43163193047035575
vn 0.9238803165815193 -6.234673588752032e-8 -0.3826815394466105
vn 0.7476270288567191 -0.5047253731697154 -0.43163193047035575
vn 0.797561222677729 -0.5047284271473672 -0.33037147411686585
vn 0.797561222677729 -0.5047284271473672 -0.33037147411686585
vn 0.7476270288567191 -0.5047253731697154 -0.43163193047035575
vn 0.4259336148367293 -0.8706979857069042 -0.24589748562776403
vn 0.797561222677729 -0.5047284271473672 -0.33037147411686585
vn 0.4259336148367293 -0.8706979857069042 -0.24589748562776403
vn 0.4543781780924469 -0.8706982855192184 -0.18821521422903678
vn 0.4543781780924469 -0.8706982855192184 -0.18821521422903678
vn 0.4259336148367293 -0.8706979857069042 -0.24589748562776403
vn -0.009308175642843367 -0.9999422510900557 0.005371438462285717
vn 0.4543781780924469 -0.8706982855192184 -0.18821521422903678
vn -0.009308175642843367 -0.9999422510900557 0.005371438462285717
vn -0.009949064364298071 -0.9999420184610103 0.004120174073467321
vn -0.009949064364298071 -0.9999420184610103 0.004120174073467321
vn -0.009308175642843367 -0.9999422510900557 0.005371438462285717
vn -0.43993131222769744 -0.861368097144143 0.2539792151808775
vn -0.009949064364298071 -0.9999420184610103 0.004120174073467321
vn -0.43993131222769744 -0.861368097144143 0.2539792151808775
vn -0.4693185191939811 -0.8613633381950105 0.1944050594895024
vn -0.4693185191939811 -0.8613633381950105 0.1944050594895024
vn -0.43993131222769744 -0.861368097144143 0.2539792151808775
vn -0.752300383533656 -0.4953889653113247 0.43432005017370434
vn -0.4693185191939811 -0.8613633381950105 0.1944050594895024
vn -0.752300383533656 -0.4953889653113247 0.43432005017370434
vn -0.8025566876864015 -0.49538343628518866 0.3324124156888694
vn -0.8025566876864015 -0.49538343628518866 0.3324124156888694
vn -0.752300383533656 -0.4953889653113247 0.43432005017370434
vn -0.8660315843665726 8.145859492562417e-8 0.4999892947649152
vn -0.8025566876864015 -0.49538343628518866 0.3324124156888694
vn -0.8660315843665726 8.145859492562417e-8 0.4999892947649152
vn -0.9238803165815193 6.234673588752032e-8 0.3826815394466105
vn -0.8660315843665726 8.145859492562417e-8 0.4999892947649152
vn -0.7933484117927201 9.918087121228208e-8 0.6087678518991938
vn -0.6891615570462706 0.49539313686679287 0.5288118646880374
vn -0.8660315843665726 8.145859492562417e-8 0.4999892947649152
vn -0.6891615570462706 0.49539313686679287 0.5288118646880374
vn -0.752300383533656 0.4953891068307326 0.434319888755469
vn -0.752300383533656 0.4953891068307326 0.434319888755469
vn -0.6891615570462706 0.49539313686679287 0.5288118646880374
vn -0.4030030082579545 0.8613674530676881 0.30924858306987096
vn -0.752300383533656 0.4953891068307326 0.434319888755469
vn -0.4030030082579545 0.8613674530676881 0.30924858306987096
vn -0.4399313122276974 0.8613681799010291 0.2539789345115151
vn -0.4399313122276974 0.8613681799010291 0.2539789345115151
vn -0.4030030082579545 0.8613674530676881 0.30924858306987096
vn -0.008545207843043865 0.999941962459382 0.006561336433918806
vn -0.4399313122276974 0.8613681799010291 0.2539789345115151
vn -0.008545207843043865 0.999941962459382 0.006561336433918806
vn -0.009308175642843367 0.9999422528402393 0.005371112639746296
vn -0.009308175642843367 0.9999422528402393 0.005371112639746296
vn -0.008545207843043865 0.999941962459382 0.006561336433918806
vn 0.3901937212245844 0.8706949848485109 -0.2993979012561086
vn -0.009308175642843367 0.9999422528402393 0.005371112639746296
vn 0.3901937212245844 0.8706949848485109 -0.2993979012561086
vn 0.4259336148367293 0.8706979055832876 -0.24589776933716342
vn 0.4259336148367293 0.8706979055832876 -0.24589776933716342
vn 0.3901937212245844 0.8706949848485109 -0.2993979012561086
vn 0.6848799147086932 0.5047253382488088 -0.5255395659303291
vn 0.4259336148367293 0.8706979055832876 -0.24589776933716342
vn 0.6848799147086932 0.5047253382488088 -0.5255395659303291
vn 0.7476270288567191 0.5047252325261551 -0.431632094930733
vn 0.7476270288567191 0.5047252325261551 -0.431632094930733
vn 0.6848799147086932 0.5047253382488088 -0.5255395659303291
vn 0.7933484117927201 -9.918087121228208e-8 -0.6087678518991938
vn 0.7476270288567191 0.5047252325261551 -0.431632094930733
vn 0.7933484117927201 -9.918087121228208e-8 -0.6087678518991938
vn 0.8660315843665726 -8.145859492562417e-8 -0.4999892947649152
vn 0.8660315843665726 -8.145859492562417e-8 -0.4999892947649152
vn 0.7933484117927201 -9.918087121228208e-8 -0.6087678518991938
vn 0.6848799147086932 -0.5047255094913069 -0.5255394014699126
vn 0.8660315843665726 -8.145859492562417e-8 -0.4999892947649152
vn 0.6848799147086932 -0.5047255094913069 -0.5255394014699126
vn 0.7476270288567191 -0.5047253731697154 -0.43163193047035575
vn 0.7476270288567191 -0.5047253731697154 -0.43163193047035575
vn 0.6848799147086932 -0.5047255094913069 -0.5255394014699126
vn 0.3901937212245844 -0.8706950824046829 -0.29939761754765803
vn 0.7476270288567191 -0.5047253731697154 -0.43163193047035575
vn 0.3901937212245844 -0.8706950824046829 -0.29939761754765803
vn 0.4259336148367293 -0.8706979857069042 -0.24589748562776403
vn 0.4259336148367293 -0.8706979857069042 -0.24589748562776403
vn 0.3901937212245844 -0.8706950824046829 -0.29939761754765803
vn -0.008545207843043866 -0.9999419603213742 0.006561662256363547
vn 0.4259336148367293 -0.8706979857069042 -0.24589748562776403
vn -0.008545207843043866 -0.9999419603213742 0.006561662256363547
vn -0.009308175642843367 -0.9999422510900557 0.005371438462285717
vn -0.009308175642843367 -0.9999422510900557 0.005371438462285717
vn -0.008545207843043866 -0.9999419603213742 0.006561662256363547
vn -0.4030030082579545 -0.8613673523016647 0.3092488637389936
vn -0.009308175642843367 -0.9999422510900557 0.005371438462285717
vn -0.4030030082579545 -0.8613673523016647 0.3092488637389936
vn -0.43993131222769744 -0.861368097144143 0.2539792151808775
vn -0.43993131222769744 -0.861368097144143 0.2539792151808775
vn -0.4030030082579545 -0.8613673523016647 0.3092488637389936
vn -0.6891615570462706 -0.4953929645579914 0.5288120261075808
vn -0.43993131222769744 -0.861368097144143 0.2539792151808775
vn -0.6891615570462706 -0.4953929645579914 0.5288120261075808
vn -0.752300383533656 -0.4953889653113247 0.43432005017370434
vn -0.752300383533656 -0.4953889653113247 0.43432005017370434
vn -0.6891615570462706 -0.4953929645579914 0.5288120261075808
vn -0.7933484117927201 9.918087121228208e-8 0.6087678518991938
vn -0.752300383533656 -0.4953889653113247 0.43432005017370434
vn -0.7933484117927201 9.918087121228208e-8 0.6087678518991938
vn -0.8660315843665726 8.145859492562417e-8 0.4999892947649152
vn -0.7933484117927201 9.918087121228208e-8 0.6087678518991938
vn -0.7071067811865521 1.1520231625142716e-7 0.7071067811865334
vn -0.6142403126265049 0.4953965844049377 0.6142402319161574
vn -0.7933484117927201 9.918087121228208e-8 0.6087678518991938
vn -0.6142403126265049 0.4953965844049377 0.6142402319161574
vn -0.6891615570462706 0.49539313686679287 0.5288118646880374
vn -0.6891615570462706 0.49539313686679287 0.5288118646880374
vn -0.6142403126265049 0.4953965844049377 0.6142402319161574
vn -0.35920559514741135 0.8613610054133741 0.3592054548138923
vn -0.6891615570462706 0.49539313686679287 0.5288118646880374
vn -0.35920559514741135 0.8613610054133741 0.3592054548138923
vn -0.4030030082579545 0.8613674530676881 0.30924858306987096
vn -0.4030030082579545 0.8613674530676881 0.30924858306987096
vn -0.35920559514741135 0.8613610054133741 0.3592054548138923
vn -0.007599133609035471 0.9999422527389903 0.007598970697765634
vn -0.4030030082579545 0.8613674530676881 0.30924858306987096
vn -0.007599133609035471 0.9999422527389903 0.007598970697765634
vn -0.008545207843043865 0.999941962459382 0.006561336433918806
vn -0.008545207843043865 0.999941962459382 0.006561336433918806
vn -0.007599133609035471 0.9999422527389903 0.007598970697765634
vn 0.3477714309443954 0.8706951044837988 -0.34777157279863224
vn -0.008545207843043865 0.999941962459382 0.006561336433918806
vn 0.3477714309443954 0.8706951044837988 -0.34777157279863224
vn 0.3901937212245844 0.8706949848485109 -0.2993979012561086
vn 0.3901937212245844 0.8706949848485109 -0.2993979012561086
vn 0.3477714309443954 0.8706951044837988 -0.34777157279863224
vn 0.6104343216896492 0.5047175223982993 -0.6104344039185701
vn 0.3901937212245844 0.8706949848485109 -0.2993979012561086
vn 0.6104343216896492 0.5047175223982993 -0.6104344039185701
vn 0.6848799147086932 0.5047253382488088 -0.5255395659303291
vn 0.6848799147086932 0.5047253382488088 -0.5255395659303291
vn 0.6104343216896492 0.5047175223982993 -0.6104344039185701
vn 0.7071067811865521 -1.1520231625142716e-7 -0.7071067811865334
vn 0.6848799147086932 0.5047253382488088 -0.5255395659303291
vn 0.7071067811865521 -1.1520231625142716e-7 -0.7071067811865334
vn 0.7933484117927201 -9.918087121228208e-8 -0.6087678518991938
vn 0.7933484117927201 -9.918087121228208e-8 -0.6087678518991938
vn 0.7071067811865521 -1.1520231625142716e-7 -0.7071067811865334
vn 0.6104343216896493 -0.5047177213030466 -0.6104342394606959
vn 0.7933484117927201 -9.918087121228208e-8 -0.6087678518991938
vn 0.6104343216896493 -0.5047177213030466 -0.6104342394606959
vn 0.6848799147086932 -0.5047255094913069 -0.5255394014699126
vn 0.6848799147086932 -0.5047255094913069 -0.5255394014699126
vn 0.6104343216896493 -0.5047177213030466 -0.6104342394606959
vn 0.3477714309443954 -0.8706952178021133 -0.34777128909014016
vn 0.6848799147086932 -0.5047255094913069 -0.5255394014699126
vn 0.3477714309443954 -0.8706952178021133 -0.34777128909014016
vn 0.3901937212245844 -0.8706950824046829 -0.29939761754765803
vn 0.3901937212245844 -0.8706950824046829 -0.29939761754765803
vn 0.3477714309443954 -0.8706952178021133 -0.34777128909014016
vn -0.00759913360903547 -0.9999422502628783 0.007599296520304902
vn 0.3901937212245844 -0.8706950824046829 -0.29939761754765803
vn -0.00759913360903547 -0.9999422502628783 0.007599296520304902
vn -0.008545207843043866 -0.9999419603213742 0.006561662256363547
vn -0.008545207843043866 -0.9999419603213742 0.006561662256363547
vn -0.00759913360903547 -0.9999422502628783 0.007599296520304902
vn -0.3592055951474114 -0.8613608883693359 0.3592057354809114
vn -0.008545207843043866 -0.9999419603213742 0.006561662256363547
vn -0.3592055951474114 -0.8613608883693359 0.3592057354809114
vn -0.4030030082579545 -0.8613673523016647 0.3092488637389936
vn -0.4030030082579545 -0.8613673523016647 0.3092488637389936
vn -0.3592055951474114 -0.8613608883693359 0.3592057354809114
vn -0.6142403126265049 -0.49539638426004123 0.6142403933368198
vn -0.4030030082579545 -0.8613673523016647 0.3092488637389936
vn -0.6142403126265049 -0.49539638426004123 0.6142403933368198
vn -0.6891615570462706 -0.4953929645579914 0.5288120261075808
vn -0.6891615570462706 -0.4953929645579914 0.5288120261075808
vn -0.6142403126265049 -0.49539638426004123 0.6142403933368198
vn -0.7071067811865521 1.1520231625142716e-7 0.7071067811865334
vn -0.6891615570462706 -0.4953929645579914 0.5288120261075808
vn -0.7071067811865521 1.1520231625142716e-7 0.7071067811865334
vn -0.7933484117927201 9.918087121228208e-8 0.6087678518991938
vn -0.7071067811865521 1.1520231625142716e-7 0.7071067811865334
vn -0.608767851899212 1.2925286118674673e-7 0.7933484117927019
vn -0.5288119453978245 0.49539316299106156 0.6891614763364823
vn -0.7071067811865521 1.1520231625142716e-7 0.7071067811865334
vn -0.5288119453978245 0.49539316299106156 0.6891614763364823
vn -0.6142403126265049 0.4953965844049377 0.6142402319161574
vn -0.6142403126265049 0.4953965844049377 0.6142402319161574
vn -0.5288119453978245 0.49539316299106156 0.6891614763364823
vn -0.3092487234044408 0.8613674683422007 0.4030028679233829
vn -0.6142403126265049 0.4953965844049377 0.6142402319161574
vn -0.3092487234044408 0.8613674683422007 0.4030028679233829
vn -0.35920559514741135 0.8613610054133741 0.3592054548138923
vn -0.35920559514741135 0.8613610054133741 0.3592054548138923
vn -0.3092487234044408 0.8613674683422007 0.4030028679233829
vn -0.006561499345141351 0.9999419627825691 0.00854504493182127
vn -0.35920559514741135 0.8613610054133741 0.3592054548138923
vn -0.006561499345141351 0.9999419627825691 0.00854504493182127
vn -0.007599133609035471 0.9999422527389903 0.007598970697765634
vn -0.007599133609035471 0.9999422527389903 0.007598970697765634
vn -0.006561499345141351 0.9999419627825691 0.00854504493182127
vn 0.2993977594018915 0.870694970055972 -0.39019386307879966
vn -0.007599133609035471 0.9999422527389903 0.007598970697765634
vn 0.2993977594018915 0.870694970055972 -0.39019386307879966
vn 0.3477714309443954 0.8706951044837988 -0.34777157279863224
vn 0.3477714309443954 0.8706951044837988 -0.34777157279863224
vn 0.2993977594018915 0.870694970055972 -0.39019386307879966
vn 0.5255394837001361 0.504725312288959 -0.6848799969388849
vn 0.3477714309443954 0.8706951044837988 -0.34777157279863224
vn 0.5255394837001361 0.504725312288959 -0.6848799969388849
vn 0.6104343216896492 0.5047175223982993 -0.6104344039185701
vn 0.6104343216896492 0.5047175223982993 -0.6104344039185701
vn 0.5255394837001361 0.504725312288959 -0.6848799969388849
vn 0.608767851899212 -1.2925286118674673e-7 -0.7933484117927019
vn 0.6104343216896492 0.5047175223982993 -0.6104344039185701
vn 0.608767851899212 -1.2925286118674673e-7 -0.7933484117927019
vn 0.7071067811865521 -1.1520231625142716e-7 -0.7071067811865334
vn 0.7071067811865521 -1.1520231625142716e-7 -0.7071067811865334
vn 0.608767851899212 -1.2925286118674673e-7 -0.7933484117927019
vn 0.5255394837001361 -0.5047255354511593 -0.6848798324784684
vn 0.7071067811865521 -1.1520231625142716e-7 -0.7071067811865334
vn 0.5255394837001361 -0.5047255354511593 -0.6848798324784684
vn 0.6104343216896493 -0.5047177213030466 -0.6104342394606959
vn 0.6104343216896493 -0.5047177213030466 -0.6104342394606959
vn 0.5255394837001361 -0.5047255354511593 -0.6848798324784684
vn 0.2993977594018915 -0.8706950971972234 -0.39019357937034915
vn 0.6104343216896493 -0.5047177213030466 -0.6104342394606959
vn 0.2993977594018915 -0.8706950971972234 -0.39019357937034915
vn 0.3477714309443954 -0.8706952178021133 -0.34777128909014016
vn 0.3477714309443954 -0.8706952178021133 -0.34777128909014016
vn 0.2993977594018915 -0.8706950971972234 -0.39019357937034915
vn -0.006561499345141352 -0.9999419599981871 0.008545370754266009
vn 0.3477714309443954 -0.8706952178021133 -0.34777128909014016
vn -0.006561499345141352 -0.9999419599981871 0.008545370754266009
vn -0.00759913360903547 -0.9999422502628783 0.007599296520304902
vn -0.00759913360903547 -0.9999422502628783 0.007599296520304902
vn -0.006561499345141352 -0.9999419599981871 0.008545370754266009
vn -0.3092487234044408 -0.861367337027154 0.4030031485925055
vn -0.00759913360903547 -0.9999422502628783 0.007599296520304902
vn -0.3092487234044408 -0.861367337027154 0.4030031485925055
vn -0.3592055951474114 -0.8613608883693359 0.3592057354809114
vn -0.3592055951474114 -0.8613608883693359 0.3592057354809114
vn -0.3092487234044408 -0.861367337027154 0.4030031485925055
vn -0.5288119453978245 -0.4953929384337252 0.6891616377560258
vn -0.3592055951474114 -0.8613608883693359 0.3592057354809114
vn -0.5288119453978245 -0.4953929384337252 0.6891616377560258
vn -0.6142403126265049 -0.49539638426004123 0.6142403933368198
vn -0.6142403126265049 -0.49539638426004123 0.6142403933368198
vn -0.5288119453978245 -0.4953929384337252 0.6891616377560258
vn -0.608767851899212 1.2925286118674673e-7 0.7933484117927019
vn -0.6142403126265049 -0.49539638426004123 0.6142403933368198
vn -0.608767851899212 1.2925286118674673e-7 0.7933484117927019
vn -0.7071067811865521 1.1520231625142716e-7 0.7071067811865334
vn -0.608767851899212 1.2925286118674673e-7 0.7933484117927019
vn -0.4999892947649318 1.410944529459994e-7 0.8660315843665555
vn -0.43431996946460044 0.49538915863631977 0.7523003028245222
vn -0.608767851899212 1.2925286118674673e-7 0.7933484117927019
vn -0.43431996946460044 0.49538915863631977 0.7523003028245222
vn -0.5288119453978245 0.49539316299106156 0.6891614763364823
vn -0.5288119453978245 0.49539316299106156 0.6891614763364823
vn -0.43431996946460044 0.49538915863631977 0.7523003028245222
vn -0.25397907484620347 0.8613682101964951 0.4399311718930054
vn -0.5288119453978245 0.49539316299106156 0.6891614763364823
vn -0.25397907484620347 0.8613682101964951 0.4399311718930054
vn -0.3092487234044408 0.8613674683422007 0.4030028679233829
vn -0.3092487234044408 0.8613674683422007 0.4030028679233829
vn -0.25397907484620347 0.8613682101964951 0.4399311718930054
vn -0.0053712755510161485 0.9999422534816418 0.00930801273157341
vn -0.3092487234044408 0.8613674683422007 0.4030028679233829
vn -0.0053712755510161485 0.9999422534816418 0.00930801273157341
vn -0.006561499345141351 0.9999419627825691 0.00854504493182127
vn -0.006561499345141351 0.9999419627825691 0.00854504493182127
vn -0.0053712755510161485 0.9999422534816418 0.00930801273157341
vn 0.2458976274824707 0.870697876251704 -0.42593375669141836
vn -0.006561499345141351 0.9999419627825691 0.00854504493182127
vn 0.2458976274824707 0.870697876251704 -0.42593375669141836
vn 0.2993977594018915 0.870694970055972 -0.39019386307879966
vn 0.2993977594018915 0.870694970055972 -0.39019386307879966
vn 0.2458976274824707 0.870697876251704 -0.42593375669141836
vn 0.431632012700558 0.5047251810440353 -0.7476271110868916
vn 0.2993977594018915 0.870694970055972 -0.39019386307879966
vn 0.431632012700558 0.5047251810440353 -0.7476271110868916
vn 0.5255394837001361 0.504725312288959 -0.6848799969388849
vn 0.5255394837001361 0.504725312288959 -0.6848799969388849
vn 0.431632012700558 0.5047251810440353 -0.7476271110868916
vn 0.4999892947649318 -1.410944529459994e-7 -0.8660315843665555
vn 0.5255394837001361 0.504725312288959 -0.6848799969388849
vn 0.4999892947649318 -1.410944529459994e-7 -0.8660315843665555
vn 0.608767851899212 -1.2925286118674673e-7 -0.7933484117927019
vn 0.608767851899212 -1.2925286118674673e-7 -0.7933484117927019
vn 0.4999892947649318 -1.410944529459994e-7 -0.8660315843665555
vn 0.431632012700558 -0.5047254246518402 -0.7476269466265143
vn 0.608767851899212 -1.2925286118674673e-7 -0.7933484117927019
vn 0.431632012700558 -0.5047254246518402 -0.7476269466265143
vn 0.5255394837001361 -0.5047255354511593 -0.6848798324784684
vn 0.5255394837001361 -0.5047255354511593 -0.6848798324784684
vn 0.431632012700558 -0.5047254246518402 -0.7476269466265143
vn 0.24589762748247065 -0.8706980150384905 -0.425933472982019
vn 0.5255394837001361 -0.5047255354511593 -0.6848798324784684
vn 0.24589762748247065 -0.8706980150384905 -0.425933472982019
vn 0.2993977594018915 -0.8706950971972234 -0.39019357937034915
vn 0.2993977594018915 -0.8706950971972234 -0.39019357937034915
vn 0.24589762748247065 -0.8706980150384905 -0.425933472982019
vn -0.0053712755510161485 -0.9999422504486531 0.009308338554112831
vn 0.2993977594018915 -0.8706950971972234 -0.39019357937034915
vn -0.0053712755510161485 -0.9999422504486531 0.009308338554112831
vn -0.006561499345141352 -0.9999419599981871 0.008545370754266009
vn -0.006561499345141352 -0.9999419599981871 0.008545370754266009
vn -0.0053712755510161485 -0.9999422504486531 0.009308338554112831
vn -0.25397907484620347 -0.8613680668486797 0.43993145256236765
vn -0.006561499345141352 -0.9999419599981871 0.008545370754266009
vn -0.25397907484620347 -0.8613680668486797 0.43993145256236765
vn -0.3092487234044408 -0.861367337027154 0.4030031485925055
vn -0.3092487234044408 -0.861367337027154 0.4030031485925055
vn -0.25397907484620347 -0.8613680668486797 0.43993145256236765
vn -0.43431996946460044 -0.4953889135057426 0.7523004642427574
vn -0.3092487234044408 -0.861367337027154 0.4030031485925055
vn -0.43431996946460044 -0.4953889135057426 0.7523004642427574
vn -0.5288119453978245 -0.4953929384337252 0.6891616377560258
vn -0.5288119453978245 -0.4953929384337252 0.6891616377560258
vn -0.43431996946460044 -0.4953889135057426 0.7523004642427574
vn -0.4999892947649318 1.410944529459994e-7 0.8660315843665555
vn -0.5288119453978245 -0.4953929384337252 0.6891616377560258
vn -0.4999892947649318 1.410944529459994e-7 0.8660315843665555
vn -0.608767851899212 1.2925286118674673e-7 0.7933484117927019
vn -0.4999892947649318 1.410944529459994e-7 0.8660315843665555
vn -0.38268153944662425 1.50519207623345e-7 0.9238803165815035
vn -0.33241233498066647 0.4953836211951149 0.8025566069781721
vn -0.4999892947649318 1.410944529459994e-7 0.8660315843665555
vn -0.33241233498066647 0.4953836211951149 0.8025566069781721
vn -0.43431996946460044 0.49538915863631977 0.7523003028245222
vn -0.43431996946460044 0.49538915863631977 0.7523003028245222
vn -0.33241233498066647 0.4953836211951149 0.8025566069781721
vn -0.1944049191556038 0.8613634463292852 0.46931837886006544
vn -0.43431996946460044 0.49538915863631977 0.7523003028245222
vn -0.1944049191556038 0.8613634463292852 0.46931837886006544
vn -0.25397907484620347 0.8613682101964951 0.4399311718930054
vn -0.25397907484620347 0.8613682101964951 0.4399311718930054
vn -0.1944049191556038 0.8613634463292852 0.46931837886006544
vn -0.004120011162235653 0.9999420207531536 0.009948901453066029
vn -0.25397907484620347 0.8613682101964951 0.4399311718930054
vn -0.004120011162235653 0.9999420207531536 0.009948901453066029
vn -0.0053712755510161485 0.9999422534816418 0.00930801273157341
vn -0.0053712755510161485 0.9999422534816418 0.00930801273157341
vn -0.004120011162235653 0.9999420207531536 0.009948901453066029
vn 0.18821535608379228 0.8706981808274461 -0.454378319947186
vn -0.0053712755510161485 0.9999422534816418 0.00930801273157341
vn 0.18821535608379228 0.8706981808274461 -0.454378319947186
vn 0.2458976274824707 0.870697876251704 -0.42593375669141836
vn 0.2458976274824707 0.870697876251704 -0.42593375669141836
vn 0.18821535608379228 0.8706981808274461 -0.454378319947186
vn 0.3303715563475657 0.5047282433837975 -0.7975613049084023
vn 0.2458976274824707 0.870697876251704 -0.42593375669141836
vn 0.3303715563475657 0.5047282433837975 -0.7975613049084023
vn 0.431632012700558 0.5047251810440353 -0.7476271110868916
vn 0.431632012700558 0.5047251810440353 -0.7476271110868916
vn 0.3303715563475657 0.5047282433837975 -0.7975613049084023
vn 0.38268153944662425 -1.50519207623345e-7 -0.9238803165815035
vn 0.431632012700558 0.5047251810440353 -0.7476271110868916
vn 0.38268153944662425 -1.50519207623345e-7 -0.9238803165815035
vn 0.4999892947649318 -1.410944529459994e-7 -0.8660315843665555
vn 0.4999892947649318 -1.410944529459994e-7 -0.8660315843665555
vn 0.38268153944662425 -1.50519207623345e-7 -0.9238803165815035
vn 0.3303715563475657 -0.5047285032622278 -0.7975611404470245
vn 0.4999892947649318 -1.410944529459994e-7 -0.8660315843665555
vn 0.3303715563475657 -0.5047285032622278 -0.7975611404470245
vn 0.431632012700558 -0.5047254246518402 -0.7476269466265143
vn 0.431632012700558 -0.5047254246518402 -0.7476269466265143
vn 0.3303715563475657 -0.5047285032622278 -0.7975611404470245
vn 0.18821535608379225 -0.8706983288826478 -0.45437803623768586
vn 0.431632012700558 -0.5047254246518402 -0.7476269466265143
vn 0.18821535608379225 -0.8706983288826478 -0.45437803623768586
vn 0.24589762748247065 -0.8706980150384905 -0.425933472982019
vn 0.24589762748247065 -0.8706980150384905 -0.425933472982019
vn 0.18821535608379225 -0.8706983288826478 -0.45437803623768586
vn -0.0041200111622356535 -0.999942017511337 0.009949227275529585
vn 0.24589762748247065 -0.8706980150384905 -0.425933472982019
vn -0.0041200111622356535 -0.999942017511337 0.009949227275529585
vn -0.0053712755510161485 -0.9999422504486531 0.009308338554112831
vn -0.0053712755510161485 -0.9999422504486531 0.009308338554112831
vn -0.0041200111622356535 -0.999942017511337 0.009949227275529585
vn -0.1944049191556038 -0.8613632934059023 0.46931865952787405
vn -0.0053712755510161485 -0.9999422504486531 0.009308338554112831
vn -0.1944049191556038 -0.8613632934059023 0.46931865952787405
vn -0.25397907484620347 -0.8613680668486797 0.43993145256236765
vn -0.25397907484620347 -0.8613680668486797 0.43993145256236765
vn -0.1944049191556038 -0.8613632934059023 0.46931865952787405
vn -0.33241233498066647 -0.4953833596889555 0.8025567683946003
vn -0.25397907484620347 -0.8613680668486797 0.43993145256236765
vn -0.33241233498066647 -0.4953833596889555 0.8025567683946003
vn -0.43431996946460044 -0.4953889135057426 0.7523004642427574
vn -0.43431996946460044 -0.4953889135057426 0.7523004642427574
vn -0.33241233498066647 -0.4953833596889555 0.8025567683946003
vn -0.38268153944662425 1.50519207623345e-7 0.9238803165815035
vn -0.43431996946460044 -0.4953889135057426 0.7523004642427574
vn -0.38268153944662425 1.50519207623345e-7 0.9238803165815035
vn -0.4999892947649318 1.410944529459994e-7 0.8660315843665555
vn -0.38268153944662425 1.50519207623345e-7 0.9238803165815035
vn -0.2588021893396045 1.5737002637787596e-7 0.9659303426194887
vn -0.22480723725958568 0.49539398635455567 0.8390747906828416
vn -0.38268153944662425 1.50519207623345e-7 0.9238803165815035
vn -0.22480723725958568 0.49539398635455567 0.8390747906828416
vn -0.33241233498066647 0.4953836211951149 0.8025566069781721
vn -0.33241233498066647 0.4953836211951149 0.8025566069781721
vn -0.22480723725958568 0.49539398635455567 0.8390747906828416
vn -0.13147502721183443 0.8613629867737637 0.49068128376353265
vn -0.33241233498066647 0.4953836211951149 0.8025566069781721
vn -0.13147502721183443 0.8613629867737637 0.49068128376353265
vn -0.1944049191556038 0.8613634463292852 0.46931837886006544
vn -0.1944049191556038 0.8613634463292852 0.46931837886006544
vn -0.13147502721183443 0.8613629867737637 0.49068128376353265
vn -0.0027771927701498284 0.9999419924167362 0.01040668064107212
vn -0.1944049191556038 0.8613634463292852 0.46931837886006544
vn -0.0027771927701498284 0.9999419924167362 0.01040668064107212
vn -0.004120011162235653 0.9999420207531536 0.009948901453066029
vn -0.004120011162235653 0.9999420207531536 0.009948901453066029
vn -0.0027771927701498284 0.9999419924167362 0.01040668064107212
vn 0.12729713962176784 0.8706928329223341 -0.47506781509779866
vn -0.004120011162235653 0.9999420207531536 0.009948901453066029
vn 0.12729713962176784 0.8706928329223341 -0.47506781509779866
vn 0.18821535608379228 0.8706981808274461 -0.454378319947186
vn 0.18821535608379228 0.8706981808274461 -0.454378319947186
vn 0.12729713962176784 0.8706928329223341 -0.47506781509779866
vn 0.22342887549562532 0.5047214130700696 -0.8338679948189117
vn 0.18821535608379228 0.8706981808274461 -0.454378319947186
vn 0.22342887549562532 0.5047214130700696 -0.8338679948189117
vn 0.3303715563475657 0.5047282433837975 -0.7975613049084023
vn 0.3303715563475657 0.5047282433837975 -0.7975613049084023
vn 0.22342887549562532 0.5047214130700696 -0.8338679948189117
vn 0.2588021893396045 -1.5737002637787596e-7 -0.9659303426194887
vn 0.3303715563475657 0.5047282433837975 -0.7975613049084023
vn 0.2588021893396045 -1.5737002637787596e-7 -0.9659303426194887
vn 0.38268153944662425 -1.50519207623345e-7 -0.9238803165815035
vn 0.38268153944662425 -1.50519207623345e-7 -0.9238803165815035
vn 0.2588021893396045 -1.5737002637787596e-7 -0.9659303426194887
vn 0.22342887549562532 -0.504721684778721 -0.8338678303597578
vn 0.38268153944662425 -1.50519207623345e-7 -0.9238803165815035
vn 0.22342887549562532 -0.504721684778721 -0.8338678303597578
vn 0.3303715563475657 -0.5047285032622278 -0.7975611404470245
vn 0.3303715563475657 -0.5047285032622278 -0.7975611404470245
vn 0.22342887549562532 -0.504721684778721 -0.8338678303597578
vn 0.12729713962176784 -0.8706929877190291 -0.47506753139004
vn 0.3303715563475657 -0.5047285032622278 -0.7975611404470245
vn 0.12729713962176784 -0.8706929877190291 -0.47506753139004
vn 0.18821535608379225 -0.8706983288826478 -0.45437803623768586
vn 0.18821535608379225 -0.8706983288826478 -0.45437803623768586
vn 0.12729713962176784 -0.8706929877190291 -0.47506753139004
vn -0.0027771927701498284 -0.9999419890257562 0.010407006463526417
vn 0.18821535608379225 -0.8706983288826478 -0.45437803623768586
vn -0.0027771927701498284 -0.9999419890257562 0.010407006463526417
vn -0.0041200111622356535 -0.999942017511337 0.009949227275529585
vn -0.0041200111622356535 -0.999942017511337 0.009949227275529585
vn -0.0027771927701498284 -0.9999419890257562 0.010407006463526417
vn -0.13147502721183443 -0.861362826889463 0.4906815644311903
vn -0.0041200111622356535 -0.999942017511337 0.009949227275529585
vn -0.13147502721183443 -0.861362826889463 0.4906815644311903
vn -0.1944049191556038 -0.8613632934059023 0.46931865952787405
vn -0.1944049191556038 -0.8613632934059023 0.46931865952787405
vn -0.13147502721183443 -0.861362826889463 0.4906815644311903
vn -0.22480723725958565 -0.4953937129492617 0.8390749521026454
vn -0.1944049191556038 -0.8613632934059023 0.46931865952787405
vn -0.22480723725958565 -0.4953937129492617 0.8390749521026454
vn -0.33241233498066647 -0.4953833596889555 0.8025567683946003
vn -0.33241233498066647 -0.4953833596889555 0.8025567683946003
vn -0.22480723725958565 -0.4953937129492617 0.8390749521026454
vn -0.2588021893396045 1.5737002637787596e-7 0.9659303426194887
vn -0.33241233498066647 -0.4953833596889555 0.8025567683946003
vn -0.2588021893396045 1.5737002637787596e-7 0.9659303426194887
vn -0.38268153944662425 1.50519207623345e-7 0.9238803165815035
vn -0.2588021893396045 1.5737002637787596e-7 0.9659303426194887
vn -0.13050029224505694 1.6152742454396127e-7 0.9914482708260318
vn -0.11337778059083348 0.4953832251784431 0.8612438325353051
vn -0.2588021893396045 1.5737002637787596e-7 0.9659303426194887
vn -0.11337778059083348 0.4953832251784431 0.8612438325353051
vn -0.22480723725958568 0.49539398635455567 0.8390747906828416
vn -0.22480723725958568 0.49539398635455567 0.8390747906828416
vn -0.11337778059083348 0.4953832251784431 0.8612438325353051
vn -0.06628668853539009 0.861360725231136 0.5036504501658898
vn -0.22480723725958568 0.49539398635455567 0.8390747906828416
vn -0.06628668853539009 0.861360725231136 0.5036504501658898
vn -0.13147502721183443 0.8613629867737637 0.49068128376353265
vn -0.13147502721183443 0.8613629867737637 0.49068128376353265
vn -0.06628668853539009 0.861360725231136 0.5036504501658898
vn -0.0014038556033715741 0.9999419673146811 0.010681347868598695
vn -0.13147502721183443 0.8613629867737637 0.49068128376353265
vn -0.0014038556033715741 0.9999419673146811 0.010681347868598695
vn -0.0027771927701498284 0.9999419924167362 0.01040668064107212
vn -0.0027771927701498284 0.9999419924167362 0.01040668064107212
vn -0.0014038556033715741 0.9999419673146811 0.010681347868598695
vn 0.06418297496877914 0.8706970871283373 -0.4876137079598828
vn -0.0027771927701498284 0.9999419924167362 0.01040668064107212
vn 0.06418297496877914 0.8706970871283373 -0.4876137079598828
vn 0.12729713962176784 0.8706928329223341 -0.47506781509779866
vn 0.12729713962176784 0.8706928329223341 -0.47506781509779866
vn 0.06418297496877914 0.8706970871283373 -0.4876137079598828
vn 0.11267528162470773 0.5047191804318693 -0.8558988432139484
vn 0.12729713962176784 0.8706928329223341 -0.47506781509779866
vn 0.11267528162470773 0.5047191804318693 -0.8558988432139484
vn 0.22342887549562532 0.5047214130700696 -0.8338679948189117
vn 0.22342887549562532 0.5047214130700696 -0.8338679948189117
vn 0.11267528162470773 0.5047191804318693 -0.8558988432139484
vn 0.13050029224505694 -1.6152742454396127e-7 -0.9914482708260318
vn 0.22342887549562532 0.5047214130700696 -0.8338679948189117
vn 0.13050029224505694 -1.6152742454396127e-7 -0.9914482708260318
vn 0.2588021893396045 -1.5737002637787596e-7 -0.9659303426194887
vn 0.2588021893396045 -1.5737002637787596e-7 -0.9659303426194887
vn 0.13050029224505694 -1.6152742454396127e-7 -0.9914482708260318
vn 0.11267528162470773 -0.5047194593190824 -0.8558986787555207
vn 0.2588021893396045 -1.5737002637787596e-7 -0.9659303426194887
vn 0.11267528162470773 -0.5047194593190824 -0.8558986787555207
vn 0.22342887549562532 -0.504721684778721 -0.8338678303597578
vn 0.22342887549562532 -0.504721684778721 -0.8338678303597578
vn 0.11267528162470773 -0.5047194593190824 -0.8558986787555207
vn 0.06418297496877913 -0.8706972460130029 -0.48761342425073717
vn 0.22342887549562532 -0.504721684778721 -0.8338678303597578
vn 0.06418297496877913 -0.8706972460130029 -0.48761342425073717
vn 0.12729713962176784 -0.8706929877190291 -0.47506753139004
vn 0.12729713962176784 -0.8706929877190291 -0.47506753139004
vn 0.06418297496877913 -0.8706972460130029 -0.48761342425073717
vn -0.0014038556033715744 -0.9999419638342033 0.0106816736910448
vn 0.12729713962176784 -0.8706929877190291 -0.47506753139004
vn -0.0014038556033715744 -0.9999419638342033 0.0106816736910448
vn -0.0027771927701498284 -0.9999419890257562 0.010407006463526417
vn -0.0027771927701498284 -0.9999419890257562 0.010407006463526417
vn -0.0014038556033715744 -0.9999419638342033 0.0106816736910448
vn -0.06628668853539009 -0.8613605611209446 0.5036507308328099
vn -0.0027771927701498284 -0.9999419890257562 0.010407006463526417
vn -0.06628668853539009 -0.8613605611209446 0.5036507308328099
vn -0.13147502721183443 -0.861362826889463 0.4906815644311903
vn -0.13147502721183443 -0.861362826889463 0.4906815644311903
vn -0.06628668853539009 -0.8613605611209446 0.5036507308328099
vn -0.11337778059083345 -0.49538294454955845 0.8612439939516012
vn -0.13147502721183443 -0.861362826889463 0.4906815644311903
vn -0.11337778059083345 -0.49538294454955845 0.8612439939516012
vn -0.22480723725958565 -0.4953937129492617 0.8390749521026454
vn -0.22480723725958565 -0.4953937129492617 0.8390749521026454
vn -0.11337778059083345 -0.49538294454955845 0.8612439939516012
vn -0.13050029224505694 1.6152742454396127e-7 0.9914482708260318
vn -0.22480723725958565 -0.4953937129492617 0.8390749521026454
vn -0.13050029224505694 1.6152742454396127e-7 0.9914482708260318
vn -0.2588021893396045 1.5737002637787596e-7 0.9659303426194887
vn -0.13050029224505694 1.6152742454396127e-7 0.9914482708260318
vn 0 1.629206780595638e-7 0.9999999999999868
vn 0 0.49538952942598163 0.8686709469845899
vn -0.13050029224505694 1.6152742454396127e-7 0.9914482708260318
vn 0 0.49538952942598163 0.8686709469845899
vn -0.11337778059083348 0.4953832251784431 0.8612438325353051
vn -0.11337778059083348 0.4953832251784431 0.8612438325353051
vn 0 0.49538952942598163 0.8686709469845899
vn 0 0.8613649556229065 0.5079866270136925
vn -0.11337778059083348 0.4953832251784431 0.8612438325353051
vn 0 0.8613649556229065 0.5079866270136925
vn -0.06628668853539009 0.861360725231136 0.5036504501658898
vn -0.06628668853539009 0.861360725231136 0.5036504501658898
vn 0 0.8613649556229065 0.5079866270136925
vn 0 0.9999419705922127 0.010772903423053252
vn -0.06628668853539009 0.861360725231136 0.5036504501658898
vn 0 0.9999419705922127 0.010772903423053252
vn -0.0014038556033715741 0.9999419673146811 0.010681347868598695
vn -0.0014038556033715741 0.9999419673146811 0.010681347868598695
vn 0 0.9999419705922127 0.010772903423053252
vn 0 0.8706945990063445 -0.4918240694203374
vn -0.0014038556033715741 0.9999419673146811 0.010681347868598695
vn 0 0.8706945990063445 -0.4918240694203374
vn 0.06418297496877914 0.8706970871283373 -0.4876137079598828
vn 0.06418297496877914 0.8706970871283373 -0.4876137079598828
vn 0 0.8706945990063445 -0.4918240694203374
vn 0 0.5047188462519002 -0.8632837808265313
vn 0.06418297496877914 0.8706970871283373 -0.4876137079598828
vn 0 0.5047188462519002 -0.8632837808265313
vn 0.11267528162470773 0.5047191804318693 -0.8558988432139484
vn 0.11267528162470773 0.5047191804318693 -0.8558988432139484
vn 0 0.5047188462519002 -0.8632837808265313
vn 0 -1.629206780595638e-7 -0.9999999999999868
vn 0.11267528162470773 0.5047191804318693 -0.8558988432139484
vn 0 -1.629206780595638e-7 -0.9999999999999868
vn 0.13050029224505694 -1.6152742454396127e-7 -0.9914482708260318
vn 0.13050029224505694 -1.6152742454396127e-7 -0.9914482708260318
vn 0 -1.629206780595638e-7 -0.9999999999999868
vn 0 -0.5047191275454314 -0.8632836163682123
vn 0.13050029224505694 -1.6152742454396127e-7 -0.9914482708260318
vn 0 -0.5047191275454314 -0.8632836163682123
vn 0.11267528162470773 -0.5047194593190824 -0.8558986787555207
vn 0.11267528162470773 -0.5047194593190824 -0.8558986787555207
vn 0 -0.5047191275454314 -0.8632836163682123
vn 0 -0.8706947592629201 -0.49182378571200225
vn 0.11267528162470773 -0.5047194593190824 -0.8558986787555207
vn 0 -0.8706947592629201 -0.49182378571200225
vn 0.06418297496877913 -0.8706972460130029 -0.48761342425073717
vn 0.06418297496877913 -0.8706972460130029 -0.48761342425073717
vn 0 -0.8706947592629201 -0.49182378571200225
vn 0 -0.9999419670819022 0.010773229245500419
vn 0.06418297496877913 -0.8706972460130029 -0.48761342425073717
vn 0 -0.9999419670819022 0.010773229245500419
vn -0.0014038556033715744 -0.9999419638342033 0.0106816736910448
vn -0.0014038556033715744 -0.9999419638342033 0.0106816736910448
vn 0 -0.9999419670819022 0.010773229245500419
vn 0 -0.8613647900998093 0.5079869076819907
vn -0.0014038556033715744 -0.9999419638342033 0.0106816736910448
vn 0 -0.8613647900998093 0.5079869076819907
vn -0.06628668853539009 -0.8613605611209446 0.5036507308328099
vn -0.06628668853539009 -0.8613605611209446 0.5036507308328099
vn 0 -0.8613647900998093 0.5079869076819907
vn 0 -0.4953892463770361 0.86867110840294
vn -0.06628668853539009 -0.8613605611209446 0.5036507308328099
vn 0 -0.4953892463770361 0.86867110840294
vn -0.11337778059083345 -0.49538294454955845 0.8612439939516012
vn -0.11337778059083345 -0.49538294454955845 0.8612439939516012
vn 0 -0.4953892463770361 0.86867110840294
vn 0 1.629206780595638e-7 0.9999999999999868
vn -0.11337778059083345 -0.49538294454955845 0.8612439939516012
vn 0 1.629206780595638e-7 0.9999999999999868
vn -0.13050029224505694 1.6152742454396127e-7 0.9914482708260318
vn 0 1.629206780595638e-7 0.9999999999999868
vn 0.13050029224505694 1.6152742454396127e-7 0.9914482708260318
vn 0.11337778059083348 0.4953832251784431 0.8612438325353051
vn 0 1.629206780595638e-7 0.9999999999999868
vn 0.11337778059083348 0.4953832251784431 0.8612438325353051
vn 0 0.49538952942598163 0.8686709469845899
vn 0 0.49538952942598163 0.8686709469845899
vn 0.11337778059083348 0.4953832251784431 0.8612438325353051
vn 0.06628668853539009 0.861360725231136 0.5036504501658898
vn 0 0.49538952942598163 0.8686709469845899
vn 0.06628668853539009 0.861360725231136 0.5036504501658898
vn 0 0.8613649556229065 0.5079866270136925
vn 0 0.8613649556229065 0.5079866270136925
vn 0.06628668853539009 0.861360725231136 0.5036504501658898
vn 0.0014038556033715741 0.9999419673146811 0.010681347868598695
vn 0 0.8613649556229065 0.5079866270136925
vn 0.0014038556033715741 0.9999419673146811 0.010681347868598695
vn 0 0.9999419705922127 0.010772903423053252
vn 0 0.9999419705922127 0.010772903423053252
vn 0.0014038556033715741 0.9999419673146811 0.010681347868598695
vn -0.06418297496877914 0.8706970871283373 -0.4876137079598828
vn 0 0.9999419705922127 0.010772903423053252
vn -0.06418297496877914 0.8706970871283373 -0.4876137079598828
vn 0 0.8706945990063445 -0.4918240694203374
vn 0 0.8706945990063445 -0.4918240694203374
vn -0.06418297496877914 0.8706970871283373 -0.4876137079598828
vn -0.11267528162470773 0.5047191804318693 -0.8558988432139484
vn 0 0.8706945990063445 -0.4918240694203374
vn -0.11267528162470773 0.5047191804318693 -0.8558988432139484
vn 0 0.5047188462519002 -0.8632837808265313
vn 0 0.5047188462519002 -0.8632837808265313
vn -0.11267528162470773 0.5047191804318693 -0.8558988432139484
vn -0.13050029224505694 -1.6152742454396127e-7 -0.9914482708260318
vn 0 0.5047188462519002 -0.8632837808265313
vn -0.13050029224505694 -1.6152742454396127e-7 -0.9914482708260318
vn 0 -1.629206780595638e-7 -0.9999999999999868
vn 0 -1.629206780595638e-7 -0.9999999999999868
vn -0.13050029224505694 -1.6152742454396127e-7 -0.9914482708260318
vn -0.11267528162470773 -0.5047194593190824 -0.8558986787555207
vn 0 -1.629206780595638e-7 -0.9999999999999868
vn -0.11267528162470773 -0.5047194593190824 -0.8558986787555207
vn 0 -0.5047191275454314 -0.8632836163682123
vn 0 -0.5047191275454314 -0.8632836163682123
vn -0.11267528162470773 -0.5047194593190824 -0.8558986787555207
vn -0.06418297496877913 -0.8706972460130029 -0.48761342425073717
vn 0 -0.5047191275454314 -0.8632836163682123
vn -0.06418297496877913 -0.8706972460130029 -0.48761342425073717
vn 0 -0.8706947592629201 -0.49182378571200225
vn 0 -0.8706947592629201 -0.49182378571200225
vn -0.06418297496877913 -0.8706972460130029 -0.48761342425073717
vn 0.0014038556033715744 -0.9999419638342033 0.0106816736910448
vn 0 -0.8706947592629201 -0.49182378571200225
vn 0.0014038556033715744 -0.9999419638342033 0.0106816736910448
vn 0 -0.9999419670819022 0.010773229245500419
vn 0 -0.9999419670819022 0.010773229245500419
vn 0.0014038556033715744 -0.9999419638342033 0.0106816736910448
vn 0.06628668853539009 -0.8613605611209446 0.5036507308328099
vn 0 -0.9999419670819022 0.010773229245500419
vn 0.06628668853539009 -0.8613605611209446 0.5036507308328099
vn 0 -0.8613647900998093 0.5079869076819907
vn 0 -0.8613647900998093 0.5079869076819907
vn 0.06628668853539009 -0.8613605611209446 0.5036507308328099
vn 0.11337778059083345 -0.49538294454955845 0.8612439939516012
vn 0 -0.8613647900998093 0.5079869076819907
vn 0.11337778059083345 -0.49538294454955845 0.8612439939516012
vn 0 -0.4953892463770361 0.86867110840294
vn 0 -0.4953892463770361 0.86867110840294
vn 0.11337778059083345 -0.49538294454955845 0.8612439939516012
vn 0.13050029224505694 1.6152742454396127e-7 0.9914482708260318
vn 0 -0.4953892463770361 0.86867110840294
vn 0.13050029224505694 1.6152742454396127e-7 0.9914482708260318
vn 0 1.629206780595638e-7 0.9999999999999868
vn 0.13050029224505694 1.6152742454396127e-7 0.9914482708260318
vn 0.2588021893396045 1.5737002637787596e-7 0.9659303426194887
vn 0.22480723725958568 0.49539398635455567 0.8390747906828416
vn 0.13050029224505694 1.6152742454396127e-7 0.9914482708260318
vn 0.22480723725958568 0.49539398635455567 0.8390747906828416
vn 0.11337778059083348 0.4953832251784431 0.8612438325353051
vn 0.11337778059083348 0.4953832251784431 0.8612438325353051
vn 0.22480723725958568 0.49539398635455567 0.8390747906828416
vn 0.13147502721183443 0.8613629867737637 0.49068128376353265
vn 0.11337778059083348 0.4953832251784431 0.8612438325353051
vn 0.13147502721183443 0.8613629867737637 0.49068128376353265
vn 0.06628668853539009 0.861360725231136 0.5036504501658898
vn 0.06628668853539009 0.861360725231136 0.5036504501658898
vn 0.13147502721183443 0.8613629867737637 0.49068128376353265
vn 0.0027771927701498284 0.9999419924167362 0.01040668064107212
vn 0.06628668853539009 0.861360725231136 0.5036504501658898
vn 0.0027771927701498284 0.9999419924167362 0.01040668064107212
vn 0.0014038556033715741 0.9999419673146811 0.010681347868598695
vn 0.0014038556033715741 0.9999419673146811 0.010681347868598695
vn 0.0027771927701498284 0.9999419924167362 0.01040668064107212
vn -0.12729713962176784 0.8706928329223341 -0.47506781509779866
vn 0.0014038556033715741 0.9999419673146811 0.010681347868598695
vn -0.12729713962176784 0.8706928329223341 -0.47506781509779866
vn -0.06418297496877914 0.8706970871283373 -0.4876137079598828
vn -0.06418297496877914 0.8706970871283373 -0.4876137079598828
vn -0.12729713962176784 0.8706928329223341 -0.47506781509779866
vn -0.22342887549562532 0.5047214130700696 -0.8338679948189117
vn -0.06418297496877914 0.8706970871283373 -0.4876137079598828
vn -0.22342887549562532 0.5047214130700696 -0.8338679948189117
vn -0.11267528162470773 0.5047191804318693 -0.8558988432139484
vn -0.11267528162470773 0.5047191804318693 -0.8558988432139484
vn -0.22342887549562532 0.5047214130700696 -0.8338679948189117
vn -0.2588021893396045 -1.5737002637787596e-7 -0.9659303426194887
vn -0.11267528162470773 0.5047191804318693 -0.8558988432139484
vn -0.2588021893396045 -1.5737002637787596e-7 -0.9659303426194887
vn -0.13050029224505694 -1.6152742454396127e-7 -0.9914482708260318
vn -0.13050029224505694 -1.6152742454396127e-7 -0.9914482708260318
vn -0.2588021893396045 -1.5737002637787596e-7 -0.9659303426194887
vn -0.22342887549562532 -0.504721684778721 -0.8338678303597578
vn -0.13050029224505694 -1.6152742454396127e-7 -0.9914482708260318
vn -0.22342887549562532 -0.504721684778721 -0.8338678303597578
vn -0.11267528162470773 -0.5047194593190824 -0.8558986787555207
vn -0.11267528162470773 -0.5047194593190824 -0.8558986787555207
vn -0.22342887549562532 -0.504721684778721 -0.8338678303597578
vn -0.12729713962176784 -0.8706929877190291 -0.47506753139004
vn -0.11267528162470773 -0.5047194593190824 -0.8558986787555207
vn -0.12729713962176784 -0.8706929877190291 -0.47506753139004
vn -0.06418297496877913 -0.8706972460130029 -0.48761342425073717
vn -0.06418297496877913 -0.8706972460130029 -0.48761342425073717
vn -0.12729713962176784 -0.8706929877190291 -0.47506753139004
vn 0.0027771927701498284 -0.9999419890257562 0.010407006463526417
vn -0.06418297496877913 -0.8706972460130029 -0.48761342425073717
vn 0.0027771927701498284 -0.9999419890257562 0.010407006463526417
vn 0.0014038556033715744 -0.9999419638342033 0.0106816736910448
vn 0.0014038556033715744 -0.9999419638342033 0.0106816736910448
vn 0.0027771927701498284 -0.9999419890257562 0.010407006463526417
vn 0.13147502721183443 -0.861362826889463 0.4906815644311903
vn 0.0014038556033715744 -0.9999419638342033 0.0106816736910448
vn 0.13147502721183443 -0.861362826889463 0.4906815644311903
vn 0.06628668853539009 -0.8613605611209446 0.5036507308328099
vn 0.06628668853539009 -0.8613605611209446 0.5036507308328099
vn 0.13147502721183443 -0.861362826889463 0.4906815644311903
vn 0.22480723725958565 -0.4953937129492617 0.8390749521026454
vn 0.06628668853539009 -0.8613605611209446 0.5036507308328099
vn 0.22480723725958565 -0.4953937129492617 0.8390749521026454
vn 0.11337778059083345 -0.49538294454955845 0.8612439939516012
vn 0.11337778059083345 -0.49538294454955845 0.8612439939516012
vn 0.22480723725958565 -0.4953937129492617 0.8390749521026454
vn 0.2588021893396045 1.5737002637787596e-7 0.9659303426194887
vn 0.11337778059083345 -0.49538294454955845 0.8612439939516012
vn 0.2588021893396045 1.5737002637787596e-7 0.9659303426194887
vn 0.13050029224505694 1.6152742454396127e-7 0.9914482708260318
vn 0.2588021893396045 1.5737002637787596e-7 0.9659303426194887
vn 0.38268153944662425 1.50519207623345e-7 0.9238803165815035
vn 0.33241233498066647 0.4953836211951149 0.8025566069781721
vn 0.2588021893396045 1.5737002637787596e-7 0.9659303426194887
vn 0.33241233498066647 0.4953836211951149 0.8025566069781721
vn 0.22480723725958568 0.49539398635455567 0.8390747906828416
vn 0.22480723725958568 0.49539398635455567 0.8390747906828416
vn 0.33241233498066647 0.4953836211951149 0.8025566069781721
vn 0.1944049191556038 0.8613634463292852 0.46931837886006544
vn 0.22480723725958568 0.49539398635455567 0.8390747906828416
vn 0.1944049191556038 0.8613634463292852 0.46931837886006544
vn 0.13147502721183443 0.8613629867737637 0.49068128376353265
vn 0.13147502721183443 0.8613629867737637 0.49068128376353265
vn 0.1944049191556038 0.8613634463292852 0.46931837886006544
vn 0.004120011162235653 0.9999420207531536 0.009948901453066029
vn 0.13147502721183443 0.8613629867737637 0.49068128376353265
vn 0.004120011162235653 0.9999420207531536 0.009948901453066029
vn 0.0027771927701498284 0.9999419924167362 0.01040668064107212
vn 0.0027771927701498284 0.9999419924167362 0.01040668064107212
vn 0.004120011162235653 0.9999420207531536 0.009948901453066029
vn -0.18821535608379228 0.8706981808274461 -0.454378319947186
vn 0.0027771927701498284 0.9999419924167362 0.01040668064107212
vn -0.18821535608379228 0.8706981808274461 -0.454378319947186
vn -0.12729713962176784 0.8706928329223341 -0.47506781509779866
vn -0.12729713962176784 0.8706928329223341 -0.47506781509779866
vn -0.18821535608379228 0.8706981808274461 -0.454378319947186
vn -0.3303715563475657 0.5047282433837975 -0.7975613049084023
vn -0.12729713962176784 0.8706928329223341 -0.47506781509779866
vn -0.3303715563475657 0.5047282433837975 -0.7975613049084023
vn -0.22342887549562532 0.5047214130700696 -0.8338679948189117
vn -0.22342887549562532 0.5047214130700696 -0.8338679948189117
vn -0.3303715563475657 0.5047282433837975 -0.7975613049084023
vn -0.38268153944662425 -1.50519207623345e-7 -0.9238803165815035
vn -0.22342887549562532 0.5047214130700696 -0.8338679948189117
vn -0.38268153944662425 -1.50519207623345e-7 -0.9238803165815035
vn -0.2588021893396045 -1.5737002637787596e-7 -0.9659303426194887
vn -0.2588021893396045 -1.5737002637787596e-7 -0.9659303426194887
vn -0.38268153944662425 -1.50519207623345e-7 -0.9238803165815035
vn -0.3303715563475657 -0.5047285032622278 -0.7975611404470245
vn -0.2588021893396045 -1.5737002637787596e-7 -0.9659303426194887
vn -0.3303715563475657 -0.5047285032622278 -0.7975611404470245
vn -0.22342887549562532 -0.504721684778721 -0.8338678303597578
vn -0.22342887549562532 -0.504721684778721 -0.8338678303597578
vn -0.3303715563475657 -0.5047285032622278 -0.7975611404470245
vn -0.18821535608379225 -0.8706983288826478 -0.45437803623768586
vn -0.22342887549562532 -0.504721684778721 -0.8338678303597578
vn -0.18821535608379225 -0.8706983288826478 -0.45437803623768586
vn -0.12729713962176784 -0.8706929877190291 -0.47506753139004
vn -0.12729713962176784 -0.8706929877190291 -0.47506753139004
vn -0.18821535608379225 -0.8706983288826478 -0.45437803623768586
vn 0.0041200111622356535 -0.999942017511337 0.009949227275529585
vn -0.12729713962176784 -0.8706929877190291 -0.47506753139004
vn 0.0041200111622356535 -0.999942017511337 0.009949227275529585
vn 0.0027771927701498284 -0.9999419890257562 0.010407006463526417
vn 0.0027771927701498284 -0.9999419890257562 0.010407006463526417
vn 0.0041200111622356535 -0.999942017511337 0.009949227275529585
vn 0.1944049191556038 -0.8613632934059023 0.46931865952787405
vn 0.0027771927701498284 -0.9999419890257562 0.010407006463526417
vn 0.1944049191556038 -0.8613632934059023 0.46931865952787405
vn 0.13147502721183443 -0.861362826889463 0.4906815644311903
vn 0.13147502721183443 -0.861362826889463 0.4906815644311903
vn 0.1944049191556038 -0.8613632934059023 0.46931865952787405
vn 0.33241233498066647 -0.4953833596889555 0.8025567683946003
vn 0.13147502721183443 -0.861362826889463 0.4906815644311903
vn 0.33241233498066647 -0.4953833596889555 0.8025567683946003
vn 0.22480723725958565 -0.4953937129492617 0.8390749521026454
vn 0.22480723725958565 -0.4953937129492617 0.8390749521026454
vn 0.33241233498066647 -0.4953833596889555 0.8025567683946003
vn 0.38268153944662425 1.50519207623345e-7 0.9238803165815035
vn 0.22480723725958565 -0.4953937129492617 0.8390749521026454
vn 0.38268153944662425 1.50519207623345e-7 0.9238803165815035
vn 0.2588021893396045 1.5737002637787596e-7 0.9659303426194887
vn 0.38268153944662425 1.50519207623345e-7 0.9238803165815035
vn 0.4999892947649318 1.410944529459994e-7 0.8660315843665555
vn 0.43431996946460044 0.49538915863631977 0.7523003028245222
vn 0.38268153944662425 1.50519207623345e-7 0.9238803165815035
vn 0.43431996946460044 0.49538915863631977 0.7523003028245222
vn 0.33241233498066647 0.4953836211951149 0.8025566069781721
vn 0.33241233498066647 0.4953836211951149 0.8025566069781721
vn 0.43431996946460044 0.49538915863631977 0.7523003028245222
vn 0.25397907484620347 0.8613682101964951 0.4399311718930054
vn 0.33241233498066647 0.4953836211951149 0.8025566069781721
vn 0.25397907484620347 0.8613682101964951 0.4399311718930054
vn 0.1944049191556038 0.8613634463292852 0.46931837886006544
vn 0.1944049191556038 0.8613634463292852 0.46931837886006544
vn 0.25397907484620347 0.8613682101964951 0.4399311718930054
vn 0.0053712755510161485 0.9999422534816418 0.00930801273157341
vn 0.1944049191556038 0.8613634463292852 0.46931837886006544
vn 0.0053712755510161485 0.9999422534816418 0.00930801273157341
vn 0.004120011162235653 0.9999420207531536 0.009948901453066029
vn 0.004120011162235653 0.9999420207531536 0.009948901453066029
vn 0.0053712755510161485 0.9999422534816418 0.00930801273157341
vn -0.2458976274824707 0.870697876251704 -0.42593375669141836
vn 0.004120011162235653 0.9999420207531536 0.009948901453066029
vn -0.2458976274824707 0.870697876251704 -0.42593375669141836
vn -0.18821535608379228 0.8706981808274461 -0.454378319947186
vn -0.18821535608379228 0.8706981808274461 -0.454378319947186
vn -0.2458976274824707 0.870697876251704 -0.42593375669141836
vn -0.431632012700558 0.5047251810440353 -0.7476271110868916
vn -0.18821535608379228 0.8706981808274461 -0.454378319947186
vn -0.431632012700558 0.5047251810440353 -0.7476271110868916
vn -0.3303715563475657 0.5047282433837975 -0.7975613049084023
vn -0.3303715563475657 0.5047282433837975 -0.7975613049084023
vn -0.431632012700558 0.5047251810440353 -0.7476271110868916
vn -0.4999892947649318 -1.410944529459994e-7 -0.8660315843665555
vn -0.3303715563475657 0.5047282433837975 -0.7975613049084023
vn -0.4999892947649318 -1.410944529459994e-7 -0.8660315843665555
vn -0.38268153944662425 -1.50519207623345e-7 -0.9238803165815035
vn -0.38268153944662425 -1.50519207623345e-7 -0.9238803165815035
vn -0.4999892947649318 -1.410944529459994e-7 -0.8660315843665555
vn -0.431632012700558 -0.5047254246518402 -0.7476269466265143
vn -0.38268153944662425 -1.50519207623345e-7 -0.9238803165815035
vn -0.431632012700558 -0.5047254246518402 -0.7476269466265143
vn -0.3303715563475657 -0.5047285032622278 -0.7975611404470245
vn -0.3303715563475657 -0.5047285032622278 -0.7975611404470245
vn -0.431632012700558 -0.5047254246518402 -0.7476269466265143
vn -0.24589762748247065 -0.8706980150384905 -0.425933472982019
vn -0.3303715563475657 -0.5047285032622278 -0.7975611404470245
vn -0.24589762748247065 -0.8706980150384905 -0.425933472982019
vn -0.18821535608379225 -0.8706983288826478 -0.45437803623768586
vn -0.18821535608379225 -0.8706983288826478 -0.45437803623768586
vn -0.24589762748247065 -0.8706980150384905 -0.425933472982019
vn 0.0053712755510161485 -0.9999422504486531 0.009308338554112831
vn -0.18821535608379225 -0.8706983288826478 -0.45437803623768586
vn 0.0053712755510161485 -0.9999422504486531 0.009308338554112831
vn 0.0041200111622356535 -0.999942017511337 0.009949227275529585
vn 0.0041200111622356535 -0.999942017511337 0.009949227275529585
vn 0.0053712755510161485 -0.9999422504486531 0.009308338554112831
vn 0.25397907484620347 -0.8613680668486797 0.43993145256236765
vn 0.0041200111622356535 -0.999942017511337 0.009949227275529585
vn 0.25397907484620347 -0.8613680668486797 0.43993145256236765
vn 0.1944049191556038 -0.8613632934059023 0.46931865952787405
vn 0.1944049191556038 -0.8613632934059023 0.46931865952787405
vn 0.25397907484620347 -0.8613680668486797 0.43993145256236765
vn 0.43431996946460044 -0.4953889135057426 0.7523004642427574
vn 0.1944049191556038 -0.8613632934059023 0.46931865952787405
vn 0.43431996946460044 -0.4953889135057426 0.7523004642427574
vn 0.33241233498066647 -0.4953833596889555 0.8025567683946003
vn 0.33241233498066647 -0.4953833596889555 0.8025567683946003
vn 0.43431996946460044 -0.4953889135057426 0.7523004642427574
vn 0.4999892947649318 1.410944529459994e-7 0.8660315843665555
vn 0.33241233498066647 -0.4953833596889555 0.8025567683946003
vn 0.4999892947649318 1.410944529459994e-7 0.8660315843665555
vn 0.38268153944662425 1.50519207623345e-7 0.9238803165815035
vn 0.4999892947649318 1.410944529459994e-7 0.8660315843665555
vn 0.608767851899212 1.2925286118674673e-7 0.7933484117927019
vn 0.5288119453978245 0.49539316299106156 0.6891614763364823
vn 0.4999892947649318 1.410944529459994e-7 0.8660315843665555
vn 0.5288119453978245 0.49539316299106156 0.6891614763364823
vn 0.43431996946460044 0.49538915863631977 0.7523003028245222
vn 0.43431996946460044 0.49538915863631977 0.7523003028245222
vn 0.5288119453978245 0.49539316299106156 0.6891614763364823
vn 0.3092487234044408 0.8613674683422007 0.4030028679233829
vn 0.43431996946460044 0.49538915863631977 0.7523003028245222
vn 0.3092487234044408 0.8613674683422007 0.4030028679233829
vn 0.25397907484620347 0.8613682101964951 0.4399311718930054
vn 0.25397907484620347 0.8613682101964951 0.4399311718930054
vn 0.3092487234044408 0.8613674683422007 0.4030028679233829
vn 0.006561499345141351 0.9999419627825691 0.00854504493182127
vn 0.25397907484620347 0.8613682101964951 0.4399311718930054
vn 0.006561499345141351 0.9999419627825691 0.00854504493182127
vn 0.0053712755510161485 0.9999422534816418 0.00930801273157341
vn 0.0053712755510161485 0.9999422534816418 0.00930801273157341
vn 0.006561499345141351 0.9999419627825691 0.00854504493182127
vn -0.2993977594018915 0.870694970055972 -0.39019386307879966
vn 0.0053712755510161485 0.9999422534816418 0.00930801273157341
vn -0.2993977594018915 0.870694970055972 -0.39019386307879966
vn -0.2458976274824707 0.870697876251704 -0.42593375669141836
vn -0.2458976274824707 0.870697876251704 -0.42593375669141836
vn -0.2993977594018915 0.870694970055972 -0.39019386307879966
vn -0.5255394837001361 0.504725312288959 -0.6848799969388849
vn -0.2458976274824707 0.870697876251704 -0.42593375669141836
vn -0.5255394837001361 0.504725312288959 -0.6848799969388849
vn -0.431632012700558 0.5047251810440353 -0.7476271110868916
vn -0.431632012700558 0.5047251810440353 -0.7476271110868916
vn -0.5255394837001361 0.504725312288959 -0.6848799969388849
vn -0.608767851899212 -1.2925286118674673e-7 -0.7933484117927019
vn -0.431632012700558 0.5047251810440353 -0.7476271110868916
vn -0.608767851899212 -1.2925286118674673e-7 -0.7933484117927019
vn -0.4999892947649318 -1.410944529459994e-7 -0.8660315843665555
vn -0.4999892947649318 -1.410944529459994e-7 -0.8660315843665555
vn -0.608767851899212 -1.2925286118674673e-7 -0.7933484117927019
vn -0.5255394837001361 -0.5047255354511593 -0.6848798324784684
vn -0.4999892947649318 -1.410944529459994e-7 -0.8660315843665555
vn -0.5255394837001361 -0.5047255354511593 -0.6848798324784684
vn -0.431632012700558 -0.5047254246518402 -0.7476269466265143
vn -0.431632012700558 -0.5047254246518402 -0.7476269466265143
vn -0.5255394837001361 -0.5047255354511593 -0.6848798324784684
vn -0.2993977594018915 -0.8706950971972234 -0.39019357937034915
vn -0.431632012700558 -0.5047254246518402 -0.7476269466265143
vn -0.2993977594018915 -0.8706950971972234 -0.39019357937034915
vn -0.24589762748247065 -0.8706980150384905 -0.425933472982019
vn -0.24589762748247065 -0.8706980150384905 -0.425933472982019
vn -0.2993977594018915 -0.8706950971972234 -0.39019357937034915
vn 0.006561499345141352 -0.9999419599981871 0.008545370754266009
vn -0.24589762748247065 -0.8706980150384905 -0.425933472982019
vn 0.006561499345141352 -0.9999419599981871 0.008545370754266009
vn 0.0053712755510161485 -0.9999422504486531 0.009308338554112831
vn 0.0053712755510161485 -0.9999422504486531 0.009308338554112831
vn 0.006561499345141352 -0.9999419599981871 0.008545370754266009
vn 0.3092487234044408 -0.861367337027154 0.4030031485925055
vn 0.0053712755510161485 -0.9999422504486531 0.009308338554112831
vn 0.3092487234044408 -0.861367337027154 0.4030031485925055
vn 0.25397907484620347 -0.8613680668486797 0.43993145256236765
vn 0.25397907484620347 -0.8613680668486797 0.43993145256236765
vn 0.3092487234044408 -0.861367337027154 0.4030031485925055
vn 0.5288119453978245 -0.4953929384337252 0.6891616377560258
vn 0.25397907484620347 -0.8613680668486797 0.43993145256236765
vn 0.5288119453978245 -0.4953929384337252 0.6891616377560258
vn 0.43431996946460044 -0.4953889135057426 0.7523004642427574
vn 0.43431996946460044 -0.4953889135057426 0.7523004642427574
vn 0.5288119453978245 -0.4953929384337252 0.6891616377560258
vn 0.608767851899212 1.2925286118674673e-7 0.7933484117927019
vn 0.43431996946460044 -0.4953889135057426 0.7523004642427574
vn 0.608767851899212 1.2925286118674673e-7 0.7933484117927019
vn 0.4999892947649318 1.410944529459994e-7 0.8660315843665555
vn 0.608767851899212 1.2925286118674673e-7 0.7933484117927019
vn 0.7071067811865521 1.1520231625142716e-7 0.7071067811865334
vn 0.6142403126265049 0.4953965844049377 0.6142402319161574
vn 0.608767851899212 1.2925286118674673e-7 0.7933484117927019
vn 0.6142403126265049 0.4953965844049377 0.6142402319161574
vn 0.5288119453978245 0.49539316299106156 0.6891614763364823
vn 0.5288119453978245 0.49539316299106156 0.6891614763364823
vn 0.6142403126265049 0.4953965844049377 0.6142402319161574
vn 0.35920559514741135 0.8613610054133741 0.3592054548138923
vn 0.5288119453978245 0.49539316299106156 0.6891614763364823
vn 0.35920559514741135 0.8613610054133741 0.3592054548138923
vn 0.3092487234044408 0.8613674683422007 0.4030028679233829
vn 0.3092487234044408 0.8613674683422007 0.4030028679233829
vn 0.35920559514741135 0.8613610054133741 0.3592054548138923
vn 0.007599133609035471 0.9999422527389903 0.007598970697765634
vn 0.3092487234044408 0.8613674683422007 0.4030028679233829
vn 0.007599133609035471 0.9999422527389903 0.007598970697765634
vn 0.006561499345141351 0.9999419627825691 0.00854504493182127
vn 0.006561499345141351 0.9999419627825691 0.00854504493182127
vn 0.007599133609035471 0.9999422527389903 0.007598970697765634
vn -0.3477714309443954 0.8706951044837988 -0.34777157279863224
vn 0.006561499345141351 0.9999419627825691 0.00854504493182127
vn -0.3477714309443954 0.8706951044837988 -0.34777157279863224
vn -0.2993977594018915 0.870694970055972 -0.39019386307879966
vn -0.2993977594018915 0.870694970055972 -0.39019386307879966
vn -0.3477714309443954 0.8706951044837988 -0.34777157279863224
vn -0.6104343216896492 0.5047175223982993 -0.6104344039185701
vn -0.2993977594018915 0.870694970055972 -0.39019386307879966
vn -0.6104343216896492 0.5047175223982993 -0.6104344039185701
vn -0.5255394837001361 0.504725312288959 -0.6848799969388849
vn -0.5255394837001361 0.504725312288959 -0.6848799969388849
vn -0.6104343216896492 0.5047175223982993 -0.6104344039185701
vn -0.7071067811865521 -1.1520231625142716e-7 -0.7071067811865334
vn -0.5255394837001361 0.504725312288959 -0.6848799969388849
vn -0.7071067811865521 -1.1520231625142716e-7 -0.7071067811865334
vn -0.608767851899212 -1.2925286118674673e-7 -0.7933484117927019
vn -0.608767851899212 -1.2925286118674673e-7 -0.7933484117927019
vn -0.7071067811865521 -1.1520231625142716e-7 -0.7071067811865334
vn -0.6104343216896493 -0.5047177213030466 -0.6104342394606959
vn -0.608767851899212 -1.2925286118674673e-7 -0.7933484117927019
vn -0.6104343216896493 -0.5047177213030466 -0.6104342394606959
vn -0.5255394837001361 -0.5047255354511593 -0.6848798324784684
vn -0.5255394837001361 -0.5047255354511593 -0.6848798324784684
vn -0.6104343216896493 -0.5047177213030466 -0.6104342394606959
vn -0.3477714309443954 -0.8706952178021133 -0.34777128909014016
vn -0.5255394837001361 -0.5047255354511593 -0.6848798324784684
vn -0.3477714309443954 -0.8706952178021133 -0.34777128909014016
vn -0.2993977594018915 -0.8706950971972234 -0.39019357937034915
vn -0.2993977594018915 -0.8706950971972234 -0.39019357937034915
vn -0.3477714309443954 -0.8706952178021133 -0.34777128909014016
vn 0.00759913360903547 -0.9999422502628783 0.007599296520304902
vn -0.2993977594018915 -0.8706950971972234 -0.39019357937034915
vn 0.00759913360903547 -0.9999422502628783 0.007599296520304902
vn 0.006561499345141352 -0.9999419599981871 0.008545370754266009
vn 0.006561499345141352 -0.9999419599981871 0.008545370754266009
vn 0.00759913360903547 -0.9999422502628783 0.007599296520304902
vn 0.3592055951474114 -0.8613608883693359 0.3592057354809114
vn 0.006561499345141352 -0.9999419599981871 0.008545370754266009
vn 0.3592055951474114 -0.8613608883693359 0.3592057354809114
vn 0.3092487234044408 -0.861367337027154 0.4030031485925055
vn 0.3092487234044408 -0.861367337027154 0.4030031485925055
vn 0.3592055951474114 -0.8613608883693359 0.3592057354809114
vn 0.6142403126265049 -0.49539638426004123 0.6142403933368198
vn 0.3092487234044408 -0.861367337027154 0.4030031485925055
vn 0.6142403126265049 -0.49539638426004123 0.6142403933368198
vn 0.5288119453978245 -0.4953929384337252 0.6891616377560258
vn 0.5288119453978245 -0.4953929384337252 0.6891616377560258
vn 0.6142403126265049 -0.49539638426004123 0.6142403933368198
vn 0.7071067811865521 1.1520231625142716e-7 0.7071067811865334
vn 0.5288119453978245 -0.4953929384337252 0.6891616377560258
vn 0.7071067811865521 1.1520231625142716e-7 0.7071067811865334
vn 0.608767851899212 1.2925286118674673e-7 0.7933484117927019
vn 0.7071067811865521 1.1520231625142716e-7 0.7071067811865334
vn 0.7933484117927201 9.918087121228208e-8 0.6087678518991938
vn 0.6891615570462706 0.49539313686679287 0.5288118646880374
vn 0.7071067811865521 1.1520231625142716e-7 0.7071067811865334
vn 0.6891615570462706 0.49539313686679287 0.5288118646880374
vn 0.6142403126265049 0.4953965844049377 0.6142402319161574
vn 0.6142403126265049 0.4953965844049377 0.6142402319161574
vn 0.6891615570462706 0.49539313686679287 0.5288118646880374
vn 0.4030030082579545 0.8613674530676881 0.30924858306987096
vn 0.6142403126265049 0.4953965844049377 0.6142402319161574
vn 0.4030030082579545 0.8613674530676881 0.30924858306987096
vn 0.35920559514741135 0.8613610054133741 0.3592054548138923
vn 0.35920559514741135 0.8613610054133741 0.3592054548138923
vn 0.4030030082579545 0.8613674530676881 0.30924858306987096
vn 0.008545207843043865 0.999941962459382 0.006561336433918806
vn 0.35920559514741135 0.8613610054133741 0.3592054548138923
vn 0.008545207843043865 0.999941962459382 0.006561336433918806
vn 0.007599133609035471 0.9999422527389903 0.007598970697765634
vn 0.007599133609035471 0.9999422527389903 0.007598970697765634
vn 0.008545207843043865 0.999941962459382 0.006561336433918806
vn -0.3901937212245844 0.8706949848485109 -0.2993979012561086
vn 0.007599133609035471 0.9999422527389903 0.007598970697765634
vn -0.3901937212245844 0.8706949848485109 -0.2993979012561086
vn -0.3477714309443954 0.8706951044837988 -0.34777157279863224
vn -0.3477714309443954 0.8706951044837988 -0.34777157279863224
vn -0.3901937212245844 0.8706949848485109 -0.2993979012561086
vn -0.6848799147086932 0.5047253382488088 -0.5255395659303291
vn -0.3477714309443954 0.8706951044837988 -0.34777157279863224
vn -0.6848799147086932 0.5047253382488088 -0.5255395659303291
vn -0.6104343216896492 0.5047175223982993 -0.6104344039185701
vn -0.6104343216896492 0.5047175223982993 -0.6104344039185701
vn -0.6848799147086932 0.5047253382488088 -0.5255395659303291
vn -0.7933484117927201 -9.918087121228208e-8 -0.6087678518991938
vn -0.6104343216896492 0.5047175223982993 -0.6104344039185701
vn -0.7933484117927201 -9.918087121228208e-8 -0.6087678518991938
vn -0.7071067811865521 -1.1520231625142716e-7 -0.7071067811865334
vn -0.7071067811865521 -1.1520231625142716e-7 -0.7071067811865334
vn -0.7933484117927201 -9.918087121228208e-8 -0.6087678518991938
vn -0.6848799147086932 -0.5047255094913069 -0.5255394014699126
vn -0.7071067811865521 -1.1520231625142716e-7 -0.7071067811865334
vn -0.6848799147086932 -0.5047255094913069 -0.5255394014699126
vn -0.6104343216896493 -0.5047177213030466 -0.6104342394606959
vn -0.6104343216896493 -0.5047177213030466 -0.6104342394606959
vn -0.6848799147086932 -0.5047255094913069 -0.5255394014699126
vn -0.3901937212245844 -0.8706950824046829 -0.29939761754765803
vn -0.6104343216896493 -0.5047177213030466 -0.6104342394606959
vn -0.3901937212245844 -0.8706950824046829 -0.29939761754765803
vn -0.3477714309443954 -0.8706952178021133 -0.34777128909014016
vn -0.3477714309443954 -0.8706952178021133 -0.34777128909014016
vn -0.3901937212245844 -0.8706950824046829 -0.29939761754765803
vn 0.008545207843043866 -0.9999419603213742 0.006561662256363547
vn -0.3477714309443954 -0.8706952178021133 -0.34777128909014016
vn 0.008545207843043866 -0.9999419603213742 0.006561662256363547
vn 0.00759913360903547 -0.9999422502628783 0.007599296520304902
vn 0.00759913360903547 -0.9999422502628783 0.007599296520304902
vn 0.008545207843043866 -0.9999419603213742 0.006561662256363547
vn 0.4030030082579545 -0.8613673523016647 0.3092488637389936
vn 0.00759913360903547 -0.9999422502628783 0.007599296520304902
vn 0.4030030082579545 -0.8613673523016647 0.3092488637389936
vn 0.3592055951474114 -0.8613608883693359 0.3592057354809114
vn 0.3592055951474114 -0.8613608883693359 0.3592057354809114
vn 0.4030030082579545 -0.8613673523016647 0.3092488637389936
vn 0.6891615570462706 -0.4953929645579914 0.5288120261075808
vn 0.3592055951474114 -0.8613608883693359 0.3592057354809114
vn 0.6891615570462706 -0.4953929645579914 0.5288120261075808
vn 0.6142403126265049 -0.49539638426004123 0.6142403933368198
vn 0.6142403126265049 -0.49539638426004123 0.6142403933368198
vn 0.6891615570462706 -0.4953929645579914 0.5288120261075808
vn 0.7933484117927201 9.918087121228208e-8 0.6087678518991938
vn 0.6142403126265049 -0.49539638426004123 0.6142403933368198
vn 0.7933484117927201 9.918087121228208e-8 0.6087678518991938
vn 0.7071067811865521 1.1520231625142716e-7 0.7071067811865334
vn 0.7933484117927201 9.918087121228208e-8 0.6087678518991938
vn 0.8660315843665726 8.145859492562417e-8 0.4999892947649152
vn 0.752300383533656 0.4953891068307326 0.434319888755469
vn 0.7933484117927201 9.918087121228208e-8 0.6087678518991938
vn 0.752300383533656 0.4953891068307326 0.434319888755469
vn 0.6891615570462706 0.49539313686679287 0.5288118646880374
vn 0.6891615570462706 0.49539313686679287 0.5288118646880374
vn 0.752300383533656 0.4953891068307326 0.434319888755469
vn 0.4399313122276974 0.8613681799010291 0.2539789345115151
vn 0.6891615570462706 0.49539313686679287 0.5288118646880374
vn 0.4399313122276974 0.8613681799010291 0.2539789345115151
vn 0.4030030082579545 0.8613674530676881 0.30924858306987096
vn 0.4030030082579545 0.8613674530676881 0.30924858306987096
vn 0.4399313122276974 0.8613681799010291 0.2539789345115151
vn 0.009308175642843367 0.9999422528402393 0.005371112639746296
vn 0.4030030082579545 0.8613674530676881 0.30924858306987096
vn 0.009308175642843367 0.9999422528402393 0.005371112639746296
vn 0.008545207843043865 0.999941962459382 0.006561336433918806
vn 0.008545207843043865 0.999941962459382 0.006561336433918806
vn 0.009308175642843367 0.9999422528402393 0.005371112639746296
vn -0.4259336148367293 0.8706979055832876 -0.24589776933716342
vn 0.008545207843043865 0.999941962459382 0.006561336433918806
vn -0.4259336148367293 0.8706979055832876 -0.24589776933716342
vn -0.3901937212245844 0.8706949848485109 -0.2993979012561086
vn -0.3901937212245844 0.8706949848485109 -0.2993979012561086
vn -0.4259336148367293 0.8706979055832876 -0.24589776933716342
vn -0.7476270288567191 0.5047252325261551 -0.431632094930733
vn -0.3901937212245844 0.8706949848485109 -0.2993979012561086
vn -0.7476270288567191 0.5047252325261551 -0.431632094930733
vn -0.6848799147086932 0.5047253382488088 -0.5255395659303291
vn -0.6848799147086932 0.5047253382488088 -0.5255395659303291
vn -0.7476270288567191 0.5047252325261551 -0.431632094930733
vn -0.8660315843665726 -8.145859492562417e-8 -0.4999892947649152
vn -0.6848799147086932 0.5047253382488088 -0.5255395659303291
vn -0.8660315843665726 -8.145859492562417e-8 -0.4999892947649152
vn -0.7933484117927201 -9.918087121228208e-8 -0.6087678518991938
vn -0.7933484117927201 -9.918087121228208e-8 -0.6087678518991938
vn -0.8660315843665726 -8.145859492562417e-8 -0.4999892947649152
vn -0.7476270288567191 -0.5047253731697154 -0.43163193047035575
vn -0.7933484117927201 -9.918087121228208e-8 -0.6087678518991938
vn -0.7476270288567191 -0.5047253731697154 -0.43163193047035575
vn -0.6848799147086932 -0.5047255094913069 -0.5255394014699126
vn -0.6848799147086932 -0.5047255094913069 -0.5255394014699126
vn -0.7476270288567191 -0.5047253731697154 -0.43163193047035575
vn -0.4259336148367293 -0.8706979857069042 -0.24589748562776403
vn -0.6848799147086932 -0.5047255094913069 -0.5255394014699126
vn -0.4259336148367293 -0.8706979857069042 -0.24589748562776403
vn -0.3901937212245844 -0.8706950824046829 -0.29939761754765803
vn -0.3901937212245844 -0.8706950824046829 -0.29939761754765803
vn -0.4259336148367293 -0.8706979857069042 -0.24589748562776403
vn 0.009308175642843367 -0.9999422510900557 0.005371438462285717
vn -0.3901937212245844 -0.8706950824046829 -0.29939761754765803
vn 0.009308175642843367 -0.9999422510900557 0.005371438462285717
vn 0.008545207843043866 -0.9999419603213742 0.006561662256363547
vn 0.008545207843043866 -0.9999419603213742 0.006561662256363547
vn 0.009308175642843367 -0.9999422510900557 0.005371438462285717
vn 0.43993131222769744 -0.861368097144143 0.2539792151808775
vn 0.008545207843043866 -0.9999419603213742 0.006561662256363547
vn 0.43993131222769744 -0.861368097144143 0.2539792151808775
vn 0.4030030082579545 -0.8613673523016647 0.3092488637389936
vn 0.4030030082579545 -0.8613673523016647 0.3092488637389936
vn 0.43993131222769744 -0.861368097144143 0.2539792151808775
vn 0.752300383533656 -0.4953889653113247 0.43432005017370434
vn 0.4030030082579545 -0.8613673523016647 0.3092488637389936
vn 0.752300383533656 -0.4953889653113247 0.43432005017370434
vn 0.6891615570462706 -0.4953929645579914 0.5288120261075808
vn 0.6891615570462706 -0.4953929645579914 0.5288120261075808
vn 0.752300383533656 -0.4953889653113247 0.43432005017370434
vn 0.8660315843665726 8.145859492562417e-8 0.4999892947649152
vn 0.6891615570462706 -0.4953929645579914 0.5288120261075808
vn 0.8660315843665726 8.145859492562417e-8 0.4999892947649152
vn 0.7933484117927201 9.918087121228208e-8 0.6087678518991938
vn 0.8660315843665726 8.145859492562417e-8 0.4999892947649152
vn 0.9238803165815193 6.234673588752032e-8 0.3826815394466105
vn 0.8025566876864018 0.4953835445988748 0.3324122542724412
vn 0.8660315843665726 8.145859492562417e-8 0.4999892947649152
vn 0.8025566876864018 0.4953835445988748 0.3324122542724412
vn 0.752300383533656 0.4953891068307326 0.434319888755469
vn 0.752300383533656 0.4953891068307326 0.434319888755469
vn 0.8025566876864018 0.4953835445988748 0.3324122542724412
vn 0.4693185191939811 0.8613634015401729 0.19440477882169388
vn 0.752300383533656 0.4953891068307326 0.434319888755469
vn 0.4693185191939811 0.8613634015401729 0.19440477882169388
vn 0.4399313122276974 0.8613681799010291 0.2539789345115151
vn 0.4399313122276974 0.8613681799010291 0.2539789345115151
vn 0.4693185191939811 0.8613634015401729 0.19440477882169388
vn 0.009949064364298071 0.9999420198034803 0.004119848251003766
vn 0.4399313122276974 0.8613681799010291 0.2539789345115151
vn 0.009949064364298071 0.9999420198034803 0.004119848251003766
vn 0.009308175642843367 0.9999422528402393 0.005371112639746296
vn 0.009308175642843367 0.9999422528402393 0.005371112639746296
vn 0.009949064364298071 0.9999420198034803 0.004119848251003766
vn -0.45437817809244696 0.8706982241908715 -0.18821549793853695
vn 0.009308175642843367 0.9999422528402393 0.005371112639746296
vn -0.45437817809244696 0.8706982241908715 -0.18821549793853695
vn -0.4259336148367293 0.8706979055832876 -0.24589776933716342
vn -0.4259336148367293 0.8706979055832876 -0.24589776933716342
vn -0.45437817809244696 0.8706982241908715 -0.18821549793853695
vn -0.797561222677729 0.5047283194986513 -0.3303716385782435
vn -0.4259336148367293 0.8706979055832876 -0.24589776933716342
vn -0.797561222677729 0.5047283194986513 -0.3303716385782435
vn -0.7476270288567191 0.5047252325261551 -0.431632094930733
vn -0.7476270288567191 0.5047252325261551 -0.431632094930733
vn -0.797561222677729 0.5047283194986513 -0.3303716385782435
vn -0.9238803165815193 -6.234673588752032e-8 -0.3826815394466105
vn -0.7476270288567191 0.5047252325261551 -0.431632094930733
vn -0.9238803165815193 -6.234673588752032e-8 -0.3826815394466105
vn -0.8660315843665726 -8.145859492562417e-8 -0.4999892947649152
vn -0.8660315843665726 -8.145859492562417e-8 -0.4999892947649152
vn -0.9238803165815193 -6.234673588752032e-8 -0.3826815394466105
vn -0.797561222677729 -0.5047284271473672 -0.33037147411686585
vn -0.8660315843665726 -8.145859492562417e-8 -0.4999892947649152
vn -0.797561222677729 -0.5047284271473672 -0.33037147411686585
vn -0.7476270288567191 -0.5047253731697154 -0.43163193047035575
vn -0.7476270288567191 -0.5047253731697154 -0.43163193047035575
vn -0.797561222677729 -0.5047284271473672 -0.33037147411686585
vn -0.4543781780924469 -0.8706982855192184 -0.18821521422903678
vn -0.7476270288567191 -0.5047253731697154 -0.43163193047035575
vn -0.4543781780924469 -0.8706982855192184 -0.18821521422903678
vn -0.4259336148367293 -0.8706979857069042 -0.24589748562776403
vn -0.4259336148367293 -0.8706979857069042 -0.24589748562776403
vn -0.4543781780924469 -0.8706982855192184 -0.18821521422903678
vn 0.009949064364298071 -0.9999420184610103 0.004120174073467321
vn -0.4259336148367293 -0.8706979857069042 -0.24589748562776403
vn 0.009949064364298071 -0.9999420184610103 0.004120174073467321
vn 0.009308175642843367 -0.9999422510900557 0.005371438462285717
vn 0.009308175642843367 -0.9999422510900557 0.005371438462285717
vn 0.009949064364298071 -0.9999420184610103 0.004120174073467321
vn 0.4693185191939811 -0.8613633381950105 0.1944050594895024
vn 0.009308175642843367 -0.9999422510900557 0.005371438462285717
vn 0.4693185191939811 -0.8613633381950105 0.1944050594895024
vn 0.43993131222769744 -0.861368097144143 0.2539792151808775
vn 0.43993131222769744 -0.861368097144143 0.2539792151808775
vn 0.4693185191939811 -0.8613633381950105 0.1944050594895024
vn 0.8025566876864015 -0.49538343628518866 0.3324124156888694
vn 0.43993131222769744 -0.861368097144143 0.2539792151808775
vn 0.8025566876864015 -0.49538343628518866 0.3324124156888694
vn 0.752300383533656 -0.4953889653113247 0.43432005017370434
vn 0.752300383533656 -0.4953889653113247 0.43432005017370434
vn 0.8025566876864015 -0.49538343628518866 0.3324124156888694
vn 0.9238803165815193 6.234673588752032e-8 0.3826815394466105
vn 0.752300383533656 -0.4953889653113247 0.43432005017370434
vn 0.9238803165815193 6.234673588752032e-8 0.3826815394466105
vn 0.8660315843665726 8.145859492562417e-8 0.4999892947649152
vn 0.9238803165815193 6.234673588752032e-8 0.3826815394466105
vn 0.9659303426195032 4.216422817050693e-8 0.25880218933959465
vn 0.8390748713927584 0.4953938862776519 0.2248071565496759
vn 0.9238803165815193 6.234673588752032e-8 0.3826815394466105
vn 0.8390748713927584 0.4953938862776519 0.2248071565496759
vn 0.8025566876864018 0.4953835445988748 0.3324122542724412
vn 0.8025566876864018 0.4953835445988748 0.3324122542724412
vn 0.8390748713927584 0.4953938862776519 0.2248071565496759
vn 0.49068142409737303 0.8613629282516113 0.13147488687800168
vn 0.8025566876864018 0.4953835445988748 0.3324122542724412
vn 0.49068142409737303 0.8613629282516113 0.13147488687800168
vn 0.4693185191939811 0.8613634015401729 0.19440477882169388
vn 0.4693185191939811 0.8613634015401729 0.19440477882169388
vn 0.49068142409737303 0.8613629282516113 0.13147488687800168
vn 0.010406843552299544 0.9999419911737082 0.002777029858922606
vn 0.4693185191939811 0.8613634015401729 0.19440477882169388
vn 0.010406843552299544 0.9999419911737082 0.002777029858922606
vn 0.009949064364298071 0.9999420198034803 0.004119848251003766
vn 0.009949064364298071 0.9999420198034803 0.004119848251003766
vn 0.010406843552299544 0.9999419911737082 0.002777029858922606
vn -0.4750676732439306 0.870692889581343 -0.12729728147564345
vn 0.009949064364298071 0.9999420198034803 0.004119848251003766
vn -0.4750676732439306 0.870692889581343 -0.12729728147564345
vn -0.45437817809244696 0.8706982241908715 -0.18821549793853695
vn -0.45437817809244696 0.8706982241908715 -0.18821549793853695
vn -0.4750676732439306 0.870692889581343 -0.12729728147564345
vn -0.8338679125893497 0.5047215125232071 -0.2234289577251944
vn -0.45437817809244696 0.8706982241908715 -0.18821549793853695
vn -0.8338679125893497 0.5047215125232071 -0.2234289577251944
vn -0.797561222677729 0.5047283194986513 -0.3303716385782435
vn -0.797561222677729 0.5047283194986513 -0.3303716385782435
vn -0.8338679125893497 0.5047215125232071 -0.2234289577251944
vn -0.9659303426195032 -4.216422817050693e-8 -0.25880218933959465
vn -0.797561222677729 0.5047283194986513 -0.3303716385782435
vn -0.9659303426195032 -4.216422817050693e-8 -0.25880218933959465
vn -0.9238803165815193 -6.234673588752032e-8 -0.3826815394466105
vn -0.9238803165815193 -6.234673588752032e-8 -0.3826815394466105
vn -0.9659303426195032 -4.216422817050693e-8 -0.25880218933959465
vn -0.8338679125893497 -0.5047215853255748 -0.22342879326604045
vn -0.9238803165815193 -6.234673588752032e-8 -0.3826815394466105
vn -0.8338679125893497 -0.5047215853255748 -0.22342879326604045
vn -0.797561222677729 -0.5047284271473672 -0.33037147411686585
vn -0.797561222677729 -0.5047284271473672 -0.33037147411686585
vn -0.8338679125893497 -0.5047215853255748 -0.22342879326604045
vn -0.4750676732439306 -0.8706929310600157 -0.12729699776788478
vn -0.797561222677729 -0.5047284271473672 -0.33037147411686585
vn -0.4750676732439306 -0.8706929310600157 -0.12729699776788478
vn -0.4543781780924469 -0.8706982855192184 -0.18821521422903678
vn -0.4543781780924469 -0.8706982855192184 -0.18821521422903678
vn -0.4750676732439306 -0.8706929310600157 -0.12729699776788478
vn 0.010406843552299545 -0.999941990268784 0.0027773556813769037
vn -0.4543781780924469 -0.8706982855192184 -0.18821521422903678
vn 0.010406843552299545 -0.999941990268784 0.0027773556813769037
vn 0.009949064364298071 -0.9999420184610103 0.004120174073467321
vn 0.009949064364298071 -0.9999420184610103 0.004120174073467321
vn 0.010406843552299545 -0.999941990268784 0.0027773556813769037
vn 0.490681424097373 -0.8613628854116101 0.13147516754565938
vn 0.009949064364298071 -0.9999420184610103 0.004120174073467321
vn 0.490681424097373 -0.8613628854116101 0.13147516754565938
vn 0.4693185191939811 -0.8613633381950105 0.1944050594895024
vn 0.4693185191939811 -0.8613633381950105 0.1944050594895024
vn 0.490681424097373 -0.8613628854116101 0.13147516754565938
vn 0.8390748713927585 -0.49539381302615687 0.22480731796947967
vn 0.4693185191939811 -0.8613633381950105 0.1944050594895024
vn 0.8390748713927585 -0.49539381302615687 0.22480731796947967
vn 0.8025566876864015 -0.49538343628518866 0.3324124156888694
vn 0.8025566876864015 -0.49538343628518866 0.3324124156888694
vn 0.8390748713927585 -0.49539381302615687 0.22480731796947967
vn 0.9659303426195032 4.216422817050693e-8 0.25880218933959465
vn 0.8025566876864015 -0.49538343628518866 0.3324124156888694
vn 0.9659303426195032 4.216422817050693e-8 0.25880218933959465
vn 0.9238803165815193 6.234673588752032e-8 0.3826815394466105
vn 0.9659303426195032 4.216422817050693e-8 0.25880218933959465
vn 0.9914482708260455 2.1261196099535358e-8 0.13050029224505183
vn 0.8612439132434678 0.4953831033355809 0.11337769988268127
vn 0.9659303426195032 4.216422817050693e-8 0.25880218933959465
vn 0.8612439132434678 0.4953831033355809 0.11337769988268127
vn 0.8390748713927584 0.4953938862776519 0.2248071565496759
vn 0.8390748713927584 0.4953938862776519 0.2248071565496759
vn 0.8612439132434678 0.4953831033355809 0.11337769988268127
vn 0.5036505904993616 0.8613606539755099 0.06628654820192807
vn 0.8390748713927584 0.4953938862776519 0.2248071565496759
vn 0.5036505904993616 0.8613606539755099 0.06628654820192807
vn 0.49068142409737303 0.8613629282516113 0.13147488687800168
vn 0.49068142409737303 0.8613629282516113 0.13147488687800168
vn 0.5036505904993616 0.8613606539755099 0.06628654820192807
vn 0.01068151077982203 0.9999419658031591 0.0014036926921484852
vn 0.49068142409737303 0.8613629282516113 0.13147488687800168
vn 0.01068151077982203 0.9999419658031591 0.0014036926921484852
vn 0.010406843552299544 0.9999419911737082 0.002777029858922606
vn 0.010406843552299544 0.9999419911737082 0.002777029858922606
vn 0.01068151077982203 0.9999419658031591 0.0014036926921484852
vn -0.48761356610532136 0.8706971561139335 -0.06418311682335
vn 0.010406843552299544 0.9999419911737082 0.002777029858922606
vn -0.48761356610532136 0.8706971561139335 -0.06418311682335
vn -0.4750676732439306 0.870692889581343 -0.12729728147564345
vn -0.4750676732439306 0.870692889581343 -0.12729728147564345
vn -0.48761356610532136 0.8706971561139335 -0.06418311682335
vn -0.8558987609847492 0.5047193015183377 -0.11267536385391749
vn -0.4750676732439306 0.870692889581343 -0.12729728147564345
vn -0.8558987609847492 0.5047193015183377 -0.11267536385391749
vn -0.8338679125893497 0.5047215125232071 -0.2234289577251944
vn -0.8338679125893497 0.5047215125232071 -0.2234289577251944
vn -0.8558987609847492 0.5047193015183377 -0.11267536385391749
vn -0.9914482708260455 -2.1261196099535358e-8 -0.13050029224505183
vn -0.8338679125893497 0.5047215125232071 -0.2234289577251944
vn -0.9914482708260455 -2.1261196099535358e-8 -0.13050029224505183
vn -0.9659303426195032 -4.216422817050693e-8 -0.25880218933959465
vn -0.9659303426195032 -4.216422817050693e-8 -0.25880218933959465
vn -0.9914482708260455 -2.1261196099535358e-8 -0.13050029224505183
vn -0.8558987609847492 -0.5047193382326043 -0.11267519939548985
vn -0.9659303426195032 -4.216422817050693e-8 -0.25880218933959465
vn -0.8558987609847492 -0.5047193382326043 -0.11267519939548985
vn -0.8338679125893497 -0.5047215853255748 -0.22342879326604045
vn -0.8338679125893497 -0.5047215853255748 -0.22342879326604045
vn -0.8558987609847492 -0.5047193382326043 -0.11267519939548985
vn -0.48761356610532136 -0.8706971770274011 -0.06418283311420446
vn -0.8338679125893497 -0.5047215853255748 -0.22342879326604045
vn -0.48761356610532136 -0.8706971770274011 -0.06418283311420446
vn -0.4750676732439306 -0.8706929310600157 -0.12729699776788478
vn -0.4750676732439306 -0.8706929310600157 -0.12729699776788478
vn -0.48761356610532136 -0.8706971770274011 -0.06418283311420446
vn 0.010681510779822028 -0.9999419653457249 0.0014040185145945882
vn -0.4750676732439306 -0.8706929310600157 -0.12729699776788478
vn 0.010681510779822028 -0.9999419653457249 0.0014040185145945882
vn 0.010406843552299545 -0.999941990268784 0.0027773556813769037
vn 0.010406843552299545 -0.999941990268784 0.0027773556813769037
vn 0.010681510779822028 -0.9999419653457249 0.0014040185145945882
vn 0.5036505904993616 -0.8613606323765653 0.06628682886884815
vn 0.010406843552299545 -0.999941990268784 0.0027773556813769037
vn 0.5036505904993616 -0.8613606323765653 0.06628682886884815
vn 0.490681424097373 -0.8613628854116101 0.13147516754565938
vn 0.490681424097373 -0.8613628854116101 0.13147516754565938
vn 0.5036505904993616 -0.8613606323765653 0.06628682886884815
vn 0.8612439132434678 -0.4953830663924111 0.11337786129897745
vn 0.490681424097373 -0.8613628854116101 0.13147516754565938
vn 0.8612439132434678 -0.4953830663924111 0.11337786129897745
vn 0.8390748713927585 -0.49539381302615687 0.22480731796947967
vn 0.8390748713927585 -0.49539381302615687 0.22480731796947967
vn 0.8612439132434678 -0.4953830663924111 0.11337786129897745
vn 0.9914482708260455 2.1261196099535358e-8 0.13050029224505183
vn 0.8390748713927585 -0.49539381302615687 0.22480731796947967
vn 0.9914482708260455 2.1261196099535358e-8 0.13050029224505183
vn 0.9659303426195032 4.216422817050693e-8 0.25880218933959465
vn 0.9914482708260455 2.1261196099535358e-8 0.13050029224505183
vn 1 0 0
vn 0.8686710276937794 0.4953893879015039 -8.070917498042635e-8
vn 0.9914482708260455 2.1261196099535358e-8 0.13050029224505183
vn 0.8686710276937794 0.4953893879015039 -8.070917498042635e-8
vn 0.8612439132434678 0.4953831033355809 0.11337769988268127
vn 0.8612439132434678 0.4953831033355809 0.11337769988268127
vn 0.8686710276937794 0.4953893879015039 -8.070917498042635e-8
vn 0.5079867673478533 0.8613648728613549 -1.4033414914326374e-7
vn 0.8612439132434678 0.4953831033355809 0.11337769988268127
vn 0.5079867673478533 0.8613648728613549 -1.4033414914326374e-7
vn 0.5036505904993616 0.8613606539755099 0.06628654820192807
vn 0.5036505904993616 0.8613606539755099 0.06628654820192807
vn 0.5079867673478533 0.8613648728613549 -1.4033414914326374e-7
vn 0.010773066334277123 0.9999419688370574 -1.6291122358315077e-7
vn 0.5036505904993616 0.8613606539755099 0.06628654820192807
vn 0.010773066334277123 0.9999419688370574 -1.6291122358315077e-7
vn 0.01068151077982203 0.9999419658031591 0.0014036926921484852
vn 0.01068151077982203 0.9999419658031591 0.0014036926921484852
vn 0.010773066334277123 0.9999419688370574 -1.6291122358315077e-7
vn -0.4918239275661813 0.8706946791346296 -1.4185416750747006e-7
vn 0.01068151077982203 0.9999419658031591 0.0014036926921484852
vn -0.4918239275661813 0.8706946791346296 -1.4185416750747006e-7
vn -0.48761356610532136 0.8706971561139335 -0.06418311682335
vn -0.48761356610532136 0.8706971561139335 -0.06418311682335
vn -0.4918239275661813 0.8706946791346296 -1.4185416750747006e-7
vn -0.8632836985973861 0.5047189868986607 -8.2229159575067e-8
vn -0.48761356610532136 0.8706971561139335 -0.06418311682335
vn -0.8632836985973861 0.5047189868986607 -8.2229159575067e-8
vn -0.8558987609847492 0.5047193015183377 -0.11267536385391749
vn -0.8558987609847492 0.5047193015183377 -0.11267536385391749
vn -0.8632836985973861 0.5047189868986607 -8.2229159575067e-8
vn -1 0 0
vn -0.8558987609847492 0.5047193015183377 -0.11267536385391749
vn -1 0 0
vn -0.9914482708260455 -2.1261196099535358e-8 -0.13050029224505183
vn -0.9914482708260455 -2.1261196099535358e-8 -0.13050029224505183
vn -1 0 0
vn -0.8632836985973861 -0.5047189868986607 8.2229159575067e-8
vn -0.9914482708260455 -2.1261196099535358e-8 -0.13050029224505183
vn -0.8632836985973861 -0.5047189868986607 8.2229159575067e-8
vn -0.8558987609847492 -0.5047193382326043 -0.11267519939548985
vn -0.8558987609847492 -0.5047193382326043 -0.11267519939548985
vn -0.8632836985973861 -0.5047189868986607 8.2229159575067e-8
vn -0.4918239275661813 -0.8706946791346296 1.4185416750747006e-7
vn -0.8558987609847492 -0.5047193382326043 -0.11267519939548985
vn -0.4918239275661813 -0.8706946791346296 1.4185416750747006e-7
vn -0.48761356610532136 -0.8706971770274011 -0.06418283311420446
vn -0.48761356610532136 -0.8706971770274011 -0.06418283311420446
vn -0.4918239275661813 -0.8706946791346296 1.4185416750747006e-7
vn 0.010773066334277123 -0.9999419688370574 1.6291122358315077e-7
vn -0.48761356610532136 -0.8706971770274011 -0.06418283311420446
vn 0.010773066334277123 -0.9999419688370574 1.6291122358315077e-7
vn 0.010681510779822028 -0.9999419653457249 0.0014040185145945882
vn 0.010681510779822028 -0.9999419653457249 0.0014040185145945882
vn 0.010773066334277123 -0.9999419688370574 1.6291122358315077e-7
vn 0.5079867673478533 -0.8613648728613549 1.4033414914326374e-7
vn 0.010681510779822028 -0.9999419653457249 0.0014040185145945882
vn 0.5079867673478533 -0.8613648728613549 1.4033414914326374e-7
vn 0.5036505904993616 -0.8613606323765653 0.06628682886884815
vn 0.5036505904993616 -0.8613606323765653 0.06628682886884815
vn 0.5079867673478533 -0.8613648728613549 1.4033414914326374e-7
vn 0.8686710276937794 -0.4953893879015039 8.070917498042635e-8
vn 0.5036505904993616 -0.8613606323765653 0.06628682886884815
vn 0.8686710276937794 -0.4953893879015039 8.070917498042635e-8
vn 0.8612439132434678 -0.4953830663924111 0.11337786129897745
vn 0.8612439132434678 -0.4953830663924111 0.11337786129897745
vn 0.8686710276937794 -0.4953893879015039 8.070917498042635e-8
vn 1 0 0
vn 0.8612439132434678 -0.4953830663924111 0.11337786129897745
vn 1 0 0
vn 0.9914482708260455 2.1261196099535358e-8 0.13050029224505183
f 1/1/1 2/2/2 3/3/3
f 4/4/4 5/5/5 6/6/6
f 7/7/7 8/8/8 9/9/9
f 10/10/10 11/11/11 12/12/12
f 13/13/13 14/14/14 15/15/15
f 16/16/16 17/17/17 18/18/18
f 19/19/19 20/20/20 21/21/21
f 22/22/22 23/23/23 24/24/24
f 25/25/25 26/26/26 27/27/27
f 28/28/28 29/29/29 30/30/30
f 31/31/31 32/32/32 33/33/33
f 34/34/34 35/35/35 36/36/36
f 37/37/37 38/38/38 39/39/39
f 40/40/40 41/41/41 42/42/42
f 43/43/43 44/44/44 45/45/45
f 46/46/46 47/47/47 48/48/48
f 49/49/49 50/50/50 51/51/51
f 52/52/52 53/53/53 54/54/54
f 55/55/55 56/56/56 57/57/57
f 58/58/58 59/59/59 60/60/60
f 61/61/61 62/62/62 63/63/63
f 64/64/64 65/65/65 66/66/66
f 67/67/67 68/68/68 69/69/69
f 70/70/70 71/71/71 72/72/72
f 73/73/73 74/74/74 75/75/75
f 76/76/76 77/77/77 78/78/78
f 79/79/79 80/80/80 81/81/81
f 82/82/82 83/83/83 84/84/84
f 85/85/85 86/86/86 87/87/87
f 88/88/88 89/89/89 90/90/90
f 91/91/91 92/92/92 93/93/93
f 94/94/94 95/95/95 96/96/96
f 97/97/97 98/98/98 99/99/99
f 100/100/100 101/101/101 102/102/102
f 103/103/103 104/104/104 105/105/105
f 106/106/106 107/107/107 108/108/108
f 109/109/109 110/110/110 111/111/111
f 112/112/112 113/113/113 114/114/114
f 115/115/115 116/116/116 117/117/117
f 118/118/118 119/119/119 120/120/120
f 121/121/121 122/122/122 123/123/123
f 124/124/124 125/125/125 126/126/126
f 127/127/127 128/128/128 129/129/129
f 130/130/130 131/131/131 132/132/132
f 133/133/133 134/134/134 135/135/135
f 136/136/136 137/137/137 138/138/138
f 139/139/139 140/140/140 141/141/141
f 142/142/142 143/143/143 144/144/144
f 145/145/145 146/146/146 147/147/147
f 148/148/148 149/149/149 150/150/150
f 151/151/151 152/152/152 153/153/153
f 154/154/154 155/155/155 156/156/156
f 157/157/157 158/158/158 159/159/159
f 160/160/160 161/161/161 162/162/162
f 163/163/163 164/164/164 165/165/165
f 166/166/166 167/167/167 168/168/168
f 169/169/169 170/170/170 171/171/171
f 172/172/172 173/173/173 174/174/174
f 175/175/175 176/176/176 177/177/177
f 178/178/178 179/179/179 180/180/180
f 181/181/181 182/182/182 183/183/183
f 184/184/184 185/185/185 186/186/186
f 187/187/187 188/188/188 189/189/189
f 190/190/190 191/191/191 192/192/192
f 193/193/193 194/194/194 195/195/195
f 196/196/196 197/197/197 198/198/198
f 199/199/199 200/200/200 201/201/201
f 202/202/202 203/203/203 204/204/204
f 205/205/205 206/206/206 207/207/207
f 208/208/208 209/209/209 210/210/210
f 211/211/211 212/212/212 213/213/213
f 214/214/214 215/215/215 216/216/216
f 217/217/217 218/218/218 219/219/219
f 220/220/220 221/221/221 222/222/222
f 223/223/223 224/224/224 225/225/225
f 226/226/226 227/227/227 228/228/228
f 229/229/229 230/230/230 231/231/231
f 232/232/232 233/233/233 234/234/234
f 235/235/235 236/236/236 237/237/237
f 238/238/238 239/239/239 240/240/240
f 241/241/241 242/242/242 243/243/243
f 244/244/244 245/245/245 246/246/246
f 247/247/247 248/248/248 249/249/249
f 250/250/250 251/251/251 252/252/252
f 253/253/253 254/254/254 255/255/255
f 256/256/256 257/257/257 258/258/258
f 259/259/259 260/260/260 261/261/261
f 262/262/262 263/263/263 264/264/264
f 265/265/265 266/266/266 267/267/267
f 268/268/268 269/269/269 270/270/270
f 271/271/271 272/272/272 273/273/273
f 274/274/274 275/275/275 276/276/276
f 277/277/277 278/278/278 279/279/279
f 280/280/280 281/281/281 282/282/282
f 283/283/283 284/284/284 285/285/285
f 286/286/286 287/287/287 288/288/288
f 289/289/289 290/290/290 291/291/291
f 292/292/292 293/293/293 294/294/294
f 295/295/295 296/296/296 297/297/297
f 298/298/298 299/299/299 300/300/300
f 301/301/301 302/302/302 303/303/303
f 304/304/304 305/305/305 306/306/306
f 307/307/307 308/308/308 309/309/309
f 310/310/310 311/311/311 312/312/312
f 313/313/313 314/314/314 315/315/315
f 316/316/316 317/317/317 318/318/318
f 319/319/319 320/320/320 321/321/321
f 322/322/322 323/323/323 324/324/324
f 325/325/325 326/326/326 327/327/327
f 328/328/328 329/329/329 330/330/330
f 331/331/331 332/332/332 333/333/333
f 334/334/334 335/335/335 336/336/336
f 337/337/337 338/338/338 339/339/339
f 340/340/340 341/341/341 342/342/342
f 343/343/343 344/344/344 345/345/345
f 346/346/346 347/347/347 348/348/348
f 349/349/349 350/350/350 351/351/351
f 352/352/352 353/353/353 354/354/354
f 355/355/355 356/356/356 357/357/357
f 358/358/358 359/359/359 360/360/360
f 361/361/361 362/362/362 363/363/363
f 364/364/364 365/365/365 366/366/366
f 367/367/367 368/368/368 369/369/369
f 370/370/370 371/371/371 372/372/372
f 373/373/373 374/374/374 375/375/375
f 376/376/376 377/377/377 378/378/378
f 379/379/379 380/380/380 381/381/381
f 382/382/382 383/383/383 384/384/384
f 385/385/385 386/386/386 387/387/387
f 388/388/388 389/389/389 390/390/390
f 391/391/391 392/392/392 393/393/393
f 394/394/394 395/395/395 396/396/396
f 397/397/397 398/398/398 399/399/399
f 400/400/400 401/401/401 402/402/402
f 403/403/403 404/404/404 405/405/405
f 406/406/406 407/407/407 408/408/408
f 409/409/409 410/410/410 411/411/411
f 412/412/412 413/413/413 414/414/414
f 415/415/415 416/416/416 417/417/417
f 418/418/418 419/419/419 420/420/420
f 421/421/421 422/422/422 423/423/423
f 424/424/424 425/425/425 426/426/426
f 427/427/427 428/428/428 429/429/429
f 430/430/430 431/431/431 432/432/432
f 433/433/433 434/434/434 435/435/435
f 436/436/436 437/437/437 438/438/438
f 439/439/439 440/440/440 441/441/441
f 442/442/442 443/443/443 444/444/444
f 445/445/445 446/446/446 447/447/447
f 448/448/448 449/449/449 450/450/450
f 451/451/451 452/452/452 453/453/453
f 454/454/454 455/455/455 456/456/456
f 457/457/457 458/458/458 459/459/459
f 460/460/460 461/461/461 462/462/462
f 463/463/463 464/464/464 465/465/465
f 466/466/466 467/467/467 468/468/468
f 469/469/469 470/470/470 471/471/471
f 472/472/472 473/473/473 474/474/474
f 475/475/475 476/476/476 477/477/477
f 478/478/478 479/479/479 480/480/480
f 481/481/481 482/482/482 483/483/483
f 484/484/484 485/485/485 486/486/486
f 487/487/487 488/488/488 489/489/489
f 490/490/490 491/491/491 492/492/492
f 493/493/493 494/494/494 495/495/495
f 496/496/496 497/497/497 498/498/498
f 499/499/499 500/500/500 501/501/501
f 502/502/502 503/503/503 504/504/504
f 505/505/505 506/506/506 507/507/507
f 508/508/508 509/509/509 510/510/510
f 511/511/511 512/512/512 513/513/513
f 514/514/514 515/515/515 516/516/516
f 517/517/517 518/518/518 519/519/519
f 520/520/520 521/521/521 522/522/522
f 523/523/523 524/524/524 525/525/525
f 526/526/526 527/527/527 528/528/528
f 529/529/529 530/530/530 531/531/531
f 532/532/532 533/533/533 534/534/534
f 535/535/535 536/536/536 537/537/537
f 538/538/538 539/539/539 540/540/540
f 541/541/541 542/542/542 543/543/543
f 544/544/544 545/545/545 546/546/546
f 547/547/547 548/548/548 549/549/549
f 550/550/550 551/551/551 552/552/552
f 553/553/553 554/554/554 555/555/555
f 556/556/556 557/557/557 558/558/558
f 559/559/559 560/560/560 561/561/561
f 562/562/562 563/563/563 564/564/564
f 565/565/565 566/566/566 567/567/567
f 568/568/568 569/569/569 570/570/570
f 571/571/571 572/572/572 573/573/573
f 574/574/574 575/575/575 576/576/576
f 577/577/577 578/578/578 579/579/579
f 580/580/580 581/581/581 582/582/582
f 583/583/583 584/584/584 585/585/585
f 586/586/586 587/587/587 588/588/588
f 589/589/589 590/590/590 591/591/591
f 592/592/592 593/593/593 594/594/594
f 595/595/595 596/596/596 597/597/597
f 598/598/598 599/599/599 600/600/600
f 601/601/601 602/602/602 603/603/603
f 604/604/604 605/605/605 606/606/606
f 607/607/607 608/608/608 609/609/609
f 610/610/610 611/611/611 612/612/612
f 613/613/613 614/614/614 615/615/615
f 616/616/616 617/617/617 618/618/618
f 619/619/619 620/620/620 621/621/621
f 622/622/622 623/623/623 624/624/624
f 625/625/625 626/626/626 627/627/627
f 628/628/628 629/629/629 630/630/630
f 631/631/631 632/632/632 633/633/633
f 634/634/634 635/635/635 636/636/636
f 637/637/637 638/638/638 639/639/639
f 640/640/640 641/641/641 642/642/642
f 643/643/643 644/644/644 645/645/645
f 646/646/646 647/647/647 648/648/648
f 649/649/649 650/650/650 651/651/651
f 652/652/652 653/653/653 654/654/654
f 655/655/655 656/656/656 657/657/657
f 658/658/658 659/659/659 660/660/660
f 661/661/661 662/662/662 663/663/663
f 664/664/664 665/665/665 666/666/666
f 667/667/667 668/668/668 669/669/669
f 670/670/670 671/671/671 672/672/672
f 673/673/673 674/674/674 675/675/675
f 676/676/676 677/677/677 678/678/678
f 679/679/679 680/680/680 681/681/681
f 682/682/682 683/683/683 684/684/684
f 685/685/685 686/686/686 687/687/687
f 688/688/688 689/689/689 690/690/690
f 691/691/691 692/692/692 693/693/693
f 694/694/694 695/695/695 696/696/696
f 697/697/697 698/698/698 699/699/699
f 700/700/700 701/701/701 702/702/702
f 703/703/703 704/704/704 705/705/705
f 706/706/706 707/707/707 708/708/708
f 709/709/709 710/710/710 711/711/711
f 712/712/712 713/713/713 714/714/714
f 715/715/715 716/716/716 717/717/717
f 718/718/718 719/719/719 720/720/720
f 721/721/721 722/722/722 723/723/723
f 724/724/724 725/725/725 726/726/726
f 727/727/727 728/728/728 729/729/729
f 730/730/730 731/731/731 732/732/732
f 733/733/733 734/734/734 735/735/735
f 736/736/736 737/737/737 738/738/738
f 739/739/739 740/740/740 741/741/741
f 742/742/742 743/743/743 744/744/744
f 745/745/745 746/746/746 747/747/747
f 748/748/748 749/749/749 750/750/750
f 751/751/751 752/752/752 753/753/753
f 754/754/754 755/755/755 756/756/756
f 757/757/757 758/758/758 759/759/759
f 760/760/760 761/761/761 762/762/762
f 763/763/763 764/764/764 765/765/765
f 766/766/766 767/767/767 768/768/768
f 769/769/769 770/770/770 771/771/771
f 772/772/772 773/773/773 774/774/774
f 775/775/775 776/776/776 777/777/777
f 778/778/778 779/779/779 780/780/780
f 781/781/781 782/782/782 783/783/783
f 784/784/784 785/785/785 786/786/786
f 787/787/787 788/788/788 789/789/789
f 790/790/790 791/791/791 792/792/792
f 793/793/793 794/794/794 795/795/795
f 796/796/796 797/797/797 798/798/798
f 799/799/799 800/800/800 801/801/801
f 802/802/802 803/803/803 804/804/804
f 805/805/805 806/806/806 807/807/807
f 808/808/808 809/809/809 810/810/810
f 811/811/811 812/812/812 813/813/813
f 814/814/814 815/815/815 816/816/816
f 817/817/817 818/818/818 819/819/819
f 820/820/820 821/821/821 822/822/822
f 823/823/823 824/824/824 825/825/825
f 826/826/826 827/827/827 828/828/828
f 829/829/829 830/830/830 831/831/831
f 832/832/832 833/833/833 834/834/834
f 835/835/835 836/836/836 837/837/837
f 838/838/838 839/839/839 840/840/840
f 841/841/841 842/842/842 843/843/843
f 844/844/844 845/845/845 846/846/846
f 847/847/847 848/848/848 849/849/849
f 850/850/850 851/851/851 852/852/852
f 853/853/853 854/854/854 855/855/855
f 856/856/856 857/857/857 858/858/858
f 859/859/859 860/860/860 861/861/861
f 862/862/862 863/863/863 864/864/864
f 865/865/865 866/866/866 867/867/867
f 868/868/868 869/869/869 870/870/870
f 871/871/871 872/872/872 873/873/873
f 874/874/874 875/875/875 876/876/876
f 877/877/877 878/878/878 879/879/879
f 880/880/880 881/881/881 882/882/882
f 883/883/883 884/884/884 885/885/885
f 886/886/886 887/887/887 888/888/888
f 889/889/889 890/890/890 891/891/891
f 892/892/892 893/893/893 894/894/894
f 895/895/895 896/896/896 897/897/897
f 898/898/898 899/899/899 900/900/900
f 901/901/901 902/902/902 903/903/903
f 904/904/904 905/905/905 906/906/906
f 907/907/907 908/908/908 909/909/909
f 910/910/910 911/911/911 912/912/912
f 913/913/913 914/914/914 915/915/915
f 916/916/916 917/917/917 918/918/918
f 919/919/919 920/920/920 921/921/921
f 922/922/922 923/923/923 924/924/924
f 925/925/925 926/926/926 927/927/927
f 928/928/928 929/929/929 930/930/930
f 931/931/931 932/932/932 933/933/933
f 934/934/934 935/935/935 936/936/936
f 937/937/937 938/938/938 939/939/939
f 940/940/940 941/941/941 942/942/942
f 943/943/943 944/944/944 945/945/945
f 946/946/946 947/947/947 948/948/948
f 949/949/949 950/950/950 951/951/951
f 952/952/952 953/953/953 954/954/954
f 955/955/955 956/956/956 957/957/957
f 958/958/958 959/959/959 960/960/960
f 961/961/961 962/962/962 963/963/963
f 964/964/964 965/965/965 966/966/966
f 967/967/967 968/968/968 969/969/969
f 970/970/970 971/971/971 972/972/972
f 973/973/973 974/974/974 975/975/975
f 976/976/976 977/977/977 978/978/978
f 979/979/979 980/980/980 981/981/981
f 982/982/982 983/983/983 984/984/984
f 985/985/985 986/986/986 987/987/987
f 988/988/988 989/989/989 990/990/990
f 991/991/991 992/992/992 993/993/993
f 994/994/994 995/995/995 996/996/996
f 997/997/997 998/998/998 999/999/999
f 1000/1000/1000 1001/1001/1001 1002/1002/1002
f 1003/1003/1003 1004/1004/1004 1005/1005/1005
f 1006/1006/1006 1007/1007/1007 1008/1008/1008
f 1009/1009/1009 1010/1010/1010 1011/1011/1011
f 1012/1012/1012 1013/1013/1013 1014/1014/1014
f 1015/1015/1015 1016/1016/1016 1017/1017/1017
f 1018/1018/1018 1019/1019/1019 1020/1020/1020
f 1021/1021/1021 1022/1022/1022 1023/1023/1023
f 1024/1024/1024 1025/1025/1025 1026/1026/1026
f 1027/1027/1027 1028/1028/1028 1029/1029/1029
f 1030/1030/1030 1031/1031/1031 1032/1032/1032
f 1033/1033/1033 1034/1034/1034 1035/1035/1035
f 1036/1036/1036 1037/1037/1037 1038/1038/1038
f 1039/1039/1039 1040/1040/1040 1041/1041/1041
f 1042/1042/1042 1043/1043/1043 1044/1044/1044
f 1045/1045/1045 1046/1046/1046 1047/1047/1047
f 1048/1048/1048 1049/1049/1049 1050/1050/1050
f 1051/1051/1051 1052/1052/1052 1053/1053/1053
f 1054/1054/1054 1055/1055/1055 1056/1056/1056
f 1057/1057/1057 1058/1058/1058 1059/1059/1059
f 1060/1060/1060 1061/1061/1061 1062/1062/1062
f 1063/1063/1063 1064/1064/1064 1065/1065/1065
f 1066/1066/1066 1067/1067/1067 1068/1068/1068
f 1069/1069/1069 1070/1070/1070 1071/1071/1071
f 1072/1072/1072 1073/1073/1073 1074/1074/1074
f 1075/1075/1075 1076/1076/1076 1077/1077/1077
f 1078/1078/1078 1079/1079/1079 1080/1080/1080
f 1081/1081/1081 1082/1082/1082 1083/1083/1083
f 1084/1084/1084 1085/1085/1085 1086/1086/1086
f 1087/1087/1087 1088/1088/1088 1089/1089/1089
f 1090/1090/1090 1091/1091/1091 1092/1092/1092
f 1093/1093/1093 1094/1094/1094 1095/1095/1095
f 1096/1096/1096 1097/1097/1097 1098/1098/1098
f 1099/1099/1099 1100/1100/1100 1101/1101/1101
f 1102/1102/1102 1103/1103/1103 1104/1104/1104
f 1105/1105/1105 1106/1106/1106 1107/1107/1107
f 1108/1108/1108 1109/1109/1109 1110/1110/1110
f 1111/1111/1111 1112/1112/1112 1113/1113/1113
f 1114/1114/1114 1115/1115/1115 1116/1116/1116
f 1117/1117/1117 1118/1118/1118 1119/1119/1119
f 1120/1120/1120 1121/1121/1121 1122/1122/1122
f 1123/1123/1123 1124/1124/1124 1125/1125/1125
f 1126/1126/1126 1127/1127/1127 1128/1128/1128
f 1129/1129/1129 1130/1130/1130 1131/1131/1131
f 1132/1132/1132 1133/1133/1133 1134/1134/1134
f 1135/1135/1135 1136/1136/1136 1137/1137/1137
f 1138/1138/1138 1139/1139/1139 1140/1140/1140
f 1141/1141/1141 1142/1142/1142 1143/1143/1143
f 1144/1144/1144 1145/1145/1145 1146/1146/1146
f 1147/1147/1147 1148/1148/1148 1149/1149/1149
f 1150/1150/1150 1151/1151/1151 1152/1152/1152
f 1153/1153/1153 1154/1154/1154 1155/1155/1155
f 1156/1156/1156 1157/1157/1157 1158/1158/1158
f 1159/1159/1159 1160/1160/1160 1161/1161/1161
f 1162/1162/1162 1163/1163/1163 1164/1164/1164
f 1165/1165/1165 1166/1166/1166 1167/1167/1167
f 1168/1168/1168 1169/1169/1169 1170/1170/1170
f 1171/1171/1171 1172/1172/1172 1173/1173/1173
f 1174/1174/1174 1175/1175/1175 1176/1176/1176
f 1177/1177/1177 1178/1178/1178 1179/1179/1179
f 1180/1180/1180 1181/1181/1181 1182/1182/1182
f 1183/1183/1183 1184/1184/1184 1185/1185/1185
f 1186/1186/1186 1187/1187/1187 1188/1188/1188
f 1189/1189/1189 1190/1190/1190 1191/1191/1191
f 1192/1192/1192 1193/1193/1193 1194/1194/1194
f 1195/1195/1195 1196/1196/1196 1197/1197/1197
f 1198/1198/1198 1199/1199/1199 1200/1200/1200
f 1201/1201/1201 1202/1202/1202 1203/1203/1203
f 1204/1204/1204 1205/1205/1205 1206/1206/1206
f 1207/1207/1207 1208/1208/1208 1209/1209/1209
f 1210/1210/1210 1211/1211/1211 1212/1212/1212
f 1213/1213/1213 1214/1214/1214 1215/1215/1215
f 1216/1216/1216 1217/1217/1217 1218/1218/1218
f 1219/1219/1219 1220/1220/1220 1221/1221/1221
f 1222/1222/1222 1223/1223/1223 1224/1224/1224
f 1225/1225/1225 1226/1226/1226 1227/1227/1227
f 1228/1228/1228 1229/1229/1229 1230/1230/1230
f 1231/1231/1231 1232/1232/1232 1233/1233/1233
f 1234/1234/1234 1235/1235/1235 1236/1236/1236
f 1237/1237/1237 1238/1238/1238 1239/1239/1239
f 1240/1240/1240 1241/1241/1241 1242/1242/1242
f 1243/1243/1243 1244/1244/1244 1245/1245/1245
f 1246/1246/1246 1247/1247/1247 1248/1248/1248
f 1249/1249/1249 1250/1250/1250 1251/1251/1251
f 1252/1252/1252 1253/1253/1253 1254/1254/1254
f 1255/1255/1255 1256/1256/1256 1257/1257/1257
f 1258/1258/1258 1259/1259/1259 1260/1260/1260
f 1261/1261/1261 1262/1262/1262 1263/1263/1263
f 1264/1264/1264 1265/1265/1265 1266/1266/1266
f 1267/1267/1267 1268/1268/1268 1269/1269/1269
f 1270/1270/1270 1271/1271/1271 1272/1272/1272
f 1273/1273/1273 1274/1274/1274 1275/1275/1275
f 1276/1276/1276 1277/1277/1277 1278/1278/1278
f 1279/1279/1279 1280/1280/1280 1281/1281/1281
f 1282/1282/1282 1283/1283/1283 1284/1284/1284
f 1285/1285/1285 1286/1286/1286 1287/1287/1287
f 1288/1288/1288 1289/1289/1289 1290/1290/1290
f 1291/1291/1291 1292/1292/1292 1293/1293/1293
f 1294/1294/1294 1295/1295/1295 1296/1296/1296
f 1297/1297/1297 1298/1298/1298 1299/1299/1299
f 1300/1300/1300 1301/1301/1301 1302/1302/1302
f 1303/1303/1303 1304/1304/1304 1305/1305/1305
f 1306/1306/1306 1307/1307/1307 1308/1308/1308
f 1309/1309/1309 1310/1310/1310 1311/1311/1311
f 1312/1312/1312 1313/1313/1313 1314/1314/1314
f 1315/1315/1315 1316/1316/1316 1317/1317/1317
f 1318/1318/1318 1319/1319/1319 1320/1320/1320
f 1321/1321/1321 1322/1322/1322 1323/1323/1323
f 1324/1324/1324 1325/1325/1325 1326/1326/1326
f 1327/1327/1327 1328/1328/1328 1329/1329/1329
f 1330/1330/1330 1331/1331/1331 1332/1332/1332
f 1333/1333/1333 1334/1334/1334 1335/1335/1335
f 1336/1336/1336 1337/1337/1337 1338/1338/1338
f 1339/1339/1339 1340/1340/1340 1341/1341/1341
f 1342/1342/1342 1343/1343/1343 1344/1344/1344
f 1345/1345/1345 1346/1346/1346 1347/1347/1347
f 1348/1348/1348 1349/1349/1349 1350/1350/1350
f 1351/1351/1351 1352/1352/1352 1353/1353/1353
f 1354/1354/1354 1355/1355/1355 1356/1356/1356
f 1357/1357/1357 1358/1358/1358 1359/1359/1359
f 1360/1360/1360 1361/1361/1361 1362/1362/1362
f 1363/1363/1363 1364/1364/1364 1365/1365/1365
f 1366/1366/1366 1367/1367/1367 1368/1368/1368
f 1369/1369/1369 1370/1370/1370 1371/1371/1371
f 1372/1372/1372 1373/1373/1373 1374/1374/1374
f 1375/1375/1375 1376/1376/1376 1377/1377/1377
f 1378/1378/1378 1379/1379/1379 1380/1380/1380
f 1381/1381/1381 1382/1382/1382 1383/1383/1383
f 1384/1384/1384 1385/1385/1385 1386/1386/1386
f 1387/1387/1387 1388/1388/1388 1389/1389/1389
f 1390/1390/1390 1391/1391/1391 1392/1392/1392
f 1393/1393/1393 1394/1394/1394 1395/1395/1395
f 1396/1396/1396 1397/1397/1397 1398/1398/1398
f 1399/1399/1399 1400/1400/1400 1401/1401/1401
f 1402/1402/1402 1403/1403/1403 1404/1404/1404
f 1405/1405/1405 1406/1406/1406 1407/1407/1407
f 1408/1408/1408 1409/1409/1409 1410/1410/1410
f 1411/1411/1411 1412/1412/1412 1413/1413/1413
f 1414/1414/1414 1415/1415/1415 1416/1416/1416
f 1417/1417/1417 1418/1418/1418 1419/1419/1419
f 1420/1420/1420 1421/1421/1421 1422/1422/1422
f 1423/1423/1423 1424/1424/1424 1425/1425/1425
f 1426/1426/1426 1427/1427/1427 1428/1428/1428
f 1429/1429/1429 1430/1430/1430 1431/1431/1431
f 1432/1432/1432 1433/1433/1433 1434/1434/1434
f 1435/1435/1435 1436/1436/1436 1437/1437/1437
f 1438/1438/1438 1439/1439/1439 1440/1440/1440
f 1441/1441/1441 1442/1442/1442 1443/1443/1443
f 1444/1444/1444 1445/1445/1445 1446/1446/1446
f 1447/1447/1447 1448/1448/1448 1449/1449/1449
f 1450/1450/1450 1451/1451/1451 1452/1452/1452
f 1453/1453/1453 1454/1454/1454 1455/1455/1455
f 1456/1456/1456 1457/1457/1457 1458/1458/1458
f 1459/1459/1459 1460/1460/1460 1461/1461/1461
f 1462/1462/1462 1463/1463/1463 1464/1464/1464
f 1465/1465/1465 1466/1466/1466 1467/1467/1467
f 1468/1468/1468 1469/1469/1469 1470/1470/1470
f 1471/1471/1471 1472/1472/1472 1473/1473/1473
f 1474/1474/1474 1475/1475/1475 1476/1476/1476
f 1477/1477/1477 1478/1478/1478 1479/1479/1479
f 1480/1480/1480 1481/1481/1481 1482/1482/1482
f 1483/1483/1483 1484/1484/1484 1485/1485/1485
f 1486/1486/1486 1487/1487/1487 1488/1488/1488
f 1489/1489/1489 1490/1490/1490 1491/1491/1491
f 1492/1492/1492 1493/1493/1493 1494/1494/1494
f 1495/1495/1495 1496/1496/1496 1497/1497/1497
f 1498/1498/1498 1499/1499/1499 1500/1500/1500
f 1501/1501/1501 1502/1502/1502 1503/1503/1503
f 1504/1504/1504 1505/1505/1505 1506/1506/1506
f 1507/1507/1507 1508/1508/1508 1509/1509/1509
f 1510/1510/1510 1511/1511/1511 1512/1512/1512
f 1513/1513/1513 1514/1514/1514 1515/1515/1515
f 1516/1516/1516 1517/1517/1517 1518/1518/1518
f 1519/1519/1519 1520/1520/1520 1521/1521/1521
f 1522/1522/1522 1523/1523/1523 1524/1524/1524
f 1525/1525/1525 1526/1526/1526 1527/1527/1527
f 1528/1528/1528 1529/1529/1529 1530/1530/1530
f 1531/1531/1531 1532/1532/1532 1533/1533/1533
f 1534/1534/1534 1535/1535/1535 1536/1536/1536
f 1537/1537/1537 1538/1538/1538 1539/1539/1539
f 1540/1540/1540 1541/1541/1541 1542/1542/1542
f 1543/1543/1543 1544/1544/1544 1545/1545/1545
f 1546/1546/1546 1547/1547/1547 1548/1548/1548
f 1549/1549/1549 1550/1550/1550 1551/1551/1551
f 1552/1552/1552 1553/1553/1553 1554/1554/1554
f 1555/1555/1555 1556/1556/1556 1557/1557/1557
f 1558/1558/1558 1559/1559/1559 1560/1560/1560
f 1561/1561/1561 1562/1562/1562 1563/1563/1563
f 1564/1564/1564 1565/1565/1565 1566/1566/1566
f 1567/1567/1567 1568/1568/1568 1569/1569/1569
f 1570/1570/1570 1571/1571/1571 1572/1572/1572
f 1573/1573/1573 1574/1574/1574 1575/1575/1575
f 1576/1576/1576 1577/1577/1577 1578/1578/1578
f 1579/1579/1579 1580/1580/1580 1581/1581/1581
f 1582/1582/1582 1583/1583/1583 1584/1584/1584
f 1585/1585/1585 1586/1586/1586 1587/1587/1587
f 1588/1588/1588 1589/1589/1589 1590/1590/1590
f 1591/1591/1591 1592/1592/1592 1593/1593/1593
f 1594/1594/1594 1595/1595/1595 1596/1596/1596
f 1597/1597/1597 1598/1598/1598 1599/1599/1599
f 1600/1600/1600 1601/1601/1601 1602/1602/1602
f 1603/1603/1603 1604/1604/1604 1605/1605/1605
f 1606/1606/1606 1607/1607/1607 1608/1608/1608
f 1609/1609/1609 1610/1610/1610 1611/1611/1611
f 1612/1612/1612 1613/1613/1613 1614/1614/1614
f 1615/1615/1615 1616/1616/1616 1617/1617/1617
f 1618/1618/1618 1619/1619/1619 1620/1620/1620
f 1621/1621/1621 1622/1622/1622 1623/1623/1623
f 1624/1624/1624 1625/1625/1625 1626/1626/1626
f 1627/1627/1627 1628/1628/1628 1629/1629/1629
f 1630/1630/1630 1631/1631/1631 1632/1632/1632
f 1633/1633/1633 1634/1634/1634 1635/1635/1635
f 1636/1636/1636 1637/1637/1637 1638/1638/1638
f 1639/1639/1639 1640/1640/1640 1641/1641/1641
f 1642/1642/1642 1643/1643/1643 1644/1644/1644
f 1645/1645/1645 1646/1646/1646 1647/1647/1647
f 1648/1648/1648 1649/1649/1649 1650/1650/1650
f 1651/1651/1651 1652/1652/1652 1653/1653/1653
f 1654/1654/1654 1655/1655/1655 1656/1656/1656
f 1657/1657/1657 1658/1658/1658 1659/1659/1659
f 1660/1660/1660 1661/1661/1661 1662/1662/1662
f 1663/1663/1663 1664/1664/1664 1665/1665/1665
f 1666/1666/1666 1667/1667/1667 1668/1668/1668
f 1669/1669/1669 1670/1670/1670 1671/1671/1671
f 1672/1672/1672 1673/1673/1673 1674/1674/1674
f 1675/1675/1675 1676/1676/1676 1677/1677/1677
f 1678/1678/1678 1679/1679/1679 1680/1680/1680
f 1681/1681/1681 1682/1682/1682 1683/1683/1683
f 1684/1684/1684 1685/1685/1685 1686/1686/1686
f 1687/1687/1687 1688/1688/1688 1689/1689/1689
f 1690/1690/1690 1691/1691/1691 1692/1692/1692
f 1693/1693/1693 1694/1694/1694 1695/1695/1695
f 1696/1696/1696 1697/1697/1697 1698/1698/1698
f 1699/1699/1699 1700/1700/1700 1701/1701/1701
f 1702/1702/1702 1703/1703/1703 1704/1704/1704
f 1705/1705/1705 1706/1706/1706 1707/1707/1707
f 1708/1708/1708 1709/1709/1709 1710/1710/1710
f 1711/1711/1711 1712/1712/1712 1713/1713/1713
f 1714/1714/1714 1715/1715/1715 1716/1716/1716
f 1717/1717/1717 1718/1718/1718 1719/1719/1719
f 1720/1720/1720 1721/1721/1721 1722/1722/1722
f 1723/1723/1723 1724/1724/1724 1725/1725/1725
f 1726/1726/1726 1727/1727/1727 1728/1728/1728
f 1729/1729/1729 1730/1730/1730 1731/1731/1731
f 1732/1732/1732 1733/1733/1733 1734/1734/1734
f 1735/1735/1735 1736/1736/1736 1737/1737/1737
f 1738/1738/1738 1739/1739/1739 1740/1740/1740
f 1741/1741/1741 1742/1742/1742 1743/1743/1743
f 1744/1744/1744 1745/1745/1745 1746/1746/1746
f 1747/1747/1747 1748/1748/1748 1749/1749/1749
f 1750/1750/1750 1751/1751/1751 1752/1752/1752
f 1753/1753/1753 1754/1754/1754 1755/1755/1755
f 1756/1756/1756 1757/1757/1757 1758/1758/1758
f 1759/1759/1759 1760/1760/1760 1761/1761/1761
f 1762/1762/1762 1763/1763/1763 1764/1764/1764
f 1765/1765/1765 1766/1766/1766 1767/1767/1767
f 1768/1768/1768 1769/1769/1769 1770/1770/1770
f 1771/1771/1771 1772/1772/1772 1773/1773/1773
f 1774/1774/1774 1775/1775/1775 1776/1776/1776
f 1777/1777/1777 1778/1778/1778 1779/1779/1779
f 1780/1780/1780 1781/1781/1781 1782/1782/1782
f 1783/1783/1783 1784/1784/1784 1785/1785/1785
f 1786/1786/1786 1787/1787/1787 1788/1788/1788
f 1789/1789/1789 1790/1790/1790 1791/1791/1791
f 1792/1792/1792 1793/1793/1793 1794/1794/1794
f 1795/1795/1795 1796/1796/1796 1797/1797/1797
f 1798/1798/1798 1799/1799/1799 1800/1800/1800
f 1801/1801/1801 1802/1802/1802 1803/1803/1803
f 1804/1804/1804 1805/1805/1805 1806/1806/1806
f 1807/1807/1807 1808/1808/1808 1809/1809/1809
f 1810/1810/1810 1811/1811/1811 1812/1812/1812
f 1813/1813/1813 1814/1814/1814 1815/1815/1815
f 1816/1816/1816 1817/1817/1817 1818/1818/1818
f 1819/1819/1819 1820/1820/1820 1821/1821/1821
f 1822/1822/1822 1823/1823/1823 1824/1824/1824
f 1825/1825/1825 1826/1826/1826 1827/1827/1827
f 1828/1828/1828 1829/1829/1829 1830/1830/1830
f 1831/1831/1831 1832/1832/1832 1833/1833/1833
f 1834/1834/1834 1835/1835/1835 1836/1836/1836
f 1837/1837/1837 1838/1838/1838 1839/1839/1839
f 1840/1840/1840 1841/1841/1841 1842/1842/1842
f 1843/1843/1843 1844/1844/1844 1845/1845/1845
f 1846/1846/1846 1847/1847/1847 1848/1848/1848
f 1849/1849/1849 1850/1850/1850 1851/1851/1851
f 1852/1852/1852 1853/1853/1853 1854/1854/1854
f 1855/1855/1855 1856/1856/1856 1857/1857/1857
f 1858/1858/1858 1859/1859/1859 1860/1860/1860
f 1861/1861/1861 1862/1862/1862 1863/1863/1863
f 1864/1864/1864 1865/1865/1865 1866/1866/1866
f 1867/1867/1867 1868/1868/1868 1869/1869/1869
f 1870/1870/1870 1871/1871/1871 1872/1872/1872
f 1873/1873/1873 1874/1874/1874 1875/1875/1875
f 1876/1876/1876 1877/1877/1877 1878/1878/1878
f 1879/1879/1879 1880/1880/1880 1881/1881/1881
f 1882/1882/1882 1883/1883/1883 1884/1884/1884
f 1885/1885/1885 1886/1886/1886 1887/1887/1887
f 1888/1888/1888 1889/1889/1889 1890/1890/1890
f 1891/1891/1891 1892/1892/1892 1893/1893/1893
f 1894/1894/1894 1895/1895/1895 1896/1896/1896
f 1897/1897/1897 1898/1898/1898 1899/1899/1899
f 1900/1900/1900 1901/1901/1901 1902/1902/1902
f 1903/1903/1903 1904/1904/1904 1905/1905/1905
f 1906/1906/1906 1907/1907/1907 1908/1908/1908
f 1909/1909/1909 1910/1910/1910 1911/1911/1911
f 1912/1912/1912 1913/1913/1913 1914/1914/1914
f 1915/1915/1915 1916/1916/1916 1917/1917/1917
f 1918/1918/1918 1919/1919/1919 1920/1920/1920
f 1921/1921/1921 1922/1922/1922 1923/1923/1923
f 1924/1924/1924 1925/1925/1925 1926/1926/1926
f 1927/1927/1927 1928/1928/1928 1929/1929/1929
f 1930/1930/1930 1931/1931/1931 1932/1932/1932
f 1933/1933/1933 1934/1934/1934 1935/1935/1935
f 1936/1936/1936 1937/1937/1937 1938/1938/1938
f 1939/1939/1939 1940/1940/1940 1941/1941/1941
f 1942/1942/1942 1943/1943/1943 1944/1944/1944
f 1945/1945/1945 1946/1946/1946 1947/1947/1947
f 1948/1948/1948 1949/1949/1949 1950/1950/1950
f 1951/1951/1951 1952/1952/1952 1953/1953/1953
f 1954/1954/1954 1955/1955/1955 1956/1956/1956
f 1957/1957/1957 1958/1958/1958 1959/1959/1959
f 1960/1960/1960 1961/1961/1961 1962/1962/1962
f 1963/1963/1963 1964/1964/1964 1965/1965/1965
f 1966/1966/1966 1967/1967/1967 1968/1968/1968
f 1969/1969/1969 1970/1970/1970 1971/1971/1971
f 1972/1972/1972 1973/1973/1973 1974/1974/1974
f 1975/1975/1975 1976/1976/1976 1977/1977/1977
f 1978/1978/1978 1979/1979/1979 1980/1980/1980
f 1981/1981/1981 1982/1982/1982 1983/1983/1983
f 1984/1984/1984 1985/1985/1985 1986/1986/1986
f 1987/1987/1987 1988/1988/1988 1989/1989/1989
f 1990/1990/1990 1991/1991/1991 1992/1992/1992
f 1993/1993/1993 1994/1994/1994 1995/1995/1995
f 1996/1996/1996 1997/1997/1997 1998/1998/1998
f 1999/1999/1999 2000/2000/2000 2001/2001/2001
f 2002/2002/2002 2003/2003/2003 2004/2004/2004
f 2005/2005/2005 2006/2006/2006 2007/2007/2007
f 2008/2008/2008 2009/2009/2009 2010/2010/2010
f 2011/2011/2011 2012/2012/2012 2013/2013/2013
f 2014/2014/2014 2015/2015/2015 2016/2016/2016
f 2017/2017/2017 2018/2018/2018 2019/2019/2019
f 2020/2020/2020 2021/2021/2021 2022/2022/2022
f 2023/2023/2023 2024/2024/2024 2025/2025/2025
f 2026/2026/2026 2027/2027/2027 2028/2028/2028
f 2029/2029/2029 2030/2030/2030 2031/2031/2031
f 2032/2032/2032 2033/2033/2033 2034/2034/2034
f 2035/2035/2035 2036/2036/2036 2037/2037/2037
f 2038/2038/2038 2039/2039/2039 2040/2040/2040
f 2041/2041/2041 2042/2042/2042 2043/2043/2043
f 2044/2044/2044 2045/2045/2045 2046/2046/2046
f 2047/2047/2047 2048/2048/2048 2049/2049/2049
f 2050/2050/2050 2051/2051/2051 2052/2052/2052
f 2053/2053/2053 2054/2054/2054 2055/2055/2055
f 2056/2056/2056 2057/2057/2057 2058/2058/2058
f 2059/2059/2059 2060/2060/2060 2061/2061/2061
f 2062/2062/2062 2063/2063/2063 2064/2064/2064
f 2065/2065/2065 2066/2066/2066 2067/2067/2067
f 2068/2068/2068 2069/2069/2069 2070/2070/2070
f 2071/2071/2071 2072/2072/2072 2073/2073/2073
f 2074/2074/2074 2075/2075/2075 2076/2076/2076
f 2077/2077/2077 2078/2078/2078 2079/2079/2079
f 2080/2080/2080 2081/2081/2081 2082/2082/2082
f 2083/2083/2083 2084/2084/2084 2085/2085/2085
f 2086/2086/2086 2087/2087/2087 2088/2088/2088
f 2089/2089/2089 2090/2090/2090 2091/2091/2091
f 2092/2092/2092 2093/2093/2093 2094/2094/2094
f 2095/2095/2095 2096/2096/2096 2097/2097/2097
f 2098/2098/2098 2099/2099/2099 2100/2100/2100
f 2101/2101/2101 2102/2102/2102 2103/2103/2103
f 2104/2104/2104 2105/2105/2105 2106/2106/2106
f 2107/2107/2107 2108/2108/2108 2109/2109/2109
f 2110/2110/2110 2111/2111/2111 2112/2112/2112
f 2113/2113/2113 2114/2114/2114 2115/2115/2115
f 2116/2116/2116 2117/2117/2117 2118/2118/2118
f 2119/2119/2119 2120/2120/2120 2121/2121/2121
f 2122/2122/2122 2123/2123/2123 2124/2124/2124
f 2125/2125/2125 2126/2126/2126 2127/2127/2127
f 2128/2128/2128 2129/2129/2129 2130/2130/2130
f 2131/2131/2131 2132/2132/2132 2133/2133/2133
f 2134/2134/2134 2135/2135/2135 2136/2136/2136
f 2137/2137/2137 2138/2138/2138 2139/2139/2139
f 2140/2140/2140 2141/2141/2141 2142/2142/2142
f 2143/2143/2143 2144/2144/2144 2145/2145/2145
f 2146/2146/2146 2147/2147/2147 2148/2148/2148
f 2149/2149/2149 2150/2150/2150 2151/2151/2151
f 2152/2152/2152 2153/2153/2153 2154/2154/2154
f 2155/2155/2155 2156/2156/2156 2157/2157/2157
f 2158/2158/2158 2159/2159/2159 2160/2160/2160
f 2161/2161/2161 2162/2162/2162 2163/2163/2163
f 2164/2164/2164 2165/2165/2165 2166/2166/2166
f 2167/2167/2167 2168/2168/2168 2169/2169/2169
f 2170/2170/2170 2171/2171/2171 2172/2172/2172
f 2173/2173/2173 2174/2174/2174 2175/2175/2175
f 2176/2176/2176 2177/2177/2177 2178/2178/2178
f 2179/2179/2179 2180/2180/2180 2181/2181/2181
f 2182/2182/2182 2183/2183/2183 2184/2184/2184
f 2185/2185/2185 2186/2186/2186 2187/2187/2187
f 2188/2188/2188 2189/2189/2189 2190/2190/2190
f 2191/2191/2191 2192/2192/2192 2193/2193/2193
f 2194/2194/2194 2195/2195/2195 2196/2196/2196
f 2197/2197/2197 2198/2198/2198 2199/2199/2199
f 2200/2200/2200 2201/2201/2201 2202/2202/2202
f 2203/2203/2203 2204/2204/2204 2205/2205/2205
f 2206/2206/2206 2207/2207/2207 2208/2208/2208
f 2209/2209/2209 2210/2210/2210 2211/2211/2211
f 2212/2212/2212 2213/2213/2213 2214/2214/2214
f 2215/2215/2215 2216/2216/2216 2217/2217/2217
f 2218/2218/2218 2219/2219/2219 2220/2220/2220
f 2221/2221/2221 2222/2222/2222 2223/2223/2223
f 2224/2224/2224 2225/2225/2225 2226/2226/2226
f 2227/2227/2227 2228/2228/2228 2229/2229/2229
f 2230/2230/2230 2231/2231/2231 2232/2232/2232
f 2233/2233/2233 2234/2234/2234 2235/2235/2235
f 2236/2236/2236 2237/2237/2237 2238/2238/2238
f 2239/2239/2239 2240/2240/2240 2241/2241/2241
f 2242/2242/2242 2243/2243/2243 2244/2244/2244
f 2245/2245/2245 2246/2246/2246 2247/2247/2247
f 2248/2248/2248 2249/2249/2249 2250/2250/2250
f 2251/2251/2251 2252/2252/2252 2253/2253/2253
f 2254/2254/2254 2255/2255/2255 2256/2256/2256
f 2257/2257/2257 2258/2258/2258 2259/2259/2259
f 2260/2260/2260 2261/2261/2261 2262/2262/2262
f 2263/2263/2263 2264/2264/2264 2265/2265/2265
f 2266/2266/2266 2267/2267/2267 2268/2268/2268
f 2269/2269/2269 2270/2270/2270 2271/2271/2271
f 2272/2272/2272 2273/2273/2273 2274/2274/2274
f 2275/2275/2275 2276/2276/2276 2277/2277/2277
f 2278/2278/2278 2279/2279/2279 2280/2280/2280
f 2281/2281/2281 2282/2282/2282 2283/2283/2283
f 2284/2284/2284 2285/2285/2285 2286/2286/2286
f 2287/2287/2287 2288/2288/2288 2289/2289/2289
f 2290/2290/2290 2291/2291/2291 2292/2292/2292
f 2293/2293/2293 2294/2294/2294 2295/2295/2295
f 2296/2296/2296 2297/2297/2297 2298/2298/2298
f 2299/2299/2299 2300/2300/2300 2301/2301/2301
f 2302/2302/2302 2303/2303/2303 2304/2304/2304
f 2305/2305/2305 2306/2306/2306 2307/2307/2307
f 2308/2308/2308 2309/2309/2309 2310/2310/2310
f 2311/2311/2311 2312/2312/2312 2313/2313/2313
f 2314/2314/2314 2315/2315/2315 2316/2316/2316
f 2317/2317/2317 2318/2318/2318 2319/2319/2319
f 2320/2320/2320 2321/2321/2321 2322/2322/2322
f 2323/2323/2323 2324/2324/2324 2325/2325/2325
f 2326/2326/2326 2327/2327/2327 2328/2328/2328
f 2329/2329/2329 2330/2330/2330 2331/2331/2331
f 2332/2332/2332 2333/2333/2333 2334/2334/2334
f 2335/2335/2335 2336/2336/2336 2337/2337/2337
f 2338/2338/2338 2339/2339/2339 2340/2340/2340
f 2341/2341/2341 2342/2342/2342 2343/2343/2343
f 2344/2344/2344 2345/2345/2345 2346/2346/2346
f 2347/2347/2347 2348/2348/2348 2349/2349/2349
f 2350/2350/2350 2351/2351/2351 2352/2352/2352
f 2353/2353/2353 2354/2354/2354 2355/2355/2355
f 2356/2356/2356 2357/2357/2357 2358/2358/2358
f 2359/2359/2359 2360/2360/2360 2361/2361/2361
f 2362/2362/2362 2363/2363/2363 2364/2364/2364
f 2365/2365/2365 2366/2366/2366 2367/2367/2367
f 2368/2368/2368 2369/2369/2369 2370/2370/2370
f 2371/2371/2371 2372/2372/2372 2373/2373/2373
f 2374/2374/2374 2375/2375/2375 2376/2376/2376
f 2377/2377/2377 2378/2378/2378 2379/2379/2379
f 2380/2380/2380 2381/2381/2381 2382/2382/2382
f 2383/2383/2383 2384/2384/2384 2385/2385/2385
f 2386/2386/2386 2387/2387/2387 2388/2388/2388
f 2389/2389/2389 2390/2390/2390 2391/2391/2391
f 2392/2392/2392 2393/2393/2393 2394/2394/2394
f 2395/2395/2395 2396/2396/2396 2397/2397/2397
f 2398/2398/2398 2399/2399/2399 2400/2400/2400
f 2401/2401/2401 2402/2402/2402 2403/2403/2403
f 2404/2404/2404 2405/2405/2405 2406/2406/2406
f 2407/2407/2407 2408/2408/2408 2409/2409/2409
f 2410/2410/2410 2411/2411/2411 2412/2412/2412
f 2413/2413/2413 2414/2414/2414 2415/2415/2415
f 2416/2416/2416 2417/2417/2417 2418/2418/2418
f 2419/2419/2419 2420/2420/2420 2421/2421/2421
f 2422/2422/2422 2423/2423/2423 2424/2424/2424
f 2425/2425/2425 2426/2426/2426 2427/2427/2427
f 2428/2428/2428 2429/2429/2429 2430/2430/2430
f 2431/2431/2431 2432/2432/2432 2433/2433/2433
f 2434/2434/2434 2435/2435/2435 2436/2436/2436
f 2437/2437/2437 2438/2438/2438 2439/2439/2439
f 2440/2440/2440 2441/2441/2441 2442/2442/2442
f 2443/2443/2443 2444/2444/2444 2445/2445/2445
f 2446/2446/2446 2447/2447/2447 2448/2448/2448
f 2449/2449/2449 2450/2450/2450 2451/2451/2451
f 2452/2452/2452 2453/2453/2453 2454/2454/2454
f 2455/2455/2455 2456/2456/2456 2457/2457/2457
f 2458/2458/2458 2459/2459/2459 2460/2460/2460
f 2461/2461/2461 2462/2462/2462 2463/2463/2463
f 2464/2464/2464 2465/2465/2465 2466/2466/2466
f 2467/2467/2467 2468/2468/2468 2469/2469/2469
f 2470/2470/2470 2471/2471/2471 2472/2472/2472
f 2473/2473/2473 2474/2474/2474 2475/2475/2475
f 2476/2476/2476 2477/2477/2477 2478/2478/2478
f 2479/2479/2479 2480/2480/2480 2481/2481/2481
f 2482/2482/2482 2483/2483/2483 2484/2484/2484
f 2485/2485/2485 2486/2486/2486 2487/2487/2487
f 2488/2488/2488 2489/2489/2489 2490/2490/2490
f 2491/2491/2491 2492/2492/2492 2493/2493/2493
f 2494/2494/2494 2495/2495/2495 2496/2496/2496
f 2497/2497/2497 2498/2498/2498 2499/2499/2499
f 2500/2500/2500 2501/2501/2501 2502/2502/2502
f 2503/2503/2503 2504/2504/2504 2505/2505/2505
f 2506/2506/2506 2507/2507/2507 2508/2508/2508
f 2509/2509/2509 2510/2510/2510 2511/2511/2511
f 2512/2512/2512 2513/2513/2513 2514/2514/2514
f 2515/2515/2515 2516/2516/2516 2517/2517/2517
f 2518/2518/2518 2519/2519/2519 2520/2520/2520
f 2521/2521/2521 2522/2522/2522 2523/2523/2523
f 2524/2524/2524 2525/2525/2525 2526/2526/2526
f 2527/2527/2527 2528/2528/2528 2529/2529/2529
f 2530/2530/2530 2531/2531/2531 2532/2532/2532
f 2533/2533/2533 2534/2534/2534 2535/2535/2535
f 2536/2536/2536 2537/2537/2537 2538/2538/2538
f 2539/2539/2539 2540/2540/2540 2541/2541/2541
f 2542/2542/2542 2543/2543/2543 2544/2544/2544
f 2545/2545/2545 2546/2546/2546 2547/2547/2547
f 2548/2548/2548 2549/2549/2549 2550/2550/2550
f 2551/2551/2551 2552/2552/2552 2553/2553/2553
f 2554/2554/2554 2555/2555/2555 2556/2556/2556
f 2557/2557/2557 2558/2558/2558 2559/2559/2559
f 2560/2560/2560 2561/2561/2561 2562/2562/2562
f 2563/2563/2563 2564/2564/2564 2565/2565/2565
f 2566/2566/2566 2567/2567/2567 2568/2568/2568
f 2569/2569/2569 2570/2570/2570 2571/2571/2571
f 2572/2572/2572 2573/2573/2573 2574/2574/2574
f 2575/2575/2575 2576/2576/2576 2577/2577/2577
f 2578/2578/2578 2579/2579/2579 2580/2580/2580
f 2581/2581/2581 2582/2582/2582 2583/2583/2583
f 2584/2584/2584 2585/2585/2585 2586/2586/2586
f 2587/2587/2587 2588/2588/2588 2589/2589/2589
f 2590/2590/2590 2591/2591/2591 2592/2592/2592
f 2593/2593/2593 2594/2594/2594 2595/2595/2595
f 2596/2596/2596 2597/2597/2597 2598/2598/2598
f 2599/2599/2599 2600/2600/2600 2601/2601/2601
f 2602/2602/2602 2603/2603/2603 2604/2604/2604
f 2605/2605/2605 2606/2606/2606 2607/2607/2607
f 2608/2608/2608 2609/2609/2609 2610/2610/2610
f 2611/2611/2611 2612/2612/2612 2613/2613/2613
f 2614/2614/2614 2615/2615/2615 2616/2616/2616
f 2617/2617/2617 2618/2618/2618 2619/2619/2619
f 2620/2620/2620 2621/2621/2621 2622/2622/2622
f 2623/2623/2623 2624/2624/2624 2625/2625/2625
f 2626/2626/2626 2627/2627/2627 2628/2628/2628
f 2629/2629/2629 2630/2630/2630 2631/2631/2631
f 2632/2632/2632 2633/2633/2633 2634/2634/2634
f 2635/2635/2635 2636/2636/2636 2637/2637/2637
f 2638/2638/2638 2639/2639/2639 2640/2640/2640
f 2641/2641/2641 2642/2642/2642 2643/2643/2643
f 2644/2644/2644 2645/2645/2645 2646/2646/2646
f 2647/2647/2647 2648/2648/2648 2649/2649/2649
f 2650/2650/2650 2651/2651/2651 2652/2652/2652
f 2653/2653/2653 2654/2654/2654 2655/2655/2655
f 2656/2656/2656 2657/2657/2657 2658/2658/2658
f 2659/2659/2659 2660/2660/2660 2661/2661/2661
f 2662/2662/2662 2663/2663/2663 2664/2664/2664
f 2665/2665/2665 2666/2666/2666 2667/2667/2667
f 2668/2668/2668 2669/2669/2669 2670/2670/2670
f 2671/2671/2671 2672/2672/2672 2673/2673/2673
f 2674/2674/2674 2675/2675/2675 2676/2676/2676
f 2677/2677/2677 2678/2678/2678 2679/2679/2679
f 2680/2680/2680 2681/2681/2681 2682/2682/2682
f 2683/2683/2683 2684/2684/2684 2685/2685/2685
f 2686/2686/2686 2687/2687/2687 2688/2688/2688
f 2689/2689/2689 2690/2690/2690 2691/2691/2691
f 2692/2692/2692 2693/2693/2693 2694/2694/2694
f 2695/2695/2695 2696/2696/2696 2697/2697/2697
f 2698/2698/2698 2699/2699/2699 2700/2700/2700
f 2701/2701/2701 2702/2702/2702 2703/2703/2703
f 2704/2704/2704 2705/2705/2705 2706/2706/2706
f 2707/2707/2707 2708/2708/2708 2709/2709/2709
f 2710/2710/2710 2711/2711/2711 2712/2712/2712
f 2713/2713/2713 2714/2714/2714 2715/2715/2715
f 2716/2716/2716 2717/2717/2717 2718/2718/2718
f 2719/2719/2719 2720/2720/2720 2721/2721/2721
f 2722/2722/2722 2723/2723/2723 2724/2724/2724
f 2725/2725/2725 2726/2726/2726 2727/2727/2727
f 2728/2728/2728 2729/2729/2729 2730/2730/2730
f 2731/2731/2731 2732/2732/2732 2733/2733/2733
f 2734/2734/2734 2735/2735/2735 2736/2736/2736
f 2737/2737/2737 2738/2738/2738 2739/2739/2739
f 2740/2740/2740 2741/2741/2741 2742/2742/2742
f 2743/2743/2743 2744/2744/2744 2745/2745/2745
f 2746/2746/2746 2747/2747/2747 2748/2748/2748
f 2749/2749/2749 2750/2750/2750 2751/2751/2751
f 2752/2752/2752 2753/2753/2753 2754/2754/2754
f 2755/2755/2755 2756/2756/2756 2757/2757/2757
f 2758/2758/2758 2759/2759/2759 2760/2760/2760
f 2761/2761/2761 2762/2762/2762 2763/2763/2763
f 2764/2764/2764 2765/2765/2765 2766/2766/2766
f 2767/2767/2767 2768/2768/2768 2769/2769/2769
f 2770/2770/2770 2771/2771/2771 2772/2772/2772
f 2773/2773/2773 2774/2774/2774 2775/2775/2775
f 2776/2776/2776 2777/2777/2777 2778/2778/2778
f 2779/2779/2779 2780/2780/2780 2781/2781/2781
f 2782/2782/2782 2783/2783/2783 2784/2784/2784
f 2785/2785/2785 2786/2786/2786 2787/2787/2787
f 2788/2788/2788 2789/2789/2789 2790/2790/2790
f 2791/2791/2791 2792/2792/2792 2793/2793/2793
f 2794/2794/2794 2795/2795/2795 2796/2796/2796
f 2797/2797/2797 2798/2798/2798 2799/2799/2799
f 2800/2800/2800 2801/2801/2801 2802/2802/2802
f 2803/2803/2803 2804/2804/2804 2805/2805/2805
f 2806/2806/2806 2807/2807/2807 2808/2808/2808
f 2809/2809/2809 2810/2810/2810 2811/2811/2811
f 2812/2812/2812 2813/2813/2813 2814/2814/2814
f 2815/2815/2815 2816/2816/2816 2817/2817/2817
f 2818/2818/2818 2819/2819/2819 2820/2820/2820
f 2821/2821/2821 2822/2822/2822 2823/2823/2823
f 2824/2824/2824 2825/2825/2825 2826/2826/2826
f 2827/2827/2827 2828/2828/2828 2829/2829/2829
f 2830/2830/2830 2831/2831/2831 2832/2832/2832
f 2833/2833/2833 2834/2834/2834 2835/2835/2835
f 2836/2836/2836 2837/2837/2837 2838/2838/2838
f 2839/2839/2839 2840/2840/2840 2841/2841/2841
f 2842/2842/2842 2843/2843/2843 2844/2844/2844
f 2845/2845/2845 2846/2846/2846 2847/2847/2847
f 2848/2848/2848 2849/2849/2849 2850/2850/2850
f 2851/2851/2851 2852/2852/2852 2853/2853/2853
f 2854/2854/2854 2855/2855/2855 2856/2856/2856
f 2857/2857/2857 2858/2858/2858 2859/2859/2859
f 2860/2860/2860 2861/2861/2861 2862/2862/2862
f 2863/2863/2863 2864/2864/2864 2865/2865/2865
f 2866/2866/2866 2867/2867/2867 2868/2868/2868
f 2869/2869/2869 2870/2870/2870 2871/2871/2871
f 2872/2872/2872 2873/2873/2873 2874/2874/2874
f 2875/2875/2875 2876/2876/2876 2877/2877/2877
f 2878/2878/2878 2879/2879/2879 2880/2880/2880
f 2881/2881/2881 2882/2882/2882 2883/2883/2883
f 2884/2884/2884 2885/2885/2885 2886/2886/2886
f 2887/2887/2887 2888/2888/2888 2889/2889/2889
f 2890/2890/2890 2891/2891/2891 2892/2892/2892
f 2893/2893/2893 2894/2894/2894 2895/2895/2895
f 2896/2896/2896 2897/2897/2897 2898/2898/2898
f 2899/2899/2899 2900/2900/2900 2901/2901/2901
f 2902/2902/2902 2903/2903/2903 2904/2904/2904
f 2905/2905/2905 2906/2906/2906 2907/2907/2907
f 2908/2908/2908 2909/2909/2909 2910/2910/2910
f 2911/2911/2911 2912/2912/2912 2913/2913/2913
f 2914/2914/2914 2915/2915/2915 2916/2916/2916
f 2917/2917/2917 2918/2918/2918 2919/2919/2919
f 2920/2920/2920 2921/2921/2921 2922/2922/2922
f 2923/2923/2923 2924/2924/2924 2925/2925/2925
f 2926/2926/2926 2927/2927/2927 2928/2928/2928
f 2929/2929/2929 2930/2930/2930 2931/2931/2931
f 2932/2932/2932 2933/2933/2933 2934/2934/2934
f 2935/2935/2935 2936/2936/2936 2937/2937/2937
f 2938/2938/2938 2939/2939/2939 2940/2940/2940
f 2941/2941/2941 2942/2942/2942 2943/2943/2943
f 2944/2944/2944 2945/2945/2945 2946/2946/2946
f 2947/2947/2947 2948/2948/2948 2949/2949/2949
f 2950/2950/2950 2951/2951/2951 2952/2952/2952
f 2953/2953/2953 2954/2954/2954 2955/2955/2955
f 2956/2956/2956 2957/2957/2957 2958/2958/2958
f 2959/2959/2959 2960/2960/2960 2961/2961/2961
f 2962/2962/2962 2963/2963/2963 2964/2964/2964
f 2965/2965/2965 2966/2966/2966 2967/2967/2967
f 2968/2968/2968 2969/2969/2969 2970/2970/2970
f 2971/2971/2971 2972/2972/2972 2973/2973/2973
f 2974/2974/2974 2975/2975/2975 2976/2976/2976
f 2977/2977/2977 2978/2978/2978 2979/2979/2979
f 2980/2980/2980 2981/2981/2981 2982/2982/2982
f 2983/2983/2983 2984/2984/2984 2985/2985/2985
f 2986/2986/2986 2987/2987/2987 2988/2988/2988
f 2989/2989/2989 2990/2990/2990 2991/2991/2991
f 2992/2992/2992 2993/2993/2993 2994/2994/2994
f 2995/2995/2995 2996/2996/2996 2997/2997/2997
f 2998/2998/2998 2999/2999/2999 3000/3000/3000
f 3001/3001/3001 3002/3002/3002 3003/3003/3003
f 3004/3004/3004 3005/3005/3005 3006/3006/3006
f 3007/3007/3007 3008/3008/3008 3009/3009/3009
f 3010/3010/3010 3011/3011/3011 3012/3012/3012
f 3013/3013/3013 3014/3014/3014 3015/3015/3015
f 3016/3016/3016 3017/3017/3017 3018/3018/3018
f 3019/3019/3019 3020/3020/3020 3021/3021/3021
f 3022/3022/3022 3023/3023/3023 3024/3024/3024
f 3025/3025/3025 3026/3026/3026 3027/3027/3027
f 3028/3028/3028 3029/3029/3029 3030/3030/3030
f 3031/3031/3031 3032/3032/3032 3033/3033/3033
f 3034/3034/3034 3035/3035/3035 3036/3036/3036
f 3037/3037/3037 3038/3038/3038 3039/3039/3039
f 3040/3040/3040 3041/3041/3041 3042/3042/3042
f 3043/3043/3043 3044/3044/3044 3045/3045/3045
f 3046/3046/3046 3047/3047/3047 3048/3048/3048
f 3049/3049/3049 3050/3050/3050 3051/3051/3051
f 3052/3052/3052 3053/3053/3053 3054/3054/3054
f 3055/3055/3055 3056/3056/3056 3057/3057/3057
f 3058/3058/3058 3059/3059/3059 3060/3060/3060
f 3061/3061/3061 3062/3062/3062 3063/3063/3063
f 3064/3064/3064 3065/3065/3065 3066/3066/3066
f 3067/3067/3067 3068/3068/3068 3069/3069/3069
f 3070/3070/3070 3071/3071/3071 3072/3072/3072
f 3073/3073/3073 3074/3074/3074 3075/3075/3075
f 3076/3076/3076 3077/3077/3077 3078/3078/3078
f 3079/3079/3079 3080/3080/3080 3081/3081/3081
f 3082/3082/3082 3083/3083/3083 3084/3084/3084
f 3085/3085/3085 3086/3086/3086 3087/3087/3087
f 3088/3088/3088 3089/3089/3089 3090/3090/3090
f 3091/3091/3091 3092/3092/3092 3093/3093/3093
f 3094/3094/3094 3095/3095/3095 3096/3096/3096
f 3097/3097/3097 3098/3098/3098 3099/3099/3099
f 3100/3100/3100 3101/3101/3101 3102/3102/3102
f 3103/3103/3103 3104/3104/3104 3105/3105/3105
f 3106/3106/3106 3107/3107/3107 3108/3108/3108
f 3109/3109/3109 3110/3110/3110 3111/3111/3111
f 3112/3112/3112 3113/3113/3113 3114/3114/3114
f 3115/3115/3115 3116/3116/3116 3117/3117/3117
f 3118/3118/3118 3119/3119/3119 3120/3120/3120
f 3121/3121/3121 3122/3122/3122 3123/3123/3123
f 3124/3124/3124 3125/3125/3125 3126/3126/3126
f 3127/3127/3127 3128/3128/3128 3129/3129/3129
f 3130/3130/3130 3131/3131/3131 3132/3132/3132
f 3133/3133/3133 3134/3134/3134 3135/3135/3135
f 3136/3136/3136 3137/3137/3137 3138/3138/3138
f 3139/3139/3139 3140/3140/3140 3141/3141/3141
f 3142/3142/3142 3143/3143/3143 3144/3144/3144
f 3145/3145/3145 3146/3146/3146 3147/3147/3147
f 3148/3148/3148 3149/3149/3149 3150/3150/3150
f 3151/3151/3151 3152/3152/3152 3153/3153/3153
f 3154/3154/3154 3155/3155/3155 3156/3156/3156
f 3157/3157/3157 3158/3158/3158 3159/3159/3159
f 3160/3160/3160 3161/3161/3161 3162/3162/3162
f 3163/3163/3163 3164/3164/3164 3165/3165/3165
f 3166/3166/3166 3167/3167/3167 3168/3168/3168
f 3169/3169/3169 3170/3170/3170 3171/3171/3171
f 3172/3172/3172 3173/3173/3173 3174/3174/3174
f 3175/3175/3175 3176/3176/3176 3177/3177/3177
f 3178/3178/3178 3179/3179/3179 3180/3180/3180
f 3181/3181/3181 3182/3182/3182 3183/3183/3183
f 3184/3184/3184 3185/3185/3185 3186/3186/3186
f 3187/3187/3187 3188/3188/3188 3189/3189/3189
f 3190/3190/3190 3191/3191/3191 3192/3192/3192
f 3193/3193/3193 3194/3194/3194 3195/3195/3195
f 3196/3196/3196 3197/3197/3197 3198/3198/3198
f 3199/3199/3199 3200/3200/3200 3201/3201/3201
f 3202/3202/3202 3203/3203/3203 3204/3204/3204
f 3205/3205/3205 3206/3206/3206 3207/3207/3207
f 3208/3208/3208 3209/3209/3209 3210/3210/3210
f 3211/3211/3211 3212/3212/3212 3213/3213/3213
f 3214/3214/3214 3215/3215/3215 3216/3216/3216
f 3217/3217/3217 3218/3218/3218 3219/3219/3219
f 3220/3220/3220 3221/3221/3221 3222/3222/3222
f 3223/3223/3223 3224/3224/3224 3225/3225/3225
f 3226/3226/3226 3227/3227/3227 3228/3228/3228
f 3229/3229/3229 3230/3230/3230 3231/3231/3231
f 3232/3232/3232 3233/3233/3233 3234/3234/3234
f 3235/3235/3235 3236/3236/3236 3237/3237/3237
f 3238/3238/3238 3239/3239/3239 3240/3240/3240
f 3241/3241/3241 3242/3242/3242 3243/3243/3243
f 3244/3244/3244 3245/3245/3245 3246/3246/3246
f 3247/3247/3247 3248/3248/3248 3249/3249/3249
f 3250/3250/3250 3251/3251/3251 3252/3252/3252
f 3253/3253/3253 3254/3254/3254 3255/3255/3255
f 3256/3256/3256 3257/3257/3257 3258/3258/3258
f 3259/3259/3259 3260/3260/3260 3261/3261/3261
f 3262/3262/3262 3263/3263/3263 3264/3264/3264
f 3265/3265/3265 3266/3266/3266 3267/3267/3267
f 3268/3268/3268 3269/3269/3269 3270/3270/3270
f 3271/3271/3271 3272/3272/3272 3273/3273/3273
f 3274/3274/3274 3275/3275/3275 3276/3276/3276
f 3277/3277/3277 3278/3278/3278 3279/3279/3279
f 3280/3280/3280 3281/3281/3281 3282/3282/3282
f 3283/3283/3283 3284/3284/3284 3285/3285/3285
f 3286/3286/3286 3287/3287/3287 3288/3288/3288
f 3289/3289/3289 3290/3290/3290 3291/3291/3291
f 3292/3292/3292 3293/3293/3293 3294/3294/3294
f 3295/3295/3295 3296/3296/3296 3297/3297/3297
f 3298/3298/3298 3299/3299/3299 3300/3300/3300
f 3301/3301/3301 3302/3302/3302 3303/3303/3303
f 3304/3304/3304 3305/3305/3305 3306/3306/3306
f 3307/3307/3307 3308/3308/3308 3309/3309/3309
f 3310/3310/3310 3311/3311/3311 3312/3312/3312
f 3313/3313/3313 3314/3314/3314 3315/3315/3315
f 3316/3316/3316 3317/3317/3317 3318/3318/3318
f 3319/3319/3319 3320/3320/3320 3321/3321/3321
f 3322/3322/3322 3323/3323/3323 3324/3324/3324
f 3325/3325/3325 3326/3326/3326 3327/3327/3327
f 3328/3328/3328 3329/3329/3329 3330/3330/3330
f 3331/3331/3331 3332/3332/3332 3333/3333/3333
f 3334/3334/3334 3335/3335/3335 3336/3336/3336
f 3337/3337/3337 3338/3338/3338 3339/3339/3339
f 3340/3340/3340 3341/3341/3341 3342/3342/3342
f 3343/3343/3343 3344/3344/3344 3345/3345/3345
f 3346/3346/3346 3347/3347/3347 3348/3348/3348
f 3349/3349/3349 3350/3350/3350 3351/3351/3351
f 3352/3352/3352 3353/3353/3353 3354/3354/3354
f 3355/3355/3355 3356/3356/3356 3357/3357/3357
f 3358/3358/3358 3359/3359/3359 3360/3360/3360
f 3361/3361/3361 3362/3362/3362 3363/3363/3363
f 3364/3364/3364 3365/3365/3365 3366/3366/3366
f 3367/3367/3367 3368/3368/3368 3369/3369/3369
f 3370/3370/3370 3371/3371/3371 3372/3372/3372
f 3373/3373/3373 3374/3374/3374 3375/3375/3375
f 3376/3376/3376 3377/3377/3377 3378/3378/3378
f 3379/3379/3379 3380/3380/3380 3381/3381/3381
f 3382/3382/3382 3383/3383/3383 3384/3384/3384
f 3385/3385/3385 3386/3386/3386 3387/3387/3387
f 3388/3388/3388 3389/3389/3389 3390/3390/3390
f 3391/3391/3391 3392/3392/3392 3393/3393/3393
f 3394/3394/3394 3395/3395/3395 3396/3396/3396
f 3397/3397/3397 3398/3398/3398 3399/3399/3399
f 3400/3400/3400 3401/3401/3401 3402/3402/3402
f 3403/3403/3403 3404/3404/3404 3405/3405/3405
f 3406/3406/3406 3407/3407/3407 3408/3408/3408
f 3409/3409/3409 3410/3410/3410 3411/3411/3411
f 3412/3412/3412 3413/3413/3413 3414/3414/3414
f 3415/3415/3415 3416/3416/3416 3417/3417/3417
f 3418/3418/3418 3419/3419/3419 3420/3420/3420
f 3421/3421/3421 3422/3422/3422 3423/3423/3423
f 3424/3424/3424 3425/3425/3425 3426/3426/3426
f 3427/3427/3427 3428/3428/3428 3429/3429/3429
f 3430/3430/3430 3431/3431/3431 3432/3432/3432
f 3433/3433/3433 3434/3434/3434 3435/3435/3435
f 3436/3436/3436 3437/3437/3437 3438/3438/3438
f 3439/3439/3439 3440/3440/3440 3441/3441/3441
f 3442/3442/3442 3443/3443/3443 3444/3444/3444
f 3445/3445/3445 3446/3446/3446 3447/3447/3447
f 3448/3448/3448 3449/3449/3449 3450/3450/3450
f 3451/3451/3451 3452/3452/3452 3453/3453/3453
f 3454/3454/3454 3455/3455/3455 3456/3456/3456
